step,epoch,layer,weight_delta_abs,weight_delta_rel,grad_cossim_train_vs_safety,grad_cossim_whole_model,cossim_intra_math,cossim_intra_safety,train_loss,math_val_loss,safety_val_loss
20,1,layer_0.attn_o,0.034954920411109924,0.0017148424034401472,0.11193113029003143,0.057467903941869736,0.02701083244755864,0.09670536033809185,1.3793835282325744,1.2235919907689095,1.2785270661115646
20,1,layer_0.mlp_down,0.09580419212579727,0.0029428834910606404,0.013789624907076359,0.057467903941869736,0.007786929374560714,0.06025405609980226,1.3793835282325744,1.2235919907689095,1.2785270661115646
20,1,layer_1.attn_o,0.03450216352939606,0.0014296252958286425,0.07396503537893295,0.057467903941869736,-0.017071929574012757,0.1038597971200943,1.3793835282325744,1.2235919907689095,1.2785270661115646
20,1,layer_1.mlp_down,0.12177407741546631,0.006478384595808173,0.016671957448124886,0.057467903941869736,0.007112510287333862,0.061778083257377145,1.3793835282325744,1.2235919907689095,1.2785270661115646
20,1,layer_2.attn_o,0.032730769366025925,0.0014382375151729917,0.014390326105058193,0.057467903941869736,0.004431040387134999,0.09661323092877865,1.3793835282325744,1.2235919907689095,1.2785270661115646
20,1,layer_2.mlp_down,0.11324624717235565,0.006148331306192811,0.0655258446931839,0.057467903941869736,0.011465757247060537,0.09220822490751743,1.3793835282325744,1.2235919907689095,1.2785270661115646
20,1,layer_3.attn_o,0.034215714782476425,0.0015201837376934355,0.019744081422686577,0.057467903941869736,0.0005163079651538283,0.10491088554263114,1.3793835282325744,1.2235919907689095,1.2785270661115646
20,1,layer_3.mlp_down,0.12006848305463791,0.005474934192015886,0.06479858607053757,0.057467903941869736,0.01599933237885125,0.07209316045045852,1.3793835282325744,1.2235919907689095,1.2785270661115646
20,1,layer_4.attn_o,0.03895184025168419,0.002118198571472242,0.023285560309886932,0.057467903941869736,0.003905606979969889,0.09108996614813805,1.3793835282325744,1.2235919907689095,1.2785270661115646
20,1,layer_4.mlp_down,0.1109425276517868,0.0035070465170339176,0.07822740823030472,0.057467903941869736,0.01122730866773054,0.10793935656547546,1.3793835282325744,1.2235919907689095,1.2785270661115646
20,1,layer_5.attn_o,0.034895699471235275,0.0013815949327242625,0.10104864835739136,0.057467903941869736,-0.0436470041051507,0.22624767906963825,1.3793835282325744,1.2235919907689095,1.2785270661115646
20,1,layer_5.mlp_down,0.1265256702899933,0.005103070927002282,0.05006955564022064,0.057467903941869736,0.008635699877049773,0.06301891170442105,1.3793835282325744,1.2235919907689095,1.2785270661115646
20,1,layer_6.attn_o,0.039916399866342545,0.002171102316906368,0.014277124777436256,0.057467903941869736,0.009599909954704344,0.09817930869758129,1.3793835282325744,1.2235919907689095,1.2785270661115646
20,1,layer_6.mlp_down,0.12728779017925262,0.00544800175496506,0.06889715790748596,0.057467903941869736,0.007604162907227874,0.10199597775936127,1.3793835282325744,1.2235919907689095,1.2785270661115646
20,1,layer_7.attn_o,0.033220600336790085,0.0010509515231097333,0.04245107248425484,0.057467903941869736,0.016359391226433217,0.17176372334361076,1.3793835282325744,1.2235919907689095,1.2785270661115646
20,1,layer_7.mlp_down,0.11835185438394547,0.0038706145749147084,0.07154767960309982,0.057467903941869736,0.02115991497412324,0.1316435758024454,1.3793835282325744,1.2235919907689095,1.2785270661115646
20,1,layer_8.attn_o,0.034205760806798935,0.0010903891693235443,0.029616516083478928,0.057467903941869736,0.031896413676440714,0.16118638254702092,1.3793835282325744,1.2235919907689095,1.2785270661115646
20,1,layer_8.mlp_down,0.11944498121738434,0.003872879472775307,0.04380464553833008,0.057467903941869736,0.01788180643925443,0.17653806880116463,1.3793835282325744,1.2235919907689095,1.2785270661115646
20,1,layer_9.attn_o,0.03379565104842186,0.001126495631692535,0.02747575007379055,0.057467903941869736,0.03266694447956979,0.26235597878694533,1.3793835282325744,1.2235919907689095,1.2785270661115646
20,1,layer_9.mlp_down,0.15011122822761536,0.007611369564140561,0.05332820117473602,0.057467903941869736,0.02803706955164671,0.23590380251407622,1.3793835282325744,1.2235919907689095,1.2785270661115646
20,1,layer_10.attn_o,0.04469447210431099,0.0024310385156863534,0.03346642851829529,0.057467903941869736,0.023996201017871498,0.2964306890964508,1.3793835282325744,1.2235919907689095,1.2785270661115646
20,1,layer_10.mlp_down,0.12242021411657333,0.0036556630866530176,0.10521658509969711,0.057467903941869736,0.0535760854894761,0.3347083851695061,1.3793835282325744,1.2235919907689095,1.2785270661115646
20,1,layer_11.attn_o,0.038366228342056274,0.0015981546633569862,0.07463084906339645,0.057467903941869736,0.022395743685774506,0.4803630828857422,1.3793835282325744,1.2235919907689095,1.2785270661115646
20,1,layer_11.mlp_down,0.1585557460784912,0.008852208290072185,0.06209971755743027,0.057467903941869736,0.025905572529882192,0.3248221278190613,1.3793835282325744,1.2235919907689095,1.2785270661115646
20,1,layer_12.attn_o,0.03691316395998001,0.0013300628634014885,0.018151327967643738,0.057467903941869736,0.02230971190147102,0.293175645172596,1.3793835282325744,1.2235919907689095,1.2785270661115646
20,1,layer_12.mlp_down,0.13055995106697083,0.004852123754397679,0.0225897878408432,0.057467903941869736,0.018071484891697763,0.2008068561553955,1.3793835282325744,1.2235919907689095,1.2785270661115646
20,1,layer_13.attn_o,0.03802403807640076,0.001974422728701056,0.016873152926564217,0.057467903941869736,0.024592328630387784,0.20509943962097169,1.3793835282325744,1.2235919907689095,1.2785270661115646
20,1,layer_13.mlp_down,0.13390475511550903,0.006370478099893784,0.01947292499244213,0.057467903941869736,0.021756238536909223,0.17272208407521247,1.3793835282325744,1.2235919907689095,1.2785270661115646
20,1,layer_14.attn_o,0.031168950721621513,0.001088709434385451,0.019561603665351868,0.057467903941869736,0.02413638890720904,0.23410587534308433,1.3793835282325744,1.2235919907689095,1.2785270661115646
20,1,layer_14.mlp_down,0.12993761897087097,0.005821961076160432,0.02137286402285099,0.057467903941869736,0.027144309565483127,0.22486476451158524,1.3793835282325744,1.2235919907689095,1.2785270661115646
20,1,layer_15.attn_o,0.04063750430941582,0.002210310091133941,0.04885200411081314,0.057467903941869736,0.04722215204965323,0.3519299790263176,1.3793835282325744,1.2235919907689095,1.2785270661115646
20,1,layer_15.mlp_down,0.12437665462493896,0.004886994616744415,0.012957941740751266,0.057467903941869736,0.014071576204150915,0.12836093716323377,1.3793835282325744,1.2235919907689095,1.2785270661115646
20,1,layer_16.attn_o,0.036108504980802536,0.001612990301772268,0.016262011602520943,0.057467903941869736,0.017134152201469986,0.1668612152338028,1.3793835282325744,1.2235919907689095,1.2785270661115646
20,1,layer_16.mlp_down,0.1117297038435936,0.003404091320289622,0.0224788635969162,0.057467903941869736,0.012865111039718612,0.11673003658652306,1.3793835282325744,1.2235919907689095,1.2785270661115646
20,1,layer_17.attn_o,0.03687117248773575,0.0021356332120613442,0.0360778272151947,0.057467903941869736,0.007093616908969124,0.2916521891951561,1.3793835282325744,1.2235919907689095,1.2785270661115646
20,1,layer_17.mlp_down,0.12178725004196167,0.004936441614872491,0.012564445845782757,0.057467903941869736,0.009460574996774085,0.12324721813201904,1.3793835282325744,1.2235919907689095,1.2785270661115646
20,1,layer_18.attn_o,0.03558964654803276,0.0018474227391124787,0.013130459934473038,0.057467903941869736,0.0033125099027529357,0.14681274220347404,1.3793835282325744,1.2235919907689095,1.2785270661115646
20,1,layer_18.mlp_down,0.11868926882743835,0.004713746086167082,0.021003203466534615,0.057467903941869736,0.01214578552171588,0.13698516562581062,1.3793835282325744,1.2235919907689095,1.2785270661115646
20,1,layer_19.attn_o,0.03491244837641716,0.002007765067264407,0.0170030128210783,0.057467903941869736,0.004063042206689715,0.15452391598373652,1.3793835282325744,1.2235919907689095,1.2785270661115646
20,1,layer_19.mlp_down,0.11653919517993927,0.004829637894153126,0.01821707747876644,0.057467903941869736,0.009545943955890835,0.12966970074921846,1.3793835282325744,1.2235919907689095,1.2785270661115646
20,1,layer_20.attn_o,0.03229155391454697,0.001054224002299322,0.019772185012698174,0.057467903941869736,0.019965477287769318,0.24080303758382798,1.3793835282325744,1.2235919907689095,1.2785270661115646
20,1,layer_20.mlp_down,0.1306852251291275,0.007052498597048771,0.029367726296186447,0.057467903941869736,0.015420022560283542,0.1582708589732647,1.3793835282325744,1.2235919907689095,1.2785270661115646
20,1,layer_21.attn_o,0.038736581802368164,0.0015647541018971693,0.05500296130776405,0.057467903941869736,0.04832831392704975,0.3822642728686333,1.3793835282325744,1.2235919907689095,1.2785270661115646
20,1,layer_21.mlp_down,0.1013026311993599,0.0034171016012911476,0.03533455729484558,0.057467903941869736,0.015639141644351186,0.09468626119196415,1.3793835282325744,1.2235919907689095,1.2785270661115646
20,1,layer_22.attn_o,0.03284277021884918,0.0011675020076422889,0.01570162922143936,0.057467903941869736,0.018106142291799188,0.12674998492002487,1.3793835282325744,1.2235919907689095,1.2785270661115646
20,1,layer_22.mlp_down,0.10311673581600189,0.0035907936553189693,0.039838988333940506,0.057467903941869736,0.019535787822678684,0.1216613546013832,1.3793835282325744,1.2235919907689095,1.2785270661115646
20,1,layer_23.attn_o,0.0369054339826107,0.0016863358157678723,0.03907332569360733,0.057467903941869736,0.021418862976133823,0.22110721692442895,1.3793835282325744,1.2235919907689095,1.2785270661115646
20,1,layer_23.mlp_down,0.10004313290119171,0.0030864960618371424,0.04926073178648949,0.057467903941869736,0.02002769014798105,0.13045830242335796,1.3793835282325744,1.2235919907689095,1.2785270661115646
20,1,layer_24.attn_o,0.04684221372008324,0.002448502736541079,0.06775147467851639,0.057467903941869736,0.045055982377380135,0.32286460846662524,1.3793835282325744,1.2235919907689095,1.2785270661115646
20,1,layer_24.mlp_down,0.12411519885063171,0.005505766049587104,0.08537586033344269,0.057467903941869736,0.026080375257879495,0.182020216435194,1.3793835282325744,1.2235919907689095,1.2785270661115646
20,1,layer_25.attn_o,0.042186785489320755,0.0019392248940344296,0.07286524027585983,0.057467903941869736,0.024954021070152523,0.20290202349424363,1.3793835282325744,1.2235919907689095,1.2785270661115646
20,1,layer_25.mlp_down,0.13920967280864716,0.007568481326209024,0.18535450100898743,0.057467903941869736,0.028720213926862925,0.10678005628287793,1.3793835282325744,1.2235919907689095,1.2785270661115646
40,1,layer_0.attn_o,0.07659277319908142,0.003757541731024552,0.030217936262488365,0.02363850362598896,-0.026912457356229425,0.2051015908829868,1.082913911342621,1.069430984556675,1.2859617918729782
40,1,layer_0.mlp_down,0.2294713258743286,0.007048852219260109,0.0026565156877040863,0.02363850362598896,0.0021956469863653183,0.10455491989850998,1.082913911342621,1.069430984556675,1.2859617918729782
40,1,layer_1.attn_o,0.07205059379339218,0.002985475139225587,-0.0011379930656403303,0.02363850362598896,-0.0025839097565039993,0.170884121209383,1.082913911342621,1.069430984556675,1.2859617918729782
40,1,layer_1.mlp_down,0.2777910530567169,0.014778493910875802,0.007487636059522629,0.02363850362598896,-0.0003886759746819735,0.10685338266193867,1.082913911342621,1.069430984556675,1.2859617918729782
40,1,layer_2.attn_o,0.0718243271112442,0.003156065451930849,0.003531097201630473,0.02363850362598896,0.003765541862230748,0.1571678403764963,1.082913911342621,1.069430984556675,1.2859617918729782
40,1,layer_2.mlp_down,0.2759832441806793,0.014983630599805418,0.01181888859719038,0.02363850362598896,-0.0009249465540051461,0.14203294217586518,1.082913911342621,1.069430984556675,1.2859617918729782
40,1,layer_3.attn_o,0.07167582213878632,0.0031845147060230337,0.0006654648459516466,0.02363850362598896,0.007139749126508832,0.16919081658124924,1.082913911342621,1.069430984556675,1.2859617918729782
40,1,layer_3.mlp_down,0.268914133310318,0.012262079060967317,-0.0015050119254738092,0.02363850362598896,0.0012947519891895354,0.12772265523672105,1.082913911342621,1.069430984556675,1.2859617918729782
40,1,layer_4.attn_o,0.08294063061475754,0.004510311312516921,-0.006954177748411894,0.02363850362598896,0.01258955489611253,0.144424619525671,1.082913911342621,1.069430984556675,1.2859617918729782
40,1,layer_4.mlp_down,0.2338436096906662,0.007392155555557332,0.014241689816117287,0.02363850362598896,0.006186417909339071,0.1794551968574524,1.082913911342621,1.069430984556675,1.2859617918729782
40,1,layer_5.attn_o,0.07279610633850098,0.002882154795959687,-0.02479727566242218,0.02363850362598896,-0.04472809992730618,0.3285342812538147,1.082913911342621,1.069430984556675,1.2859617918729782
40,1,layer_5.mlp_down,0.2584935426712036,0.010425688091249868,-0.008728555403649807,0.02363850362598896,0.0006560066656675189,0.12514202669262886,1.082913911342621,1.069430984556675,1.2859617918729782
40,1,layer_6.attn_o,0.08011767268180847,0.004357700129720099,-0.00903615728020668,0.02363850362598896,0.0004449853906407952,0.16984079107642175,1.082913911342621,1.069430984556675,1.2859617918729782
40,1,layer_6.mlp_down,0.262315034866333,0.011227255457595777,-0.008808753453195095,0.02363850362598896,0.005010331212542951,0.17278676927089692,1.082913911342621,1.069430984556675,1.2859617918729782
40,1,layer_7.attn_o,0.0667651817202568,0.002112155546717342,-0.011508172377943993,0.02363850362598896,0.006439690664410591,0.2670941039919853,1.082913911342621,1.069430984556675,1.2859617918729782
40,1,layer_7.mlp_down,0.23712854087352753,0.007755183939898086,-0.0040787397883832455,0.02363850362598896,0.0013100119773298501,0.21514782607555388,1.082913911342621,1.069430984556675,1.2859617918729782
40,1,layer_8.attn_o,0.06548504531383514,0.0020874907772101656,-0.007107696495950222,0.02363850362598896,-0.0005341643700376153,0.24312082529067994,1.082913911342621,1.069430984556675,1.2859617918729782
40,1,layer_8.mlp_down,0.23526959121227264,0.007628452369724421,0.006876461207866669,0.02363850362598896,-0.0025268620811402798,0.25668927282094955,1.082913911342621,1.069430984556675,1.2859617918729782
40,1,layer_9.attn_o,0.06340555101633072,0.0021134718748715836,0.010634512640535831,0.02363850362598896,0.0006095161661505699,0.3285626918077469,1.082913911342621,1.069430984556675,1.2859617918729782
40,1,layer_9.mlp_down,0.28687170147895813,0.014545880931978493,0.005155683495104313,0.02363850362598896,-0.002039315706497291,0.340649151802063,1.082913911342621,1.069430984556675,1.2859617918729782
40,1,layer_10.attn_o,0.08282969892024994,0.0045053059673548545,0.005169739946722984,0.02363850362598896,0.005402136407792568,0.4061422675848007,1.082913911342621,1.069430984556675,1.2859617918729782
40,1,layer_10.mlp_down,0.238244891166687,0.007114460430425172,-0.0021644330117851496,0.02363850362598896,-0.004507501889020204,0.4456559091806412,1.082913911342621,1.069430984556675,1.2859617918729782
40,1,layer_11.attn_o,0.06996402889490128,0.0029143722782510664,0.005189044401049614,0.02363850362598896,-0.017748342454433443,0.5872280716896057,1.082913911342621,1.069430984556675,1.2859617918729782
40,1,layer_11.mlp_down,0.2991766929626465,0.016703284638458184,0.009797051548957825,0.02363850362598896,-0.006473122822353616,0.4228979140520096,1.082913911342621,1.069430984556675,1.2859617918729782
40,1,layer_12.attn_o,0.0686105489730835,0.0024721915551368183,0.0030810825992375612,0.02363850362598896,0.00374597457703203,0.39117479920387266,1.082913911342621,1.069430984556675,1.2859617918729782
40,1,layer_12.mlp_down,0.2575820982456207,0.009572892913367388,0.004201697185635567,0.02363850362598896,0.003364696470089257,0.31085949540138247,1.082913911342621,1.069430984556675,1.2859617918729782
40,1,layer_13.attn_o,0.07448966801166534,0.003867922959190648,-0.0013923736987635493,0.02363850362598896,0.005071646966098342,0.25818702429533,1.082913911342621,1.069430984556675,1.2859617918729782
40,1,layer_13.mlp_down,0.27058687806129456,0.012873119002990782,0.0037627979181706905,0.02363850362598896,-0.0034632383845746516,0.27837885171175003,1.082913911342621,1.069430984556675,1.2859617918729782
40,1,layer_14.attn_o,0.06109877675771713,0.0021341388248628432,-0.0011205163318663836,0.02363850362598896,0.002934314589947462,0.3021793246269226,1.082913911342621,1.069430984556675,1.2859617918729782
40,1,layer_14.mlp_down,0.2656210958957672,0.011901405606281093,0.005503098946064711,0.02363850362598896,-0.0005389885744079947,0.33831154704093935,1.082913911342621,1.069430984556675,1.2859617918729782
40,1,layer_15.attn_o,0.07733669877052307,0.004206414180202061,0.02302871085703373,0.02363850362598896,-0.007476233132183552,0.4389244347810745,1.082913911342621,1.069430984556675,1.2859617918729782
40,1,layer_15.mlp_down,0.2550053596496582,0.01001974702464333,3.270308661740273e-05,0.02363850362598896,0.0026719522662460803,0.20218988209962846,1.082913911342621,1.069430984556675,1.2859617918729782
40,1,layer_16.attn_o,0.07132546603679657,0.003186156387860234,0.002705066464841366,0.02363850362598896,-0.00017978260293602944,0.2323380947113037,1.082913911342621,1.069430984556675,1.2859617918729782
40,1,layer_16.mlp_down,0.23507750034332275,0.007162208341585021,0.008071367628872395,0.02363850362598896,-0.0017637201934121549,0.20258886814117433,1.082913911342621,1.069430984556675,1.2859617918729782
40,1,layer_17.attn_o,0.07860061526298523,0.00455266919985762,0.006274285726249218,0.02363850362598896,-0.0024112682323902844,0.47948824763298037,1.082913911342621,1.069430984556675,1.2859617918729782
40,1,layer_17.mlp_down,0.2572050392627716,0.010425442750467778,0.0029830944258719683,0.02363850362598896,-0.0036909836577251553,0.2153100773692131,1.082913911342621,1.069430984556675,1.2859617918729782
40,1,layer_18.attn_o,0.07361622899770737,0.0038213443686361515,0.001076799351722002,0.02363850362598896,-0.0008932738332077861,0.23870214223861694,1.082913911342621,1.069430984556675,1.2859617918729782
40,1,layer_18.mlp_down,0.25197720527648926,0.010007367168448805,0.013821308501064777,0.02363850362598896,-0.0016897002700716258,0.25681416839361193,1.082913911342621,1.069430984556675,1.2859617918729782
40,1,layer_19.attn_o,0.07573898881673813,0.004355649248558106,0.007764897774904966,0.02363850362598896,0.0011203590907143735,0.20923892110586167,1.082913911342621,1.069430984556675,1.2859617918729782
40,1,layer_19.mlp_down,0.2522282600402832,0.010452941773493032,0.004121608100831509,0.02363850362598896,0.0016967134506558068,0.2168618470430374,1.082913911342621,1.069430984556675,1.2859617918729782
40,1,layer_20.attn_o,0.0626370757818222,0.0020449174527809233,0.006710689049214125,0.02363850362598896,-0.00029729558154940606,0.34228980392217634,1.082913911342621,1.069430984556675,1.2859617918729782
40,1,layer_20.mlp_down,0.2775859832763672,0.014980209777490042,0.022509494796395302,0.02363850362598896,-0.0023420474375598133,0.27324547320604325,1.082913911342621,1.069430984556675,1.2859617918729782
40,1,layer_21.attn_o,0.06732268631458282,0.0027194837921847006,0.03717571869492531,0.02363850362598896,-0.0018742260057479144,0.5423266738653183,1.082913911342621,1.069430984556675,1.2859617918729782
40,1,layer_21.mlp_down,0.23091241717338562,0.00778910243855995,0.02484431490302086,0.02363850362598896,-0.004899255849886685,0.1909039080142975,1.082913911342621,1.069430984556675,1.2859617918729782
40,1,layer_22.attn_o,0.06114955246448517,0.0021737594874059064,0.01213455107063055,0.02363850362598896,-0.005660587607417255,0.22035301998257636,1.082913911342621,1.069430984556675,1.2859617918729782
40,1,layer_22.mlp_down,0.23976050317287445,0.008349149200423572,0.02002512849867344,0.02363850362598896,0.0007940012834296795,0.21283918619155884,1.082913911342621,1.069430984556675,1.2859617918729782
40,1,layer_23.attn_o,0.07098191976547241,0.0032434078540647653,0.04101574048399925,0.02363850362598896,0.0008819444919936359,0.3369330555200577,1.082913911342621,1.069430984556675,1.2859617918729782
40,1,layer_23.mlp_down,0.23204779624938965,0.007159105366297906,0.038064565509557724,0.02363850362598896,0.002301297918893397,0.23796279728412628,1.082913911342621,1.069430984556675,1.2859617918729782
40,1,layer_24.attn_o,0.0790402889251709,0.004131545351174721,0.04441017284989357,0.02363850362598896,0.005864439718425274,0.4651651978492737,1.082913911342621,1.069430984556675,1.2859617918729782
40,1,layer_24.mlp_down,0.2742791175842285,0.01216712355031156,0.06308700144290924,0.02363850362598896,0.0066094291396439075,0.2862730473279953,1.082913911342621,1.069430984556675,1.2859617918729782
40,1,layer_25.attn_o,0.07548855245113373,0.0034700299342224515,0.07003142684698105,0.02363850362598896,0.015527729550376535,0.3058772191405296,1.082913911342621,1.069430984556675,1.2859617918729782
40,1,layer_25.mlp_down,0.3057040572166443,0.016620489916559095,0.1434321105480194,0.02363850362598896,0.01792700805235654,0.1712923463433981,1.082913911342621,1.069430984556675,1.2859617918729782
60,1,layer_0.attn_o,0.1097455844283104,0.005383963394769839,0.020516643300652504,0.0007957331836223602,0.0029778926633298396,0.19513490200042724,1.2137082993984223,1.0431894958019257,1.3078851029276848
60,1,layer_0.mlp_down,0.3494512438774109,0.010734444473022986,0.00846641045063734,0.0007957331836223602,0.003456123237265274,0.09878389686346054,1.2137082993984223,1.0431894958019257,1.3078851029276848
60,1,layer_1.attn_o,0.09853071719408035,0.004082701302547296,0.022129440680146217,0.0007957331836223602,0.035615176800638436,0.185099995136261,1.2137082993984223,1.0431894958019257,1.3078851029276848
60,1,layer_1.mlp_down,0.41173020005226135,0.021902798919171584,0.0023418439086526632,0.0007957331836223602,0.00583723284653388,0.0999167088419199,1.2137082993984223,1.0431894958019257,1.3078851029276848
60,1,layer_2.attn_o,0.10281915217638016,0.004518016731656742,0.0009546128567308187,0.0007957331836223602,0.011483109835535289,0.1601037010550499,1.2137082993984223,1.0431894958019257,1.3078851029276848
60,1,layer_2.mlp_down,0.41310450434684753,0.022427103166083873,-0.008439731784164906,0.0007957331836223602,0.0057594659330789,0.1346904393285513,1.2137082993984223,1.0431894958019257,1.3078851029276848
60,1,layer_3.attn_o,0.10141589492559433,0.004505835319158996,-0.010721029713749886,0.0007957331836223602,0.01499734854696726,0.16721141785383226,1.2137082993984223,1.0431894958019257,1.3078851029276848
60,1,layer_3.mlp_down,0.39173078536987305,0.01786164349584138,-0.0062604621052742004,0.0007957331836223602,0.005599381911451928,0.12001280188560486,1.2137082993984223,1.0431894958019257,1.3078851029276848
60,1,layer_4.attn_o,0.11554476618766785,0.0062832889415949675,0.0006437944830395281,0.0007957331836223602,0.02117478153668344,0.16052023619413375,1.2137082993984223,1.0431894958019257,1.3078851029276848
60,1,layer_4.mlp_down,0.332973450422287,0.010525895957477393,0.008794812485575676,0.0007957331836223602,0.017915788316167892,0.18524311035871505,1.2137082993984223,1.0431894958019257,1.3078851029276848
60,1,layer_5.attn_o,0.0985666811466217,0.003902463287347229,0.04459185525774956,0.0007957331836223602,0.056038909452036025,0.3170550916343927,1.2137082993984223,1.0431894958019257,1.3078851029276848
60,1,layer_5.mlp_down,0.36171311140060425,0.014588599474987255,0.0066442061215639114,0.0007957331836223602,0.010113265630207025,0.12437643557786941,1.2137082993984223,1.0431894958019257,1.3078851029276848
60,1,layer_6.attn_o,0.10830391198396683,0.005890764057369604,0.002605119952932,0.0007957331836223602,0.008677412930410355,0.17344080209732055,1.2137082993984223,1.0431894958019257,1.3078851029276848
60,1,layer_6.mlp_down,0.3705059289932251,0.015857575605438767,0.009384766221046448,0.0007957331836223602,0.004707515728659928,0.17298486530780793,1.2137082993984223,1.0431894958019257,1.3078851029276848
60,1,layer_7.attn_o,0.08644986897706985,0.0027348955989179905,0.010141893289983273,0.0007957331836223602,0.01032765635754913,0.26098520010709764,1.2137082993984223,1.0431894958019257,1.3078851029276848
60,1,layer_7.mlp_down,0.3307894170284271,0.01081845504508774,0.009017206728458405,0.0007957331836223602,0.006373304064618423,0.21932777315378188,1.2137082993984223,1.0431894958019257,1.3078851029276848
60,1,layer_8.attn_o,0.08825019747018814,0.002813187805614026,-0.00035989092430099845,0.0007957331836223602,0.01723219258710742,0.24609141051769257,1.2137082993984223,1.0431894958019257,1.3078851029276848
60,1,layer_8.mlp_down,0.3284010589122772,0.010648289826428868,-0.002449054503813386,0.0007957331836223602,0.013751318026334048,0.2612764030694962,1.2137082993984223,1.0431894958019257,1.3078851029276848
60,1,layer_9.attn_o,0.08395000547170639,0.002798274627675805,0.005717081017792225,0.0007957331836223602,0.01788246715441346,0.31140950322151184,1.2137082993984223,1.0431894958019257,1.3078851029276848
60,1,layer_9.mlp_down,0.37983137369155884,0.019258283465686837,-0.002604243578389287,0.0007957331836223602,0.019944056682288647,0.33106299489736557,1.2137082993984223,1.0431894958019257,1.3078851029276848
60,1,layer_10.attn_o,0.10643754154443741,0.005789372122570331,0.00045265097287483513,0.0007957331836223602,0.024589640693739055,0.38988431692123415,1.2137082993984223,1.0431894958019257,1.3078851029276848
60,1,layer_10.mlp_down,0.31957656145095825,0.009543241480407694,0.04873925819993019,0.0007957331836223602,0.013195529347285628,0.4157828763127327,1.2137082993984223,1.0431894958019257,1.3078851029276848
60,1,layer_11.attn_o,0.09893888980150223,0.004121329645546621,0.013738023117184639,0.0007957331836223602,0.004464182071387768,0.5483338207006454,1.2137082993984223,1.0431894958019257,1.3078851029276848
60,1,layer_11.mlp_down,0.38914191722869873,0.02172430917106796,0.00737766595557332,0.0007957331836223602,0.026025857776403427,0.3951811656355858,1.2137082993984223,1.0431894958019257,1.3078851029276848
60,1,layer_12.attn_o,0.09110099077224731,0.0032825758662357826,0.005760004743933678,0.0007957331836223602,0.030485537182539702,0.3657644122838974,1.2137082993984223,1.0431894958019257,1.3078851029276848
60,1,layer_12.mlp_down,0.3463701903820038,0.0128726931736159,0.00389387970790267,0.0007957331836223602,0.01554495100863278,0.303033809363842,1.2137082993984223,1.0431894958019257,1.3078851029276848
60,1,layer_13.attn_o,0.10351648181676865,0.00537515270446989,0.005079973954707384,0.0007957331836223602,0.019098238181322814,0.2488443560898304,1.2137082993984223,1.0431894958019257,1.3078851029276848
60,1,layer_13.mlp_down,0.372271865606308,0.01770999147200755,0.001983781112357974,0.0007957331836223602,0.012017408292740584,0.26953590512275694,1.2137082993984223,1.0431894958019257,1.3078851029276848
60,1,layer_14.attn_o,0.09425494074821472,0.003292262895770427,0.004041385371237993,0.0007957331836223602,0.014121557306498288,0.2950456768274307,1.2137082993984223,1.0431894958019257,1.3078851029276848
60,1,layer_14.mlp_down,0.3650895655155182,0.01635762992770208,0.01051989197731018,0.0007957331836223602,0.009822276653721929,0.32838980555534364,1.2137082993984223,1.0431894958019257,1.3078851029276848
60,1,layer_15.attn_o,0.1066705733537674,0.005801891339121412,0.009338769130408764,0.0007957331836223602,-0.00504049202427268,0.4351219430565834,1.2137082993984223,1.0431894958019257,1.3078851029276848
60,1,layer_15.mlp_down,0.3539416193962097,0.013907040535364852,0.0038114965427666903,0.0007957331836223602,0.00880522996885702,0.21600985452532767,1.2137082993984223,1.0431894958019257,1.3078851029276848
60,1,layer_16.attn_o,0.10109426826238632,0.004515938352928536,0.005063544027507305,0.0007957331836223602,0.007847335608676075,0.23243523612618447,1.2137082993984223,1.0431894958019257,1.3078851029276848
60,1,layer_16.mlp_down,0.33388569951057434,0.010172743538313623,0.0002667110529728234,0.0007957331836223602,0.0052246454928535965,0.19409968405961991,1.2137082993984223,1.0431894958019257,1.3078851029276848
60,1,layer_17.attn_o,0.11732883006334305,0.0067958642950720445,0.0036010241601616144,0.0007957331836223602,0.004396368656307459,0.4281697630882263,1.2137082993984223,1.0431894958019257,1.3078851029276848
60,1,layer_17.mlp_down,0.3661242425441742,0.014840224310146324,-0.00026530848117545247,0.0007957331836223602,0.003251923364587128,0.20127357095479964,1.2137082993984223,1.0431894958019257,1.3078851029276848
60,1,layer_18.attn_o,0.10974776744842529,0.005696883762237134,0.005219710990786552,0.0007957331836223602,0.002749307467274775,0.2167786829173565,1.2137082993984223,1.0431894958019257,1.3078851029276848
60,1,layer_18.mlp_down,0.36407002806663513,0.014459172566472668,0.00757383881136775,0.0007957331836223602,0.0026501854008529335,0.24766082763671876,1.2137082993984223,1.0431894958019257,1.3078851029276848
60,1,layer_19.attn_o,0.10354910790920258,0.005954960722329485,0.010465097613632679,0.0007957331836223602,-0.0009484426962444558,0.20275653377175332,1.2137082993984223,1.0431894958019257,1.3078851029276848
60,1,layer_19.mlp_down,0.3687499761581421,0.015281743609913462,0.0021137611474841833,0.0007957331836223602,0.003193293255753815,0.2251493215560913,1.2137082993984223,1.0431894958019257,1.3078851029276848
60,1,layer_20.attn_o,0.08585718274116516,0.002802988696917722,0.007267818320542574,0.0007957331836223602,0.0042711500311270354,0.34857956171035764,1.2137082993984223,1.0431894958019257,1.3078851029276848
60,1,layer_20.mlp_down,0.3946559727191925,0.021296864285996923,-0.00309958984144032,0.0007957331836223602,0.0034163265372626483,0.27821203470230105,1.2137082993984223,1.0431894958019257,1.3078851029276848
60,1,layer_21.attn_o,0.08589717745780945,0.003469790032552887,0.01384055893868208,0.0007957331836223602,-0.008590147364884615,0.5046578705310821,1.2137082993984223,1.0431894958019257,1.3078851029276848
60,1,layer_21.mlp_down,0.33282673358917236,0.011226942961343868,0.002831496996805072,0.0007957331836223602,0.0007184112910181284,0.20074297711253167,1.2137082993984223,1.0431894958019257,1.3078851029276848
60,1,layer_22.attn_o,0.08887983113527298,0.0031595251098271273,0.006678774021565914,0.0007957331836223602,0.001979249174473807,0.20384896658360957,1.2137082993984223,1.0431894958019257,1.3078851029276848
60,1,layer_22.mlp_down,0.34132397174835205,0.011885971606703396,0.003954196814447641,0.0007957331836223602,0.000838744081556797,0.22468309178948404,1.2137082993984223,1.0431894958019257,1.3078851029276848
60,1,layer_23.attn_o,0.09629608690738678,0.004400091093566206,0.011848783120512962,0.0007957331836223602,0.0008711096365004778,0.34890162795782087,1.2137082993984223,1.0431894958019257,1.3078851029276848
60,1,layer_23.mlp_down,0.3278995752334595,0.010116446449106281,0.008142217993736267,0.0007957331836223602,0.0024569456989411266,0.2364645205438137,1.2137082993984223,1.0431894958019257,1.3078851029276848
60,1,layer_24.attn_o,0.10118313133716583,0.005288960766163281,0.01889692433178425,0.0007957331836223602,-0.00819042818620801,0.4382725179195404,1.2137082993984223,1.0431894958019257,1.3078851029276848
60,1,layer_24.mlp_down,0.3746306598186493,0.016618230776421716,-0.008656288497149944,0.0007957331836223602,-0.0006128142296802253,0.2699169874191284,1.2137082993984223,1.0431894958019257,1.3078851029276848
60,1,layer_25.attn_o,0.093696229159832,0.004306989169599165,-0.003065626136958599,0.0007957331836223602,-0.014773254690226167,0.30260398536920546,1.2137082993984223,1.0431894958019257,1.3078851029276848
60,1,layer_25.mlp_down,0.403026819229126,0.021910048077191085,-0.03478196635842323,0.0007957331836223602,0.002167633827775717,0.17528783306479453,1.2137082993984223,1.0431894958019257,1.3078851029276848
80,1,layer_0.attn_o,0.10710891336202621,0.005254575651294941,0.12421351671218872,0.011481793597340584,0.02830317886546254,0.15731791257858277,1.2350715756416322,1.000115804374218,1.3022823482751846
80,1,layer_0.mlp_down,0.3492472469806671,0.0107279731879382,0.01558654848486185,0.011481793597340584,0.00018179082544520498,0.09149673744104803,1.2350715756416322,1.000115804374218,1.3022823482751846
80,1,layer_1.attn_o,0.09867587685585022,0.00408870124805376,-0.013618718832731247,0.011481793597340584,-0.004548805858939886,0.13621680848300458,1.2350715756416322,1.000115804374218,1.3022823482751846
80,1,layer_1.mlp_down,0.4085744321346283,0.02173094392863806,0.0013270253548398614,0.011481793597340584,0.003635575464431895,0.08245570838917046,1.2350715756416322,1.000115804374218,1.3022823482751846
80,1,layer_2.attn_o,0.10312575846910477,0.0045314696900811075,-0.016123414039611816,0.011481793597340584,0.006306948594283312,0.14491917807608842,1.2350715756416322,1.000115804374218,1.3022823482751846
80,1,layer_2.mlp_down,0.4092109203338623,0.02221145497178366,0.013512828387320042,0.011481793597340584,0.0058709008153527975,0.1163653213530779,1.2350715756416322,1.000115804374218,1.3022823482751846
80,1,layer_3.attn_o,0.09950311481952667,0.004420827148251601,0.011076414957642555,0.011481793597340584,0.008408221311401575,0.1310867354273796,1.2350715756416322,1.000115804374218,1.3022823482751846
80,1,layer_3.mlp_down,0.39147332310676575,0.017847746502577765,0.006692711263895035,0.011481793597340584,0.0016120771295391023,0.09602136462926865,1.2350715756416322,1.000115804374218,1.3022823482751846
80,1,layer_4.attn_o,0.11558094620704651,0.0062851983802032305,0.016588371247053146,0.011481793597340584,0.010513096704380586,0.1169762196019292,1.2350715756416322,1.000115804374218,1.3022823482751846
80,1,layer_4.mlp_down,0.3413386642932892,0.010790046713016479,0.014607599936425686,0.011481793597340584,0.001161851332290098,0.1408273082226515,1.2350715756416322,1.000115804374218,1.3022823482751846
80,1,layer_5.attn_o,0.09464537352323532,0.0037472022222297097,-0.03987126797437668,0.011481793597340584,-0.005922183394432068,0.22904598340392113,1.2350715756416322,1.000115804374218,1.3022823482751846
80,1,layer_5.mlp_down,0.3612912893295288,0.014570655113260039,0.005444466136395931,0.011481793597340584,0.001307139531854773,0.09710565563291311,1.2350715756416322,1.000115804374218,1.3022823482751846
80,1,layer_6.attn_o,0.11038477718830109,0.006003892814219356,0.002144264057278633,0.011481793597340584,0.004057618256774731,0.1269115014001727,1.2350715756416322,1.000115804374218,1.3022823482751846
80,1,layer_6.mlp_down,0.3708600103855133,0.015871457883598727,0.016553344205021858,0.011481793597340584,0.004978958336869255,0.13409968726336957,1.2350715756416322,1.000115804374218,1.3022823482751846
80,1,layer_7.attn_o,0.08458656072616577,0.0026759439960976033,0.018974054604768753,0.011481793597340584,0.006031039098161273,0.20177927240729332,1.2350715756416322,1.000115804374218,1.3022823482751846
80,1,layer_7.mlp_down,0.3294309675693512,0.010773765574990811,0.021456602960824966,0.011481793597340584,0.005091834033373743,0.1792696375399828,1.2350715756416322,1.000115804374218,1.3022823482751846
80,1,layer_8.attn_o,0.08661749958992004,0.002761139106216223,0.0036037960089743137,0.011481793597340584,0.006500108155887574,0.19197126813232898,1.2350715756416322,1.000115804374218,1.3022823482751846
80,1,layer_8.mlp_down,0.3262874186038971,0.01057947181515452,0.011816991493105888,0.011481793597340584,0.011361998256688821,0.21016876995563508,1.2350715756416322,1.000115804374218,1.3022823482751846
80,1,layer_9.attn_o,0.08545949310064316,0.0028485862010314907,0.009903517551720142,0.011481793597340584,0.00976467183791101,0.2573814257979393,1.2350715756416322,1.000115804374218,1.3022823482751846
80,1,layer_9.mlp_down,0.3721829950809479,0.01886777153588015,0.006530154962092638,0.011481793597340584,0.00866842052200809,0.2699275970458984,1.2350715756416322,1.000115804374218,1.3022823482751846
80,1,layer_10.attn_o,0.1031123697757721,0.005608459837019969,0.004887377377599478,0.011481793597340584,0.005712522473186254,0.32874266654253004,1.2350715756416322,1.000115804374218,1.3022823482751846
80,1,layer_10.mlp_down,0.3117038309574127,0.00930795400734618,-0.018970899283885956,0.011481793597340584,0.01671747798100114,0.3476229801774025,1.2350715756416322,1.000115804374218,1.3022823482751846
80,1,layer_11.attn_o,0.09182719141244888,0.003825072052461696,0.018681686371564865,0.011481793597340584,0.004647260624915361,0.48944465816020966,1.2350715756416322,1.000115804374218,1.3022823482751846
80,1,layer_11.mlp_down,0.3783737123012543,0.02111907086457887,0.018765145912766457,0.011481793597340584,0.005966498574707657,0.3517885565757751,1.2350715756416322,1.000115804374218,1.3022823482751846
80,1,layer_12.attn_o,0.08941523730754852,0.0032218290212351858,0.005409488454461098,0.011481793597340584,0.0038862112909555436,0.32404906004667283,1.2350715756416322,1.000115804374218,1.3022823482751846
80,1,layer_12.mlp_down,0.34568536281585693,0.01284664539152982,0.00933179259300232,0.011481793597340584,0.00704826028086245,0.256523585319519,1.2350715756416322,1.000115804374218,1.3022823482751846
80,1,layer_13.attn_o,0.10452501475811005,0.0054274923288842244,0.003256593830883503,0.011481793597340584,0.004965314222499728,0.19183675497770308,1.2350715756416322,1.000115804374218,1.3022823482751846
80,1,layer_13.mlp_down,0.3696121275424957,0.017581359451293445,0.004091640468686819,0.011481793597340584,0.010595787828788162,0.22280287891626357,1.2350715756416322,1.000115804374218,1.3022823482751846
80,1,layer_14.attn_o,0.09635840356349945,0.0033657300825569326,0.0062891654670238495,0.011481793597340584,0.006935468642041087,0.22647401094436645,1.2350715756416322,1.000115804374218,1.3022823482751846
80,1,layer_14.mlp_down,0.36572280526161194,0.016384376275595466,-0.0014246974606066942,0.011481793597340584,0.011679242947138846,0.27554798871278763,1.2350715756416322,1.000115804374218,1.3022823482751846
80,1,layer_15.attn_o,0.10490892827510834,0.005706037459735046,0.003529955865815282,0.011481793597340584,0.012383300252258778,0.37645394504070284,1.2350715756416322,1.000115804374218,1.3022823482751846
80,1,layer_15.mlp_down,0.3549022972583771,0.013944074698000635,0.000157400660100393,0.011481793597340584,0.007374926656484604,0.18068309873342514,1.2350715756416322,1.000115804374218,1.3022823482751846
80,1,layer_16.attn_o,0.10263994336128235,0.004584969692345344,0.0019474048167467117,0.011481793597340584,0.0022764744237065314,0.20590793192386628,1.2350715756416322,1.000115804374218,1.3022823482751846
80,1,layer_16.mlp_down,0.334208607673645,0.010182353415979693,0.004973163828253746,0.011481793597340584,0.00391016136854887,0.17368290424346924,1.2350715756416322,1.000115804374218,1.3022823482751846
80,1,layer_17.attn_o,0.11707119643688202,0.006780889324524789,0.014249169267714024,0.011481793597340584,0.004570161073934287,0.39336166679859164,1.2350715756416322,1.000115804374218,1.3022823482751846
80,1,layer_17.mlp_down,0.36464881896972656,0.014779453868098065,0.00654374435544014,0.011481793597340584,0.005488360027084127,0.17794758677482606,1.2350715756416322,1.000115804374218,1.3022823482751846
80,1,layer_18.attn_o,0.11127118766307831,0.00577593020402403,0.006305531598627567,0.011481793597340584,0.005238985049072653,0.20752464681863786,1.2350715756416322,1.000115804374218,1.3022823482751846
80,1,layer_18.mlp_down,0.3642983138561249,0.014467399543853135,0.005719972308725119,0.011481793597340584,0.009970583103131503,0.2212779089808464,1.2350715756416322,1.000115804374218,1.3022823482751846
80,1,layer_19.attn_o,0.11500761657953262,0.006613882499931065,0.009444057010114193,0.011481793597340584,0.003421532653737813,0.183775182813406,1.2350715756416322,1.000115804374218,1.3022823482751846
80,1,layer_19.mlp_down,0.3673703670501709,0.015223510889699742,0.008389834314584732,0.011481793597340584,0.009801214671279012,0.1999257206916809,1.2350715756416322,1.000115804374218,1.3022823482751846
80,1,layer_20.attn_o,0.08941087126731873,0.002919004531529319,0.01163708046078682,0.011481793597340584,0.006936926301568747,0.3070291504263878,1.2350715756416322,1.000115804374218,1.3022823482751846
80,1,layer_20.mlp_down,0.39335787296295166,0.021223354623288677,0.030865443870425224,0.011481793597340584,0.014149523666128516,0.24656487256288528,1.2350715756416322,1.000115804374218,1.3022823482751846
80,1,layer_21.attn_o,0.08634777367115021,0.0034879801721202116,0.07018241286277771,0.011481793597340584,-0.0001246006926521659,0.4943544059991837,1.2350715756416322,1.000115804374218,1.3022823482751846
80,1,layer_21.mlp_down,0.33690160512924194,0.011364061316601566,0.013113128952682018,0.011481793597340584,0.015105887269601225,0.17510371059179305,1.2350715756416322,1.000115804374218,1.3022823482751846
80,1,layer_22.attn_o,0.09461862593889236,0.0033635239201174074,0.020905397832393646,0.011481793597340584,0.007740981411188841,0.1710072673857212,1.2350715756416322,1.000115804374218,1.3022823482751846
80,1,layer_22.mlp_down,0.34549278020858765,0.012030746253063013,0.018222633749246597,0.011481793597340584,0.01897452715784311,0.19631651192903518,1.2350715756416322,1.000115804374218,1.3022823482751846
80,1,layer_23.attn_o,0.10308598726987839,0.004710321829237245,0.026715576648712158,0.011481793597340584,0.016515045129926874,0.30890525579452516,1.2350715756416322,1.000115804374218,1.3022823482751846
80,1,layer_23.mlp_down,0.32984569668769836,0.01017629349491878,0.02457423135638237,0.011481793597340584,0.013193416129797696,0.21386356726288797,1.2350715756416322,1.000115804374218,1.3022823482751846
80,1,layer_24.attn_o,0.09794836491346359,0.005119844089505066,0.038165364414453506,0.011481793597340584,0.02152144006831804,0.3958500474691391,1.2350715756416322,1.000115804374218,1.3022823482751846
80,1,layer_24.mlp_down,0.37621986865997314,0.016686946103923548,0.039792612195014954,0.011481793597340584,0.02904797326773405,0.23974143266677855,1.2350715756416322,1.000115804374218,1.3022823482751846
80,1,layer_25.attn_o,0.09851223975419998,0.004528350080841291,0.030491609126329422,0.011481793597340584,0.036543984152376655,0.2485339768230915,1.2350715756416322,1.000115804374218,1.3022823482751846
80,1,layer_25.mlp_down,0.3962148129940033,0.02153546797841761,0.022569552063941956,0.011481793597340584,0.04884101040661335,0.18453668719157576,1.2350715756416322,1.000115804374218,1.3022823482751846
100,1,layer_0.attn_o,0.1119680181145668,0.0054929152417045185,0.1327453851699829,0.02180413343012333,0.01391401318833232,0.193542605265975,1.198446011543274,0.9660060778260231,1.3271453008055687
100,1,layer_0.mlp_down,0.3678988516330719,0.011300600386101395,0.0030986424535512924,0.02180413343012333,0.004793048836290836,0.1264446210116148,1.198446011543274,0.9660060778260231,1.3271453008055687
100,1,layer_1.attn_o,0.10260756313800812,0.004251596173786348,0.07780640572309494,0.02180413343012333,-0.012219723919406534,0.18985820366069675,1.198446011543274,0.9660060778260231,1.3271453008055687
100,1,layer_1.mlp_down,0.4382367432117462,0.023304150922200523,-0.00112676783464849,0.02180413343012333,0.0004700441379100084,0.13542540287598967,1.198446011543274,0.9660060778260231,1.3271453008055687
100,1,layer_2.attn_o,0.1076076403260231,0.004728395488058199,0.017152225598692894,0.02180413343012333,-0.002418335259426385,0.16872674748301505,1.198446011543274,0.9660060778260231,1.3271453008055687
100,1,layer_2.mlp_down,0.4450007677078247,0.024149080215682534,0.005471482407301664,0.02180413343012333,0.0030434864456765354,0.15806584656238556,1.198446011543274,0.9660060778260231,1.3271453008055687
100,1,layer_3.attn_o,0.10177944600582123,0.004521938199723797,0.0042624762281775475,0.02180413343012333,0.0019494431442581117,0.17049969211220742,1.198446011543274,0.9660060778260231,1.3271453008055687
100,1,layer_3.mlp_down,0.41169917583465576,0.018767711925115043,0.022654147818684578,0.02180413343012333,0.0029194368747994305,0.13901901207864284,1.198446011543274,0.9660060778260231,1.3271453008055687
100,1,layer_4.attn_o,0.11971042305231094,0.006509688472851457,-0.005401453468948603,0.02180413343012333,-0.009031334379687905,0.16116088163107634,1.198446011543274,0.9660060778260231,1.3271453008055687
100,1,layer_4.mlp_down,0.3582048714160919,0.011322845489723937,-0.016272680833935738,0.02180413343012333,0.0033578160917386414,0.16363526731729508,1.198446011543274,0.9660060778260231,1.3271453008055687
100,1,layer_5.attn_o,0.09341982007026672,0.003698674769474992,0.12634031474590302,0.02180413343012333,-0.0267722986638546,0.3266152907162905,1.198446011543274,0.9660060778260231,1.3271453008055687
100,1,layer_5.mlp_down,0.37553396821022034,0.015144005158736967,-0.0004301701264921576,0.02180413343012333,0.0021749619161710145,0.135777392052114,1.198446011543274,0.9660060778260231,1.3271453008055687
100,1,layer_6.attn_o,0.11307954043149948,0.0061504210948989235,0.002132856985554099,0.02180413343012333,0.003350289911031723,0.15709012765437363,1.198446011543274,0.9660060778260231,1.3271453008055687
100,1,layer_6.mlp_down,0.3838239908218384,0.01642479290700454,0.006846940610557795,0.02180413343012333,0.011028689227532595,0.1687264908105135,1.198446011543274,0.9660060778260231,1.3271453008055687
100,1,layer_7.attn_o,0.08667285740375519,0.0027419397192236933,0.006131331901997328,0.02180413343012333,0.013765787170268596,0.23853836208581924,1.198446011543274,0.9660060778260231,1.3271453008055687
100,1,layer_7.mlp_down,0.34161391854286194,0.011171855980090606,0.012094446457922459,0.02180413343012333,0.0185642939992249,0.20976929292082785,1.198446011543274,0.9660060778260231,1.3271453008055687
100,1,layer_8.attn_o,0.08949393779039383,0.0028528260071450165,0.006113057490438223,0.02180413343012333,0.015249400539323688,0.20428545027971268,1.198446011543274,0.9660060778260231,1.3271453008055687
100,1,layer_8.mlp_down,0.33737578988075256,0.0109386374954744,0.006412655580788851,0.02180413343012333,0.009908771235495805,0.23957487642765046,1.198446011543274,0.9660060778260231,1.3271453008055687
100,1,layer_9.attn_o,0.08368334919214249,0.00278937971048451,0.012802078388631344,0.02180413343012333,0.014750868873670697,0.30025060921907426,1.198446011543274,0.9660060778260231,1.3271453008055687
100,1,layer_9.mlp_down,0.38282835483551025,0.019404714244196476,0.015735208988189697,0.02180413343012333,0.008849864173680545,0.30266588032245634,1.198446011543274,0.9660060778260231,1.3271453008055687
100,1,layer_10.attn_o,0.10361400991678238,0.005635707491546949,0.012869401834905148,0.02180413343012333,0.009946725191548466,0.3641593560576439,1.198446011543274,0.9660060778260231,1.3271453008055687
100,1,layer_10.mlp_down,0.32129570841789246,0.009594148286065363,0.07535257935523987,0.02180413343012333,-0.007717906264588237,0.4011115163564682,1.198446011543274,0.9660060778260231,1.3271453008055687
100,1,layer_11.attn_o,0.092913918197155,0.003870334552166742,0.0647066980600357,0.02180413343012333,0.011389696039259434,0.5235950499773026,1.198446011543274,0.9660060778260231,1.3271453008055687
100,1,layer_11.mlp_down,0.3909139037132263,0.021814737817361297,0.044574301689863205,0.02180413343012333,0.014642259478569031,0.3750468671321869,1.198446011543274,0.9660060778260231,1.3271453008055687
100,1,layer_12.attn_o,0.09182827919721603,0.0033087749001049697,0.015233688987791538,0.02180413343012333,0.01837803185917437,0.35458131283521654,1.198446011543274,0.9660060778260231,1.3271453008055687
100,1,layer_12.mlp_down,0.3577721416950226,0.013295163647790117,0.018655776977539062,0.02180413343012333,0.0101597816683352,0.28473384231328963,1.198446011543274,0.9660060778260231,1.3271453008055687
100,1,layer_13.attn_o,0.10657228529453278,0.0055337645737202745,0.013164515607059002,0.02180413343012333,0.014286717330105603,0.2303503192961216,1.198446011543274,0.9660060778260231,1.3271453008055687
100,1,layer_13.mlp_down,0.3849159777164459,0.018307373496518398,0.01084766536951065,0.02180413343012333,0.010279820708092302,0.23921431452035904,1.198446011543274,0.9660060778260231,1.3271453008055687
100,1,layer_14.attn_o,0.09361089020967484,0.0032697513866560084,0.011701621115207672,0.02180413343012333,0.01565248144324869,0.24933478161692618,1.198446011543274,0.9660060778260231,1.3271453008055687
100,1,layer_14.mlp_down,0.3848406672477722,0.01723922698602884,0.023603850975632668,0.02180413343012333,0.009799324965570122,0.28966340571641924,1.198446011543274,0.9660060778260231,1.3271453008055687
100,1,layer_15.attn_o,0.10851754993200302,0.0059022762828118604,0.02366720512509346,0.02180413343012333,0.020612676173914223,0.3894248425960541,1.198446011543274,0.9660060778260231,1.3271453008055687
100,1,layer_15.mlp_down,0.36868685483932495,0.014484788218392627,0.010633228346705437,0.02180413343012333,0.007536690925189759,0.16492222547531127,1.198446011543274,0.9660060778260231,1.3271453008055687
100,1,layer_16.attn_o,0.10315266996622086,0.004607856524946401,0.019568052142858505,0.02180413343012333,0.015233174618333577,0.17649912983179092,1.198446011543274,0.9660060778260231,1.3271453008055687
100,1,layer_16.mlp_down,0.34624671936035156,0.010548866717245212,0.012058400548994541,0.02180413343012333,0.006781097443308681,0.16122018471360205,1.198446011543274,0.9660060778260231,1.3271453008055687
100,1,layer_17.attn_o,0.11050307005643845,0.006400410435606525,0.024965666234493256,0.02180413343012333,0.008010084205307067,0.38115606606006625,1.198446011543274,0.9660060778260231,1.3271453008055687
100,1,layer_17.mlp_down,0.37897562980651855,0.015359167072948482,0.014016132801771164,0.02180413343012333,0.0061538044479675594,0.17018998488783837,1.198446011543274,0.9660060778260231,1.3271453008055687
100,1,layer_18.attn_o,0.10564462840557098,0.005483846628072611,0.013579525984823704,0.02180413343012333,0.003682210552506149,0.21222645044326782,1.198446011543274,0.9660060778260231,1.3271453008055687
100,1,layer_18.mlp_down,0.37496697902679443,0.014890205098432039,0.016472211107611656,0.02180413343012333,0.009371621371246874,0.20615337044000626,1.198446011543274,0.9660060778260231,1.3271453008055687
100,1,layer_19.attn_o,0.12501488626003265,0.007189344843167112,0.01118386909365654,0.02180413343012333,0.007202777545899153,0.17315218709409236,1.198446011543274,0.9660060778260231,1.3271453008055687
100,1,layer_19.mlp_down,0.37773725390434265,0.015652073971958995,0.018991583958268166,0.02180413343012333,0.004538028800743632,0.17861076593399047,1.198446011543274,0.9660060778260231,1.3271453008055687
100,1,layer_20.attn_o,0.08788882195949554,0.002869307443913229,0.027834052219986916,0.02180413343012333,0.01163027017028071,0.3137925624847412,1.198446011543274,0.9660060778260231,1.3271453008055687
100,1,layer_20.mlp_down,0.40827128291130066,0.02202430982309066,0.034452684223651886,0.02180413343012333,0.00406281016767025,0.22783590704202653,1.198446011543274,0.9660060778260231,1.3271453008055687
100,1,layer_21.attn_o,0.0808073952794075,0.0032641697292884976,0.07824048399925232,0.02180413343012333,0.020284058607649057,0.4629150241613388,1.198446011543274,0.9660060778260231,1.3271453008055687
100,1,layer_21.mlp_down,0.3542478680610657,0.01194883618644755,0.03942067176103592,0.02180413343012333,0.003129519720096141,0.17711089700460433,1.198446011543274,0.9660060778260231,1.3271453008055687
100,1,layer_22.attn_o,0.08717558532953262,0.003098932437626105,0.02367299795150757,0.02180413343012333,0.0058652837833506055,0.1930291149765253,1.198446011543274,0.9660060778260231,1.3271453008055687
100,1,layer_22.mlp_down,0.3609132170677185,0.012567194044255407,0.03467733412981033,0.02180413343012333,0.007204435835592449,0.1993972346186638,1.198446011543274,0.9660060778260231,1.3271453008055687
100,1,layer_23.attn_o,0.09352128952741623,0.004273265171754125,0.04706855118274689,0.02180413343012333,0.011948664765805006,0.3112817332148552,1.198446011543274,0.9660060778260231,1.3271453008055687
100,1,layer_23.mlp_down,0.34231284260749817,0.010560698428403735,0.03677956014871597,0.02180413343012333,0.00997430991847068,0.20483501702547074,1.198446011543274,0.9660060778260231,1.3271453008055687
100,1,layer_24.attn_o,0.09344940632581711,0.004884647080690872,0.03778840973973274,0.02180413343012333,0.024061877466738223,0.4054445520043373,1.198446011543274,0.9660060778260231,1.3271453008055687
100,1,layer_24.mlp_down,0.3869456648826599,0.017160973318691635,0.053079795092344284,0.02180413343012333,0.018743557709967718,0.24809165000915528,1.198446011543274,0.9660060778260231,1.3271453008055687
100,1,layer_25.attn_o,0.10068294405937195,0.004628115451039497,0.051700908690690994,0.02180413343012333,0.03514112015254796,0.28416955918073655,1.198446011543274,0.9660060778260231,1.3271453008055687
100,1,layer_25.mlp_down,0.4026124179363251,0.021879166448134525,0.016702061519026756,0.02180413343012333,0.037354346551001075,0.16401093155145646,1.198446011543274,0.9660060778260231,1.3271453008055687
120,1,layer_0.attn_o,0.1049540713429451,0.005148780974609518,0.20822586119174957,0.018011873587965965,-0.026490846695378423,0.10996951442211866,1.1951979041099547,0.9603823870420456,1.3462359458208084
120,1,layer_0.mlp_down,0.34756913781166077,0.010675816788500702,0.005233441479504108,0.018011873587965965,-0.0008002007147297263,0.07449039344210177,1.1951979041099547,0.9603823870420456,1.3462359458208084
120,1,layer_1.attn_o,0.0965576246380806,0.004000904115922513,0.24379703402519226,0.018011873587965965,-0.02349635399878025,0.11565824525896459,1.1951979041099547,0.9603823870420456,1.3462359458208084
120,1,layer_1.mlp_down,0.4278515577316284,0.02274711429196548,0.0013306650798767805,0.018011873587965965,-0.0003844730439595878,0.07192872185260057,1.1951979041099547,0.9603823870420456,1.3462359458208084
120,1,layer_2.attn_o,0.10016600787639618,0.004401389241010061,0.07875758409500122,0.018011873587965965,-0.012516923598013818,0.1070798434317112,1.1951979041099547,0.9603823870420456,1.3462359458208084
120,1,layer_2.mlp_down,0.42926642298698425,0.023289756495173387,0.01974106766283512,0.018011873587965965,-0.007664556940198963,0.10742554822936654,1.1951979041099547,0.9603823870420456,1.3462359458208084
120,1,layer_3.attn_o,0.09470870345830917,0.0042077839970967555,0.01384752243757248,0.018011873587965965,-0.008013838087208569,0.11063672844320535,1.1951979041099547,0.9603823870420456,1.3462359458208084
120,1,layer_3.mlp_down,0.3827202320098877,0.017444551744966227,0.0033309103455394506,0.018011873587965965,-0.002417505218181759,0.08232804201543331,1.1951979041099547,0.9603823870420456,1.3462359458208084
120,1,layer_4.attn_o,0.11196862906217575,0.0060886352979936205,0.021722471341490746,0.018011873587965965,-0.0028849435853771865,0.11409428156912327,1.1951979041099547,0.9603823870420456,1.3462359458208084
120,1,layer_4.mlp_down,0.3351230025291443,0.010592901935710691,0.03302579000592232,0.018011873587965965,-0.0012074542348273099,0.1287032186985016,1.1951979041099547,0.9603823870420456,1.3462359458208084
120,1,layer_5.attn_o,0.09356571733951569,0.003704441338848738,0.31746330857276917,0.018011873587965965,0.03402489963918924,0.3098530873656273,1.1951979041099547,0.9603823870420456,1.3462359458208084
120,1,layer_5.mlp_down,0.35023316740989685,0.014122720487910485,0.018176816403865814,0.018011873587965965,-0.006270033289911226,0.09115046057850122,1.1951979041099547,0.9603823870420456,1.3462359458208084
120,1,layer_6.attn_o,0.10566597431898117,0.00574718010049032,0.01305892039090395,0.018011873587965965,-0.005876052309758961,0.1323918603360653,1.1951979041099547,0.9603823870420456,1.3462359458208084
120,1,layer_6.mlp_down,0.3599337637424469,0.015401068468823819,0.03898472338914871,0.018011873587965965,-0.0041933781218176595,0.1413813129067421,1.1951979041099547,0.9603823870420456,1.3462359458208084
120,1,layer_7.attn_o,0.08147989213466644,0.0025776574786341507,0.03185988590121269,0.018011873587965965,-0.00011110248742625117,0.2148993957787752,1.1951979041099547,0.9603823870420456,1.3462359458208084
120,1,layer_7.mlp_down,0.3192974030971527,0.010441773486580319,0.04591670632362366,0.018011873587965965,6.733270129188895e-06,0.181524071469903,1.1951979041099547,0.9603823870420456,1.3462359458208084
120,1,layer_8.attn_o,0.08500897139310837,0.0027098540472596127,0.02160242386162281,0.018011873587965965,-0.00030305641703307626,0.20342417433857918,1.1951979041099547,0.9603823870420456,1.3462359458208084
120,1,layer_8.mlp_down,0.3201180696487427,0.010378760393041097,0.04575791954994202,0.018011873587965965,-0.00013895342126488686,0.23062228336930274,1.1951979041099547,0.9603823870420456,1.3462359458208084
120,1,layer_9.attn_o,0.08013278990983963,0.002671027956170488,0.01429812703281641,0.018011873587965965,-0.0013218746564234607,0.30460335984826087,1.1951979041099547,0.9603823870420456,1.3462359458208084
120,1,layer_9.mlp_down,0.3653108775615692,0.018514250727072166,0.035860542207956314,0.018011873587965965,0.0018166415364248678,0.2938826888799667,1.1951979041099547,0.9603823870420456,1.3462359458208084
120,1,layer_10.attn_o,0.10189307481050491,0.00554207243360462,0.01605893485248089,0.018011873587965965,0.011408249381929636,0.35334150940179826,1.1951979041099547,0.9603823870420456,1.3462359458208084
120,1,layer_10.mlp_down,0.3090604245662689,0.009228565804203398,0.11331674456596375,0.018011873587965965,0.014168572425842286,0.39909778386354444,1.1951979041099547,0.9603823870420456,1.3462359458208084
120,1,layer_11.attn_o,0.09568902105093002,0.003985918952165014,0.049338795244693756,0.018011873587965965,0.028408767934888602,0.503779137134552,1.1951979041099547,0.9603823870420456,1.3462359458208084
120,1,layer_11.mlp_down,0.3760029971599579,0.02097865699157167,0.05199030414223671,0.018011873587965965,0.0135336646810174,0.376215560734272,1.1951979041099547,0.9603823870420456,1.3462359458208084
120,1,layer_12.attn_o,0.08819053322076797,0.003177691921909078,0.015940578654408455,0.018011873587965965,0.005170763668138534,0.34508362114429475,1.1951979041099547,0.9603823870420456,1.3462359458208084
120,1,layer_12.mlp_down,0.3399553894996643,0.012632432785371996,0.022325115278363228,0.018011873587965965,0.010033223778009415,0.2861989714205265,1.1951979041099547,0.9603823870420456,1.3462359458208084
120,1,layer_13.attn_o,0.10106416046619415,0.005247721998593184,0.00905416440218687,0.018011873587965965,0.0023914782097563146,0.2502575986087322,1.1951979041099547,0.9603823870420456,1.3462359458208084
120,1,layer_13.mlp_down,0.36420637369155884,0.017320403534340917,0.014796843752264977,0.018011873587965965,0.006526867870707065,0.25552680492401125,1.1951979041099547,0.9603823870420456,1.3462359458208084
120,1,layer_14.attn_o,0.08798271417617798,0.003073158299798488,0.011875401251018047,0.018011873587965965,0.002003372460603714,0.2824124626815319,1.1951979041099547,0.9603823870420456,1.3462359458208084
120,1,layer_14.mlp_down,0.3594043552875519,0.016098297275679668,0.01602044701576233,0.018011873587965965,-0.002786011106945807,0.30392534881830213,1.1951979041099547,0.9603823870420456,1.3462359458208084
120,1,layer_15.attn_o,0.10289953649044037,0.005596681410661558,0.023945743218064308,0.018011873587965965,0.006313529040198773,0.3906472370028496,1.1951979041099547,0.9603823870420456,1.3462359458208084
120,1,layer_15.mlp_down,0.3452378809452057,0.013562787406598177,0.014664503745734692,0.018011873587965965,-0.0011826277826912702,0.19183013029396534,1.1951979041099547,0.9603823870420456,1.3462359458208084
120,1,layer_16.attn_o,0.09943767637014389,0.004441890145247806,0.004865730181336403,0.018011873587965965,0.0019088232540525496,0.22427862286567687,1.1951979041099547,0.9603823870420456,1.3462359458208084
120,1,layer_16.mlp_down,0.32491984963417053,0.009898859873711521,0.013818820007145405,0.018011873587965965,0.004007290361914784,0.17357555143535136,1.1951979041099547,0.9603823870420456,1.3462359458208084
120,1,layer_17.attn_o,0.11139080673456192,0.00645178810003467,-0.0019098669290542603,0.018011873587965965,0.0012654206831939519,0.3624066010117531,1.1951979041099547,0.9603823870420456,1.3462359458208084
120,1,layer_17.mlp_down,0.34989696741104126,0.014179700284031265,0.01751941628754139,0.018011873587965965,0.003364930860698223,0.18622554689645768,1.1951979041099547,0.9603823870420456,1.3462359458208084
120,1,layer_18.attn_o,0.10294930636882782,0.005343917120902747,0.0027649879921227694,0.018011873587965965,-0.00045660799369215963,0.18575139045715333,1.1951979041099547,0.9603823870420456,1.3462359458208084
120,1,layer_18.mlp_down,0.34527188539505005,0.013710223389006475,0.02493967115879059,0.018011873587965965,0.0035646603791974485,0.2277128603309393,1.1951979041099547,0.9603823870420456,1.3462359458208084
120,1,layer_19.attn_o,0.10935544967651367,0.006288760603979518,0.01447740476578474,0.018011873587965965,0.0032206521136686206,0.20033522211015226,1.1951979041099547,0.9603823870420456,1.3462359458208084
120,1,layer_19.mlp_down,0.34462836384773254,0.014279144902670439,0.013165166601538658,0.018011873587965965,0.004811121651437133,0.20637541301548482,1.1951979041099547,0.9603823870420456,1.3462359458208084
120,1,layer_20.attn_o,0.07530226558446884,0.002458391841065435,0.01339769922196865,0.018011873587965965,0.0023525204276666047,0.31638786420226095,1.1951979041099547,0.9603823870420456,1.3462359458208084
120,1,layer_20.mlp_down,0.3715575635433197,0.020040435330731705,0.029141493141651154,0.018011873587965965,0.005251958718872629,0.24744888432323933,1.1951979041099547,0.9603823870420456,1.3462359458208084
120,1,layer_21.attn_o,0.07527084648609161,0.0030405180676658016,0.14424578845500946,0.018011873587965965,0.00758998952805996,0.45701850950717926,1.1951979041099547,0.9603823870420456,1.3462359458208084
120,1,layer_21.mlp_down,0.31764158606529236,0.010713737993533402,0.03409798443317413,0.018011873587965965,-0.003768022212898359,0.18061591908335686,1.1951979041099547,0.9603823870420456,1.3462359458208084
120,1,layer_22.attn_o,0.08043768256902695,0.0028594080665049417,0.026953786611557007,0.018011873587965965,8.081577252596616e-05,0.20899728089570999,1.1951979041099547,0.9603823870420456,1.3462359458208084
120,1,layer_22.mlp_down,0.3244110941886902,0.011295764458006965,0.05127522721886635,0.018011873587965965,2.4061091244220735e-05,0.19938210360705852,1.1951979041099547,0.9603823870420456,1.3462359458208084
120,1,layer_23.attn_o,0.0930871069431305,0.004253407917327375,0.06117013841867447,0.018011873587965965,-0.004143614042550326,0.2947463385760784,1.1951979041099547,0.9603823870420456,1.3462359458208084
120,1,layer_23.mlp_down,0.3097347021102905,0.009555418331953577,0.03007005900144577,0.018011873587965965,-0.0009171570185571909,0.21502710580825807,1.1951979041099547,0.9603823870420456,1.3462359458208084
120,1,layer_24.attn_o,0.08782359957695007,0.004590560929974774,0.07211758196353912,0.018011873587965965,-0.012277712346985936,0.4126968517899513,1.1951979041099547,0.9603823870420456,1.3462359458208084
120,1,layer_24.mlp_down,0.3520650267601013,0.015612550497928642,0.07982203364372253,0.018011873587965965,-0.0008351912721991539,0.23762693703174592,1.1951979041099547,0.9603823870420456,1.3462359458208084
120,1,layer_25.attn_o,0.08871311694383621,0.004077877849266436,0.0462641566991806,0.018011873587965965,0.0058491043746471405,0.2550321273505688,1.1951979041099547,0.9603823870420456,1.3462359458208084
120,1,layer_25.mlp_down,0.3703765869140625,0.020123830827750322,-0.08810045570135117,0.018011873587965965,0.0010498737916350364,0.1571353254839778,1.1951979041099547,0.9603823870420456,1.3462359458208084
140,1,layer_0.attn_o,0.09464478492736816,0.004643002642764656,0.03755401819944382,0.01877424865961075,-0.0235631737858057,0.13266773633658885,0.9845467507839203,0.9223078414797783,1.331386759877205
140,1,layer_0.mlp_down,0.3159099817276001,0.009703119890386918,0.0008827345445752144,0.01877424865961075,-0.0004979239078238606,0.07732325941324233,0.9845467507839203,0.9223078414797783,1.331386759877205
140,1,layer_1.attn_o,0.08665544539690018,0.003590595663967168,0.044696368277072906,0.01877424865961075,-0.03011752882739529,0.11927505591884255,0.9845467507839203,0.9223078414797783,1.331386759877205
140,1,layer_1.mlp_down,0.3806392252445221,0.02023301069589471,0.005520705133676529,0.01877424865961075,0.0005520472768694162,0.07820575889199972,0.9845467507839203,0.9223078414797783,1.331386759877205
140,1,layer_2.attn_o,0.09028397500514984,0.003967148729048694,-0.005324503872543573,0.01877424865961075,-0.005794440873432905,0.11375095024704933,0.9845467507839203,0.9223078414797783,1.331386759877205
140,1,layer_2.mlp_down,0.3844115436077118,0.020851575165767678,0.014546792954206467,0.01877424865961075,0.00024550784000894056,0.10907679609954357,0.9845467507839203,0.9223078414797783,1.331386759877205
140,1,layer_3.attn_o,0.08590077608823776,0.003816444411110588,0.005843156948685646,0.01877424865961075,-0.0007574404124170541,0.12634120900183915,0.9845467507839203,0.9223078414797783,1.331386759877205
140,1,layer_3.mlp_down,0.3512443006038666,0.01600822728518108,0.015361467376351357,0.01877424865961075,-0.004507165943505242,0.08993326053023339,0.9845467507839203,0.9223078414797783,1.331386759877205
140,1,layer_4.attn_o,0.10291997343301773,0.00559655109434607,0.007304960396140814,0.01877424865961075,-0.008541310392320155,0.12374012209475041,0.9845467507839203,0.9223078414797783,1.331386759877205
140,1,layer_4.mlp_down,0.3086410462856293,0.009755529199704911,0.016890892758965492,0.01877424865961075,-0.004121881880564615,0.14176560901105403,0.9845467507839203,0.9223078414797783,1.331386759877205
140,1,layer_5.attn_o,0.08497072756290436,0.0033641372075530495,0.01834562048316002,0.01877424865961075,-0.05856073703616858,0.24841037476435304,0.9845467507839203,0.9223078414797783,1.331386759877205
140,1,layer_5.mlp_down,0.3301515281200409,0.013312206757770876,0.004771422129124403,0.01877424865961075,-0.0023218125279527158,0.09798553232103586,0.9845467507839203,0.9223078414797783,1.331386759877205
140,1,layer_6.attn_o,0.09816198796033859,0.005338993975689283,0.010406321845948696,0.01877424865961075,-0.0033077808424422984,0.1445804461836815,0.9845467507839203,0.9223078414797783,1.331386759877205
140,1,layer_6.mlp_down,0.34064391255378723,0.01457452503482284,0.028037283569574356,0.01877424865961075,-0.0075702227069996296,0.13973787408322097,0.9845467507839203,0.9223078414797783,1.331386759877205
140,1,layer_7.attn_o,0.0753985047340393,0.0023852681381273592,0.023724878206849098,0.01877424865961075,-0.008738202578388154,0.21395796574652196,0.9845467507839203,0.9223078414797783,1.331386759877205
140,1,layer_7.mlp_down,0.30268242955207825,0.009898168070883522,0.01918763667345047,0.01877424865961075,-0.009218550496734678,0.18256971128284932,0.9845467507839203,0.9223078414797783,1.331386759877205
140,1,layer_8.attn_o,0.0806238204240799,0.002570063805921472,0.012406091205775738,0.01877424865961075,-0.003231196431443095,0.2006878949701786,0.9845467507839203,0.9223078414797783,1.331386759877205
140,1,layer_8.mlp_down,0.30229660868644714,0.009800679581893049,0.01807480677962303,0.01877424865961075,-0.0037414103280752897,0.22557933405041694,0.9845467507839203,0.9223078414797783,1.331386759877205
140,1,layer_9.attn_o,0.07619120925664902,0.0025396414200040277,0.01240577269345522,0.01877424865961075,0.0018987197254318744,0.29910877645015715,0.9845467507839203,0.9223078414797783,1.331386759877205
140,1,layer_9.mlp_down,0.34216129779815674,0.017338869273489436,0.01887228898704052,0.01877424865961075,0.005941255437210202,0.287858322262764,0.9845467507839203,0.9223078414797783,1.331386759877205
140,1,layer_10.attn_o,0.09668544679880142,0.005258789651114205,0.008445956744253635,0.01877424865961075,0.004895006201695651,0.3400304242968559,0.9845467507839203,0.9223078414797783,1.331386759877205
140,1,layer_10.mlp_down,0.28382179141044617,0.00847480138193282,0.13751189410686493,0.01877424865961075,0.010757779720006511,0.38761663138866426,0.9845467507839203,0.9223078414797783,1.331386759877205
140,1,layer_11.attn_o,0.08548945933580399,0.003561046227258318,0.0727481096982956,0.01877424865961075,0.011531719448976218,0.5466949880123139,0.9845467507839203,0.9223078414797783,1.331386759877205
140,1,layer_11.mlp_down,0.3465535044670105,0.019332171989381936,0.008585002273321152,0.01877424865961075,0.005994290753733367,0.38652858436107634,0.9845467507839203,0.9223078414797783,1.331386759877205
140,1,layer_12.attn_o,0.0796806663274765,0.0028710546904985885,-0.00014922628179192543,0.01877424865961075,0.001202439796179533,0.3599159747362137,0.9845467507839203,0.9223078414797783,1.331386759877205
140,1,layer_12.mlp_down,0.313931405544281,0.01166491744785699,0.007078671362251043,0.01877424865961075,0.004048951447475702,0.28826428949832916,0.9845467507839203,0.9223078414797783,1.331386759877205
140,1,layer_13.attn_o,0.0939859077334404,0.004880174544287893,0.0019056772580370307,0.01877424865961075,-0.0018105403520166873,0.22867674753069878,0.9845467507839203,0.9223078414797783,1.331386759877205
140,1,layer_13.mlp_down,0.3372596502304077,0.016037301076945478,0.006846151314675808,0.01877424865961075,0.0024374337401241062,0.2436465911567211,0.9845467507839203,0.9223078414797783,1.331386759877205
140,1,layer_14.attn_o,0.0843391939997673,0.0029458906186218877,-2.786211553029716e-05,0.01877424865961075,-0.000712394854053855,0.269323405623436,0.9845467507839203,0.9223078414797783,1.331386759877205
140,1,layer_14.mlp_down,0.33291125297546387,0.01491033962485869,0.006007870193570852,0.01877424865961075,0.0013239981606602668,0.2971630647778511,0.9845467507839203,0.9223078414797783,1.331386759877205
140,1,layer_15.attn_o,0.09523089230060577,0.005179573848773558,0.027260087430477142,0.01877424865961075,0.008528144750744104,0.42113207280635834,0.9845467507839203,0.9223078414797783,1.331386759877205
140,1,layer_15.mlp_down,0.3223170042037964,0.01266168687985201,0.008229151368141174,0.01877424865961075,0.006983663374558091,0.18248198181390762,0.9845467507839203,0.9223078414797783,1.331386759877205
140,1,layer_16.attn_o,0.09275244176387787,0.004143249863464847,0.0018713884055614471,0.01877424865961075,0.005413143057376146,0.20585356652736664,0.9845467507839203,0.9223078414797783,1.331386759877205
140,1,layer_16.mlp_down,0.303997278213501,0.009261223869117556,-0.0030864919535815716,0.01877424865961075,0.007192515381029807,0.1615169808268547,0.9845467507839203,0.9223078414797783,1.331386759877205
140,1,layer_17.attn_o,0.10313577950000763,0.0059736208521176375,-0.0032822713255882263,0.01877424865961075,0.0037909914448391647,0.41923865079879763,0.9845467507839203,0.9223078414797783,1.331386759877205
140,1,layer_17.mlp_down,0.33366847038269043,0.013521201640521202,0.006517705041915178,0.01877424865961075,0.005156287620775401,0.17771359533071518,0.9845467507839203,0.9223078414797783,1.331386759877205
140,1,layer_18.attn_o,0.09871763736009598,0.0051242332710991585,0.004618310369551182,0.01877424865961075,0.0005012930952943862,0.22709200605750085,0.9845467507839203,0.9223078414797783,1.331386759877205
140,1,layer_18.mlp_down,0.33034512400627136,0.013116798970549235,0.01433668565005064,0.01877424865961075,0.0042393978103064,0.22577870041131973,0.9845467507839203,0.9223078414797783,1.331386759877205
140,1,layer_19.attn_o,0.10826338827610016,0.0062259199368050345,0.017120929434895515,0.01877424865961075,-0.0008831132741761394,0.18729722052812575,0.9845467507839203,0.9223078414797783,1.331386759877205
140,1,layer_19.mlp_down,0.33343231678009033,0.013814454808724284,0.01176805142313242,0.01877424865961075,0.005611677467823028,0.1919562801718712,0.9845467507839203,0.9223078414797783,1.331386759877205
140,1,layer_20.attn_o,0.07482694834470749,0.0024428727978204755,0.010422284714877605,0.01877424865961075,0.0024565490952227266,0.3083549186587334,0.9845467507839203,0.9223078414797783,1.331386759877205
140,1,layer_20.mlp_down,0.3602132499217987,0.01942582132270828,0.026310764253139496,0.01877424865961075,0.006188555434346199,0.25862643867731094,0.9845467507839203,0.9223078414797783,1.331386759877205
140,1,layer_21.attn_o,0.07257683575153351,0.0029316940846154612,0.01187719777226448,0.01877424865961075,0.00818104957579635,0.5297627598047256,0.9845467507839203,0.9223078414797783,1.331386759877205
140,1,layer_21.mlp_down,0.3113873600959778,0.01050256073513477,0.017221417278051376,0.01877424865961075,0.005919014126993716,0.17252081409096717,0.9845467507839203,0.9223078414797783,1.331386759877205
140,1,layer_22.attn_o,0.0783999040722847,0.002786966234735844,0.007585345301777124,0.01877424865961075,0.0019044113345444203,0.16401083692908286,0.9845467507839203,0.9223078414797783,1.331386759877205
140,1,layer_22.mlp_down,0.31827521324157715,0.011081696459522849,0.02197406440973282,0.01877424865961075,0.0066899160854518415,0.191580930352211,0.9845467507839203,0.9223078414797783,1.331386759877205
140,1,layer_23.attn_o,0.09245014935731888,0.004224293987781641,0.01446275319904089,0.01877424865961075,0.003087484510615468,0.29691327214241026,0.9845467507839203,0.9223078414797783,1.331386759877205
140,1,layer_23.mlp_down,0.30124983191490173,0.00929345712445305,0.016207916662096977,0.01877424865961075,0.010631627216935158,0.21662289649248123,0.9845467507839203,0.9223078414797783,1.331386759877205
140,1,layer_24.attn_o,0.08577240258455276,0.00448332380291152,0.008963965810835361,0.01877424865961075,0.01536120381206274,0.40759924948215487,0.9845467507839203,0.9223078414797783,1.331386759877205
140,1,layer_24.mlp_down,0.34166473150253296,0.015150172746628445,0.028177686035633087,0.01877424865961075,0.012499380158260465,0.23854270875453948,0.9845467507839203,0.9223078414797783,1.331386759877205
140,1,layer_25.attn_o,0.0864989161491394,0.0039760882190405505,0.020521115511655807,0.01877424865961075,0.011469411477446557,0.2840554013848305,0.9845467507839203,0.9223078414797783,1.331386759877205
140,1,layer_25.mlp_down,0.3550417125225067,0.01928790004489668,0.037540070712566376,0.01877424865961075,0.02545519967097789,0.1610058221966028,0.9845467507839203,0.9223078414797783,1.331386759877205
160,1,layer_0.attn_o,0.09187169373035431,0.004506945424316585,-0.03629647195339203,-0.0038831117562949657,-0.009810384130105376,0.1692701095715165,1.0442144393920898,0.916626900434494,1.3223357573151588
160,1,layer_0.mlp_down,0.3024999797344208,0.00929102500942272,0.016221141442656517,-0.0038831117562949657,-7.029790431261063e-05,0.06943706758320331,1.0442144393920898,0.916626900434494,1.3223357573151588
160,1,layer_1.attn_o,0.08423572778701782,0.003490329213553597,-0.049899984151124954,-0.0038831117562949657,-0.008425734005868435,0.10128553062677384,1.0442144393920898,0.916626900434494,1.3223357573151588
160,1,layer_1.mlp_down,0.3517601191997528,0.01869524781565178,-9.218131162924692e-05,-0.0038831117562949657,-0.0006235762208234519,0.06813054773956537,1.0442144393920898,0.916626900434494,1.3223357573151588
160,1,layer_2.attn_o,0.08892219513654709,0.003907308432924989,-0.029600800946354866,-0.0038831117562949657,-0.006251892849104479,0.11440161913633347,1.0442144393920898,0.916626900434494,1.3223357573151588
160,1,layer_2.mlp_down,0.3532615900039673,0.019158702011648678,0.006929532624781132,-0.0038831117562949657,-0.0024960273614851756,0.10783789753913879,1.0442144393920898,0.916626900434494,1.3223357573151588
160,1,layer_3.attn_o,0.08507812023162842,0.0037798867002677987,0.009271490387618542,-0.0038831117562949657,-0.004352718676091172,0.12333216220140457,1.0442144393920898,0.916626900434494,1.3223357573151588
160,1,layer_3.mlp_down,0.3433041274547577,0.015644989187855996,0.003998255357146263,-0.0038831117562949657,0.0007657126305275596,0.08015646040439606,1.0442144393920898,0.916626900434494,1.3223357573151588
160,1,layer_4.attn_o,0.10085070878267288,0.005483990002793824,-0.0014930770266801119,-0.0038831117562949657,-0.010433486950933001,0.11772413328289985,1.0442144393920898,0.916626900434494,1.3223357573151588
160,1,layer_4.mlp_down,0.3023935556411743,0.009557842948830877,-0.03404949977993965,-0.0038831117562949657,-0.006087984249461442,0.1164796568453312,1.0442144393920898,0.916626900434494,1.3223357573151588
160,1,layer_5.attn_o,0.08189865946769714,0.0032424969962044155,0.05030416324734688,-0.0038831117562949657,-0.025022424291819334,0.22767186351120472,1.0442144393920898,0.916626900434494,1.3223357573151588
160,1,layer_5.mlp_down,0.32142093777656555,0.012959590157542073,0.002671560738235712,-0.0038831117562949657,-0.001567748561501503,0.07373747490346431,1.0442144393920898,0.916626900434494,1.3223357573151588
160,1,layer_6.attn_o,0.09630604088306427,0.005238012754584913,1.7252697944059037e-05,-0.0038831117562949657,-0.009145100112073123,0.11906010769307614,1.0442144393920898,0.916626900434494,1.3223357573151588
160,1,layer_6.mlp_down,0.3277074694633484,0.014020197807629529,0.006874070968478918,-0.0038831117562949657,-0.008766286913305521,0.11900799497961997,1.0442144393920898,0.916626900434494,1.3223357573151588
160,1,layer_7.attn_o,0.07383100688457489,0.0023356797270065325,0.0018238085322082043,-0.0038831117562949657,-0.017004919820465147,0.20398760586977005,1.0442144393920898,0.916626900434494,1.3223357573151588
160,1,layer_7.mlp_down,0.29119712114334106,0.009522359177648817,0.008845949545502663,-0.0038831117562949657,-0.0039365652250126,0.1560541357845068,1.0442144393920898,0.916626900434494,1.3223357573151588
160,1,layer_8.attn_o,0.07806439697742462,0.002488476333035593,-0.00451164273545146,-0.0038831117562949657,-0.013081533648073674,0.18096906505525112,1.0442144393920898,0.916626900434494,1.3223357573151588
160,1,layer_8.mlp_down,0.28742751479148865,0.009318429322034277,-0.0027212181594222784,-0.0038831117562949657,-0.0036191051593050362,0.19752002134919167,1.0442144393920898,0.916626900434494,1.3223357573151588
160,1,layer_9.attn_o,0.07437453418970108,0.002479086044229662,-0.00030527214403264225,-0.0038831117562949657,-0.008923988742753863,0.2641056224703789,1.0442144393920898,0.916626900434494,1.3223357573151588
160,1,layer_9.mlp_down,0.3254553973674774,0.016490810230925305,-0.01861446537077427,-0.0038831117562949657,-0.0017448293045163154,0.25581722557544706,1.0442144393920898,0.916626900434494,1.3223357573151588
160,1,layer_10.attn_o,0.09135702252388,0.004968948152788582,-0.006067301146686077,-0.0038831117562949657,-0.004532830743119121,0.32239439338445663,1.0442144393920898,0.916626900434494,1.3223357573151588
160,1,layer_10.mlp_down,0.2712182104587555,0.008098314228637158,0.006491381209343672,-0.0038831117562949657,0.02563982731080614,0.34162532687187197,1.0442144393920898,0.916626900434494,1.3223357573151588
160,1,layer_11.attn_o,0.08105948567390442,0.0033765074447437687,-0.0016499728662893176,-0.0038831117562949657,0.013557217619381844,0.49095051884651186,1.0442144393920898,0.916626900434494,1.3223357573151588
160,1,layer_11.mlp_down,0.33557167649269104,0.01871709125454349,0.00425597932189703,-0.0038831117562949657,-0.0028973702763323674,0.34278290867805483,1.0442144393920898,0.916626900434494,1.3223357573151588
160,1,layer_12.attn_o,0.07836928963661194,0.0028238037326121443,-0.004221600480377674,-0.0038831117562949657,-0.005010422877967357,0.31085335910320283,1.0442144393920898,0.916626900434494,1.3223357573151588
160,1,layer_12.mlp_down,0.3014930486679077,0.011202338612711055,-0.0034078669268637896,-0.0038831117562949657,-0.002318317243771162,0.23091138005256653,1.0442144393920898,0.916626900434494,1.3223357573151588
160,1,layer_13.attn_o,0.09124568849802017,0.004737868819672811,0.0024858321994543076,-0.0038831117562949657,-0.010826334566809237,0.18920949175953866,1.0442144393920898,0.916626900434494,1.3223357573151588
160,1,layer_13.mlp_down,0.32523348927497864,0.015464277032236125,0.002946402644738555,-0.0038831117562949657,-0.00942407303955406,0.20406610816717147,1.0442144393920898,0.916626900434494,1.3223357573151588
160,1,layer_14.attn_o,0.08145609498023987,0.002845184152533624,-0.0037108752876520157,-0.0038831117562949657,-0.0026070217834785582,0.23178967237472534,1.0442144393920898,0.916626900434494,1.3223357573151588
160,1,layer_14.mlp_down,0.3236919045448303,0.014496474857285667,0.0023640452418476343,-0.0038831117562949657,-0.0030410562198085246,0.25734852254390717,1.0442144393920898,0.916626900434494,1.3223357573151588
160,1,layer_15.attn_o,0.08850210160017014,0.0048135868654390805,0.0042039635591208935,-0.0038831117562949657,0.002143042883835733,0.3797580972313881,1.0442144393920898,0.916626900434494,1.3223357573151588
160,1,layer_15.mlp_down,0.3136420249938965,0.012320394273594966,0.0016050466801971197,-0.0038831117562949657,0.00355143177730497,0.1521962322294712,1.0442144393920898,0.916626900434494,1.3223357573151588
160,1,layer_16.attn_o,0.08788681775331497,0.003925898514726672,0.0052032144740223885,-0.0038831117562949657,0.004589168459642678,0.1834918588399887,1.0442144393920898,0.916626900434494,1.3223357573151588
160,1,layer_16.mlp_down,0.2966090440750122,0.009036024996626655,0.006115640047937632,-0.0038831117562949657,0.0034523590467870234,0.1284356951713562,1.0442144393920898,0.916626900434494,1.3223357573151588
160,1,layer_17.attn_o,0.09900577366352081,0.0057344009180886335,0.0063926405273377895,-0.0038831117562949657,0.009044288075529039,0.3799280524253845,1.0442144393920898,0.916626900434494,1.3223357573151588
160,1,layer_17.mlp_down,0.3205089569091797,0.012987363291420669,-0.00859050266444683,-0.0038831117562949657,0.0013094764668494462,0.14163651168346406,1.0442144393920898,0.916626900434494,1.3223357573151588
160,1,layer_18.attn_o,0.09296107292175293,0.004825405388654363,-0.008893294259905815,-0.0038831117562949657,0.0018897514208219945,0.16144750788807868,1.0442144393920898,0.916626900434494,1.3223357573151588
160,1,layer_18.mlp_down,0.31604379415512085,0.01254843883617471,0.00026471263845451176,-0.0038831117562949657,0.002885719109326601,0.18100388944149018,1.0442144393920898,0.916626900434494,1.3223357573151588
160,1,layer_19.attn_o,0.1040472686290741,0.0059834195561181665,-0.004163989797234535,-0.0038831117562949657,0.00675421841442585,0.14298659116029738,1.0442144393920898,0.916626900434494,1.3223357573151588
160,1,layer_19.mlp_down,0.3213123083114624,0.013311659897977219,0.0006343789864331484,-0.0038831117562949657,0.004970410349778831,0.1617296613752842,1.0442144393920898,0.916626900434494,1.3223357573151588
160,1,layer_20.attn_o,0.0755344107747078,0.0024659692993344246,-0.003242707811295986,-0.0038831117562949657,0.0061784408055245875,0.2776495724916458,1.0442144393920898,0.916626900434494,1.3223357573151588
160,1,layer_20.mlp_down,0.342987060546875,0.01849452638167611,-0.011033025570213795,-0.0038831117562949657,0.007496914337389171,0.20563841462135315,1.0442144393920898,0.916626900434494,1.3223357573151588
160,1,layer_21.attn_o,0.07210211455821991,0.002912514889144136,-0.03262750804424286,-0.0038831117562949657,0.013246456865454092,0.4779346317052841,1.0442144393920898,0.916626900434494,1.3223357573151588
160,1,layer_21.mlp_down,0.2950172424316406,0.009950228913033298,-0.008449681103229523,-0.0038831117562949657,0.008298637019470334,0.13957036286592484,1.0442144393920898,0.916626900434494,1.3223357573151588
160,1,layer_22.attn_o,0.07603122293949127,0.002702760131521808,-0.0036430370528250933,-0.0038831117562949657,0.00988277334254235,0.1378204569220543,1.0442144393920898,0.916626900434494,1.3223357573151588
160,1,layer_22.mlp_down,0.30319902300834656,0.010556551901414196,-0.008555318228900433,-0.0038831117562949657,0.003223280736710876,0.1527975507080555,1.0442144393920898,0.916626900434494,1.3223357573151588
160,1,layer_23.attn_o,0.08220156282186508,0.003756002832844415,-0.007330153603106737,-0.0038831117562949657,0.00391492850612849,0.2507206618785858,1.0442144393920898,0.916626900434494,1.3223357573151588
160,1,layer_23.mlp_down,0.2874326705932617,0.008867077073417988,-0.015568254515528679,-0.0038831117562949657,0.006747666606679558,0.18832263201475144,1.0442144393920898,0.916626900434494,1.3223357573151588
160,1,layer_24.attn_o,0.07898096740245819,0.0041283206436799665,-0.02921176329255104,-0.0038831117562949657,0.010494179325178266,0.3656489700078964,1.0442144393920898,0.916626900434494,1.3223357573151588
160,1,layer_24.mlp_down,0.3230324685573578,0.01432310221612083,-0.02109098993241787,-0.0038831117562949657,0.0021942951017990707,0.2000115767121315,1.0442144393920898,0.916626900434494,1.3223357573151588
160,1,layer_25.attn_o,0.07736542820930481,0.003556248719398338,-0.012890628539025784,-0.0038831117562949657,-0.003107720986008644,0.23976616263389589,1.0442144393920898,0.916626900434494,1.3223357573151588
160,1,layer_25.mlp_down,0.3385050594806671,0.018387463271517284,-0.02545066550374031,-0.0038831117562949657,0.0038413378410041333,0.12510613054037095,1.0442144393920898,0.916626900434494,1.3223357573151588
180,1,layer_0.attn_o,0.07993221282958984,0.003921222423955742,-0.04688306525349617,0.01591474749147892,0.07292651273310184,0.16879240814596413,0.9980184257030487,0.8991492465138435,1.328776866197586
180,1,layer_0.mlp_down,0.2705145478248596,0.008308507235257907,-0.004126586951315403,0.01591474749147892,0.0038988895714282988,0.07383086156332866,0.9980184257030487,0.8991492465138435,1.328776866197586
180,1,layer_1.attn_o,0.07694534212350845,0.0031882418789629906,0.11605695635080338,0.01591474749147892,0.016825522342696787,0.10997899584472179,0.9980184257030487,0.8991492465138435,1.328776866197586
180,1,layer_1.mlp_down,0.32107648253440857,0.017062368917895934,-0.006993097253143787,0.01591474749147892,0.003380207228474319,0.07778752464801073,0.9980184257030487,0.8991492465138435,1.328776866197586
180,1,layer_2.attn_o,0.07933705300092697,0.0034861218652909656,0.02161111682653427,0.01591474749147892,0.00617793754208833,0.1352162784896791,0.9980184257030487,0.8991492465138435,1.328776866197586
180,1,layer_2.mlp_down,0.3271152675151825,0.017738307103964002,0.009731609374284744,0.01591474749147892,0.008188080234685913,0.09893185258843004,0.9980184257030487,0.8991492465138435,1.328776866197586
180,1,layer_3.attn_o,0.07624168694019318,0.0033872953222096464,0.0027007272001355886,0.01591474749147892,0.0029230456333607436,0.11366940010339022,0.9980184257030487,0.8991492465138435,1.328776866197586
180,1,layer_3.mlp_down,0.30747467279434204,0.014011244546266332,-0.017000161111354828,0.01591474749147892,0.015563635421858634,0.0847668587230146,0.9980184257030487,0.8991492465138435,1.328776866197586
180,1,layer_4.attn_o,0.09164617955684662,0.004983437856781952,0.009627136401832104,0.01591474749147892,0.008048072387464345,0.1368774723261595,0.9980184257030487,0.8991492465138435,1.328776866197586
180,1,layer_4.mlp_down,0.273158460855484,0.008633614288289036,-0.02562757208943367,0.01591474749147892,0.014397430652752518,0.13619173280894756,0.9980184257030487,0.8991492465138435,1.328776866197586
180,1,layer_5.attn_o,0.07358671724796295,0.0029134099244382356,0.07291465252637863,0.01591474749147892,0.031799709610641005,0.2918350286781788,0.9980184257030487,0.8991492465138435,1.328776866197586
180,1,layer_5.mlp_down,0.2913724184036255,0.011747591680478207,-0.014646158553659916,0.01591474749147892,0.008769953080627602,0.09764693956822157,0.9980184257030487,0.8991492465138435,1.328776866197586
180,1,layer_6.attn_o,0.0890636071562767,0.00484407964613747,0.0026637837290763855,0.01591474749147892,0.005726853827945888,0.14400318264961243,0.9980184257030487,0.8991492465138435,1.328776866197586
180,1,layer_6.mlp_down,0.3012063503265381,0.012885658629772223,0.0005270110559649765,0.01591474749147892,0.015350636374205352,0.15259652845561505,0.9980184257030487,0.8991492465138435,1.328776866197586
180,1,layer_7.attn_o,0.06927389651536942,0.0021915118746881623,0.0019216198706999421,0.01591474749147892,0.017482556830509567,0.22685700953006743,0.9980184257030487,0.8991492465138435,1.328776866197586
180,1,layer_7.mlp_down,0.2710353136062622,0.008862849321804192,-0.0009550089598633349,0.01591474749147892,0.026286446629092096,0.19531622231006623,0.9980184257030487,0.8991492465138435,1.328776866197586
180,1,layer_8.attn_o,0.07186497002840042,0.002290855249269601,0.0016683002468198538,0.01591474749147892,0.019533043424598873,0.2312375620007515,0.9980184257030487,0.8991492465138435,1.328776866197586
180,1,layer_8.mlp_down,0.2677859365940094,0.008681505094311107,0.00848874356597662,0.01591474749147892,0.025253782514482737,0.2360967792570591,0.9980184257030487,0.8991492465138435,1.328776866197586
180,1,layer_9.attn_o,0.07036881148815155,0.002345562925048892,0.005530951544642448,0.01591474749147892,0.023455526283942162,0.3138977333903313,0.9980184257030487,0.8991492465138435,1.328776866197586
180,1,layer_9.mlp_down,0.3088749945163727,0.015649192236006138,0.014900595881044865,0.01591474749147892,0.016010070737684144,0.2959079772233963,0.9980184257030487,0.8991492465138435,1.328776866197586
180,1,layer_10.attn_o,0.08640683442354202,0.004699686256435713,0.005504123866558075,0.01591474749147892,0.01472731918329373,0.37098382115364076,0.9980184257030487,0.8991492465138435,1.328776866197586
180,1,layer_10.mlp_down,0.25661981105804443,0.007662283949435858,0.04464306682348251,0.01591474749147892,0.03474795464426279,0.38444713652133944,0.9980184257030487,0.8991492465138435,1.328776866197586
180,1,layer_11.attn_o,0.08002224564552307,0.003333296769829304,0.04863808676600456,0.01591474749147892,0.026058542635291816,0.5298639446496963,0.9980184257030487,0.8991492465138435,1.328776866197586
180,1,layer_11.mlp_down,0.31781861186027527,0.017724590396338627,0.03799303621053696,0.01591474749147892,0.014413137652445585,0.3857143968343735,0.9980184257030487,0.8991492465138435,1.328776866197586
180,1,layer_12.attn_o,0.07346468418836594,0.0026470790767288478,0.005825108848512173,0.01591474749147892,0.0055324611370451745,0.3718313634395599,0.9980184257030487,0.8991492465138435,1.328776866197586
180,1,layer_12.mlp_down,0.28006455302238464,0.010405850085852519,0.023833245038986206,0.01591474749147892,0.010948408144759014,0.2761119231581688,0.9980184257030487,0.8991492465138435,1.328776866197586
180,1,layer_13.attn_o,0.08167198300361633,0.00424075201038763,0.006466795224696398,0.01591474749147892,0.0106481205788441,0.2374875433743,0.9980184257030487,0.8991492465138435,1.328776866197586
180,1,layer_13.mlp_down,0.29922425746917725,0.014226732517125758,0.017874952405691147,0.01591474749147892,0.011445558653213084,0.23909492492675782,0.9980184257030487,0.8991492465138435,1.328776866197586
180,1,layer_14.attn_o,0.07098377496004105,0.002479396605897417,0.01704299822449684,0.01591474749147892,0.014550932083511724,0.27911700308322906,0.9980184257030487,0.8991492465138435,1.328776866197586
180,1,layer_14.mlp_down,0.2932048439979553,0.013130401465901099,0.01346831675618887,0.01591474749147892,0.006491836591158063,0.2947561666369438,0.9980184257030487,0.8991492465138435,1.328776866197586
180,1,layer_15.attn_o,0.08281707018613815,0.004504363443627413,0.04134811833500862,0.01591474749147892,0.028024188335984947,0.4092864185571671,0.9980184257030487,0.8991492465138435,1.328776866197586
180,1,layer_15.mlp_down,0.2827160954475403,0.01110517407161872,0.020239152014255524,0.01591474749147892,0.005198125448077917,0.18446450605988501,0.9980184257030487,0.8991492465138435,1.328776866197586
180,1,layer_16.attn_o,0.07874295115470886,0.003517439283380533,0.024274073541164398,0.01591474749147892,0.009133950294926762,0.2170252688229084,0.9980184257030487,0.8991492465138435,1.328776866197586
180,1,layer_16.mlp_down,0.2620357871055603,0.007982648957263467,0.038461148738861084,0.01591474749147892,0.002949791250284761,0.18367898762226104,0.9980184257030487,0.8991492465138435,1.328776866197586
180,1,layer_17.attn_o,0.08544205129146576,0.004948766818242443,0.05154447630047798,0.01591474749147892,0.0029167979490011932,0.43655173033475875,0.9980184257030487,0.8991492465138435,1.328776866197586
180,1,layer_17.mlp_down,0.2885873019695282,0.011693354217773738,0.030018171295523643,0.01591474749147892,0.005140322091756388,0.1960306979715824,0.9980184257030487,0.8991492465138435,1.328776866197586
180,1,layer_18.attn_o,0.07954602688550949,0.004129053233490391,0.007736420724540949,0.01591474749147892,0.0015094856731593608,0.23787124305963517,0.9980184257030487,0.8991492465138435,1.328776866197586
180,1,layer_18.mlp_down,0.28413668274879456,0.011281168393543766,0.030856752768158913,0.01591474749147892,0.0019419562770053745,0.24157565459609032,0.9980184257030487,0.8991492465138435,1.328776866197586
180,1,layer_19.attn_o,0.09319072961807251,0.005359057147664156,0.02400857023894787,0.01591474749147892,0.0040627374779433015,0.21293679103255272,0.9980184257030487,0.8991492465138435,1.328776866197586
180,1,layer_19.mlp_down,0.2830909192562103,0.011727664622967003,0.02259167842566967,0.01591474749147892,-0.0024337933864444494,0.2233769826591015,0.9980184257030487,0.8991492465138435,1.328776866197586
180,1,layer_20.attn_o,0.0660352036356926,0.0021558461929067486,0.02578621357679367,0.01591474749147892,0.0005671710823662579,0.3304471418261528,0.9980184257030487,0.8991492465138435,1.328776866197586
180,1,layer_20.mlp_down,0.30748388171195984,0.016578341053809523,0.031019337475299835,0.01591474749147892,-0.005554893426597119,0.26435744017362595,0.9980184257030487,0.8991492465138435,1.328776866197586
180,1,layer_21.attn_o,0.06545712798833847,0.0026440924152776723,0.16555249691009521,0.01591474749147892,-0.012493082322180271,0.5140158772468567,0.9980184257030487,0.8991492465138435,1.328776866197586
180,1,layer_21.mlp_down,0.2623966336250305,0.008849835848383886,0.03887299820780754,0.01591474749147892,-0.0027184758335351946,0.19431256726384163,0.9980184257030487,0.8991492465138435,1.328776866197586
180,1,layer_22.attn_o,0.06898549199104309,0.0024522956218354895,0.032371800392866135,0.01591474749147892,-0.0029943511821329595,0.18504670932888984,0.9980184257030487,0.8991492465138435,1.328776866197586
180,1,layer_22.mlp_down,0.2687396705150604,0.009356591060936958,0.03860655054450035,0.01591474749147892,-0.004836511064786464,0.21179626286029815,0.9980184257030487,0.8991492465138435,1.328776866197586
180,1,layer_23.attn_o,0.07047160714864731,0.0032200220030240093,0.05345417559146881,0.01591474749147892,7.313196547329426e-05,0.3110764756798744,0.9980184257030487,0.8991492465138435,1.328776866197586
180,1,layer_23.mlp_down,0.25511062145233154,0.007869857405011746,0.026692122220993042,0.01591474749147892,-0.004174852895084768,0.23104044646024705,0.9980184257030487,0.8991492465138435,1.328776866197586
180,1,layer_24.attn_o,0.07456018030643463,0.003897241475440032,0.048865873366594315,0.01591474749147892,-0.011734850564971566,0.42550593614578247,0.9980184257030487,0.8991492465138435,1.328776866197586
180,1,layer_24.mlp_down,0.2917567789554596,0.012935608384569914,0.047706328332424164,0.01591474749147892,0.0005466299480758607,0.2545893587172031,0.9980184257030487,0.8991492465138435,1.328776866197586
180,1,layer_25.attn_o,0.07010304927825928,0.0032224140399530585,0.05162372067570686,0.01591474749147892,0.008582531078718602,0.28362027257680894,0.9980184257030487,0.8991492465138435,1.328776866197586
180,1,layer_25.mlp_down,0.3079536259174347,0.01672595961200534,-0.026499604806303978,0.01591474749147892,-0.00835754219442606,0.14758163951337339,0.9980184257030487,0.8991492465138435,1.328776866197586
200,1,layer_0.attn_o,0.07141441106796265,0.003503356738187583,0.12627139687538147,0.006665490102022886,0.023709832318127157,0.1998559543862939,0.9614559412002563,0.89558956772089,1.3193015828728676
200,1,layer_0.mlp_down,0.24379418790340424,0.007487719513748715,-0.0041235280223190784,0.006665490102022886,0.0008015873498152359,0.1069017443805933,0.9614559412002563,0.89558956772089,1.3193015828728676
200,1,layer_1.attn_o,0.06830744445323944,0.002830323691523076,0.1535721719264984,0.006665490102022886,0.012377889081835746,0.1781120128929615,0.9614559412002563,0.89558956772089,1.3193015828728676
200,1,layer_1.mlp_down,0.28203195333480835,0.014986049201025505,0.0006604585214518011,0.006665490102022886,0.0024819161742925646,0.09872219078242779,0.9614559412002563,0.89558956772089,1.3193015828728676
200,1,layer_2.attn_o,0.0705697238445282,0.0031008755445345866,-0.0012947004288434982,0.006665490102022886,0.0068346970481798055,0.1516895540058613,0.9614559412002563,0.89558956772089,1.3193015828728676
200,1,layer_2.mlp_down,0.2832346260547638,0.015357148498939708,0.0018810741603374481,0.006665490102022886,0.004335308706504293,0.12945875562727452,0.9614559412002563,0.89558956772089,1.3193015828728676
200,1,layer_3.attn_o,0.0682208389043808,0.0030309375995697238,0.0017762273782864213,0.006665490102022886,0.006221874736365862,0.13709293454885482,0.9614559412002563,0.89558956772089,1.3193015828728676
200,1,layer_3.mlp_down,0.27588897943496704,0.012571192184208643,0.021601783111691475,0.006665490102022886,0.005604908516397699,0.11094203609973192,0.9614559412002563,0.89558956772089,1.3193015828728676
200,1,layer_4.attn_o,0.08241497725248337,0.004481441347729772,0.004358192905783653,0.006665490102022886,0.013589148410846973,0.1436838995665312,0.9614559412002563,0.89558956772089,1.3193015828728676
200,1,layer_4.mlp_down,0.24665632843971252,0.007795847991609203,0.010066715069115162,0.006665490102022886,0.0017366933170706034,0.16582783460617065,0.9614559412002563,0.89558956772089,1.3193015828728676
200,1,layer_5.attn_o,0.06239612400531769,0.002470352114523941,0.16772305965423584,0.006665490102022886,0.03669732044509146,0.33418331369757653,0.9614559412002563,0.89558956772089,1.3193015828728676
200,1,layer_5.mlp_down,0.2632191479206085,0.010612152668197436,0.017589326947927475,0.006665490102022886,-0.00012623167131096125,0.10720864441245795,0.9614559412002563,0.89558956772089,1.3193015828728676
200,1,layer_6.attn_o,0.07885871827602386,0.004289040706781473,0.0070038544945418835,0.006665490102022886,0.003640906227519736,0.1315642148256302,0.9614559412002563,0.89558956772089,1.3193015828728676
200,1,layer_6.mlp_down,0.2720141112804413,0.011636330213693263,0.013027241453528404,0.006665490102022886,-0.00039156717248260974,0.14885324388742446,0.9614559412002563,0.89558956772089,1.3193015828728676
200,1,layer_7.attn_o,0.06118902564048767,0.0019357405449381075,0.0015476852422580123,0.006665490102022886,0.00228208121843636,0.21647381782531738,0.9614559412002563,0.89558956772089,1.3193015828728676
200,1,layer_7.mlp_down,0.24310076236724854,0.007949293375354318,0.02644621767103672,0.006665490102022886,0.0006366911344230175,0.19226687103509904,0.9614559412002563,0.89558956772089,1.3193015828728676
200,1,layer_8.attn_o,0.06456509232521057,0.0020581534609426175,0.006920648273080587,0.006665490102022886,0.0025450132787227632,0.18936021104454995,0.9614559412002563,0.89558956772089,1.3193015828728676
200,1,layer_8.mlp_down,0.23924367129802704,0.007756052891535537,0.021711144596338272,0.006665490102022886,-0.004352803219808266,0.22449060007929802,0.9614559412002563,0.89558956772089,1.3193015828728676
200,1,layer_9.attn_o,0.06194177642464638,0.0020646679916089135,0.011400381103157997,0.006665490102022886,-0.0070580487504230405,0.3005234330892563,0.9614559412002563,0.89558956772089,1.3193015828728676
200,1,layer_9.mlp_down,0.27870577573776245,0.014119619617370033,0.021684924140572548,0.006665490102022886,-0.003037480521015823,0.2937076225876808,0.9614559412002563,0.89558956772089,1.3193015828728676
200,1,layer_10.attn_o,0.07557749003171921,0.004110660113893582,0.0013772858073934913,0.006665490102022886,-0.006101767340442166,0.3692312344908714,0.9614559412002563,0.89558956772089,1.3193015828728676
200,1,layer_10.mlp_down,0.22991709411144257,0.00686492600342113,0.04891857132315636,0.006665490102022886,0.014615696482360363,0.38947919607162473,0.9614559412002563,0.89558956772089,1.3193015828728676
200,1,layer_11.attn_o,0.06953899562358856,0.002896615840604918,-0.005485230125486851,0.006665490102022886,0.015727751539088786,0.5358098834753037,0.9614559412002563,0.89558956772089,1.3193015828728676
200,1,layer_11.mlp_down,0.28904977440834045,0.016118453398151426,0.02293512597680092,0.006665490102022886,-0.00688807675614953,0.36965351104736327,0.9614559412002563,0.89558956772089,1.3193015828728676
200,1,layer_12.attn_o,0.06609247624874115,0.0023814429044612955,0.005720570217818022,0.006665490102022886,-0.008061883749905973,0.3427202612161636,0.9614559412002563,0.89558956772089,1.3193015828728676
200,1,layer_12.mlp_down,0.2586512863636017,0.009610052334580677,0.011167568154633045,0.006665490102022886,-0.001847116336284671,0.2541384115815163,0.9614559412002563,0.89558956772089,1.3193015828728676
200,1,layer_13.attn_o,0.07619528472423553,0.003956379642026543,0.00021172547712922096,0.006665490102022886,-0.006535218085628003,0.20607376769185065,0.9614559412002563,0.89558956772089,1.3193015828728676
200,1,layer_13.mlp_down,0.2772183120250702,0.013179752168880421,0.01330395508557558,0.006665490102022886,-0.0006948380614630878,0.21634718477725984,0.9614559412002563,0.89558956772089,1.3193015828728676
200,1,layer_14.attn_o,0.06531539559364319,0.00228140330933296,0.007716171909123659,0.006665490102022886,-0.006745103094726801,0.24637672156095505,0.9614559412002563,0.89558956772089,1.3193015828728676
200,1,layer_14.mlp_down,0.2762760818004608,0.01237179295686582,0.0025404870975762606,0.006665490102022886,-0.0010631086479406804,0.26436916589736936,0.9614559412002563,0.89558956772089,1.3193015828728676
200,1,layer_15.attn_o,0.07687802612781525,0.004181335551121515,0.005955976899713278,0.006665490102022886,-0.012918408215045928,0.3937680721282959,0.9614559412002563,0.89558956772089,1.3193015828728676
200,1,layer_15.mlp_down,0.2647792398929596,0.010400295699582885,0.015057140029966831,0.006665490102022886,0.0016364700684789568,0.16182416789233683,0.9614559412002563,0.89558956772089,1.3193015828728676
200,1,layer_16.attn_o,0.07079989463090897,0.0031626213650910685,0.00906936451792717,0.006665490102022886,-0.0015060888836160302,0.183261638879776,0.9614559412002563,0.89558956772089,1.3193015828728676
200,1,layer_16.mlp_down,0.24299871921539307,0.007402640734138937,0.020777730271220207,0.006665490102022886,-0.0005000596400350332,0.160955198854208,0.9614559412002563,0.89558956772089,1.3193015828728676
200,1,layer_17.attn_o,0.07737241685390472,0.004481373601028375,0.026480358093976974,0.006665490102022886,-0.001281366078183055,0.4122859388589859,0.9614559412002563,0.89558956772089,1.3193015828728676
200,1,layer_17.mlp_down,0.2708761692047119,0.010975457122900115,0.01323844213038683,0.006665490102022886,0.0006949752336367965,0.17087789326906205,0.9614559412002563,0.89558956772089,1.3193015828728676
200,1,layer_18.attn_o,0.07497304677963257,0.003891676775183024,0.003676682012155652,0.006665490102022886,0.001365888028522022,0.2077367462217808,0.9614559412002563,0.89558956772089,1.3193015828728676
200,1,layer_18.mlp_down,0.2665737271308899,0.010583602748285783,0.011896214447915554,0.006665490102022886,0.0022700484725646673,0.2194022446870804,0.9614559412002563,0.89558956772089,1.3193015828728676
200,1,layer_19.attn_o,0.0873393714427948,0.005022554324190014,0.00879743229597807,0.006665490102022886,-0.002375083118386101,0.1666087470948696,0.9614559412002563,0.89558956772089,1.3193015828728676
200,1,layer_19.mlp_down,0.26698213815689087,0.011060010035552629,0.005597186274826527,0.006665490102022886,0.0020169255381915717,0.1929933473467827,0.9614559412002563,0.89558956772089,1.3193015828728676
200,1,layer_20.attn_o,0.06201549246907234,0.00202461272363669,0.004080684389919043,0.006665490102022886,-0.002540574362501502,0.31758115589618685,0.9614559412002563,0.89558956772089,1.3193015828728676
200,1,layer_20.mlp_down,0.29371702671051025,0.015834851172731243,0.0060227857902646065,0.006665490102022886,0.005729127023369074,0.25678681284189225,0.9614559412002563,0.89558956772089,1.3193015828728676
200,1,layer_21.attn_o,0.060432929545640945,0.0024411428718406434,-0.017104392871260643,0.006665490102022886,0.01132176523678936,0.524259802699089,0.9614559412002563,0.89558956772089,1.3193015828728676
200,1,layer_21.mlp_down,0.2505086064338684,0.008448761330985932,0.0012947000795975327,0.006665490102022886,0.007299769436940551,0.18000251203775405,0.9614559412002563,0.89558956772089,1.3193015828728676
200,1,layer_22.attn_o,0.06665617227554321,0.002369493468422801,-0.004319542087614536,0.006665490102022886,0.0018868552055209876,0.1726902313530445,0.9614559412002563,0.89558956772089,1.3193015828728676
200,1,layer_22.mlp_down,0.25594407320022583,0.008910962184173582,-0.009356467053294182,0.006665490102022886,0.009593291115015746,0.1912367284297943,0.9614559412002563,0.89558956772089,1.3193015828728676
200,1,layer_23.attn_o,0.06524068862199783,0.0029810029439931163,-0.009172600694000721,0.006665490102022886,0.009546319907531142,0.29745168089866636,0.9614559412002563,0.89558956772089,1.3193015828728676
200,1,layer_23.mlp_down,0.24135029315948486,0.007445271366259375,-0.005316048860549927,0.006665490102022886,0.005998009722679854,0.21796411722898484,0.9614559412002563,0.89558956772089,1.3193015828728676
200,1,layer_24.attn_o,0.0728527083992958,0.0038079893202318787,-0.012814568355679512,0.006665490102022886,0.0050081581459380685,0.4303934544324875,0.9614559412002563,0.89558956772089,1.3193015828728676
200,1,layer_24.mlp_down,0.2766389548778534,0.012264836334517063,-0.009756429120898247,0.006665490102022886,-0.0018784745974699036,0.25262184739112853,0.9614559412002563,0.89558956772089,1.3193015828728676
200,1,layer_25.attn_o,0.06868965178728104,0.003157442441460126,-0.014669395983219147,0.006665490102022886,-0.021081076562404634,0.26336841732263566,0.9614559412002563,0.89558956772089,1.3193015828728676
200,1,layer_25.mlp_down,0.2879486382007599,0.015638097091411594,-0.040983621031045914,0.006665490102022886,-0.001568577066063881,0.17780934497714043,0.9614559412002563,0.89558956772089,1.3193015828728676
220,1,layer_0.attn_o,0.0637676864862442,0.003128223562744375,0.16325806081295013,0.08441205322742462,0.08741307402960956,0.17755022123456002,0.9555428802967072,0.8909053653478622,1.3166004419326782
220,1,layer_0.mlp_down,0.21780438721179962,0.006689424750125156,0.03235018625855446,0.08441205322742462,0.008638344530481845,0.07573124580085278,0.9555428802967072,0.8909053653478622,1.3166004419326782
220,1,layer_1.attn_o,0.060047585517168045,0.0024880768476514626,0.2627125680446625,0.08441205322742462,0.05234150248579681,0.12435757145285606,0.9555428802967072,0.8909053653478622,1.3166004419326782
220,1,layer_1.mlp_down,0.2529641091823578,0.013440614879080819,0.015260322950780392,0.08441205322742462,0.00713735434692353,0.07320156879723072,0.9555428802967072,0.8909053653478622,1.3166004419326782
220,1,layer_2.attn_o,0.06167689710855484,0.002710118779002859,0.11505305022001266,0.08441205322742462,0.020232901330746244,0.12646550685167313,0.9555428802967072,0.8909053653478622,1.3166004419326782
220,1,layer_2.mlp_down,0.2520543932914734,0.013665574042324465,0.05685293674468994,0.08441205322742462,0.011159701214637607,0.11570409759879112,0.9555428802967072,0.8909053653478622,1.3166004419326782
220,1,layer_3.attn_o,0.05998238921165466,0.002664914595410639,0.08149687200784683,0.08441205322742462,0.013277927599847316,0.126015305519104,0.9555428802967072,0.8909053653478622,1.3166004419326782
220,1,layer_3.mlp_down,0.24506641924381256,0.01116626361971967,0.03129609301686287,0.08441205322742462,0.012105760525446384,0.09636473394930363,0.9555428802967072,0.8909053653478622,1.3166004419326782
220,1,layer_4.attn_o,0.0718364492058754,0.0039062082710091856,0.060741037130355835,0.08441205322742462,0.020099338702857496,0.1347145766019821,0.9555428802967072,0.8909053653478622,1.3166004419326782
220,1,layer_4.mlp_down,0.21550489962100983,0.006811200120065911,0.10204684734344482,0.08441205322742462,0.01664396629203111,0.14246006458997726,0.9555428802967072,0.8909053653478622,1.3166004419326782
220,1,layer_5.attn_o,0.056316617876291275,0.0022296548983232224,0.30700039863586426,0.08441205322742462,0.07681124173104763,0.29118502587080003,0.9555428802967072,0.8909053653478622,1.3166004419326782
220,1,layer_5.mlp_down,0.2343229353427887,0.009446926215861863,0.028675762936472893,0.08441205322742462,0.00812506047077477,0.08769577369093895,0.9555428802967072,0.8909053653478622,1.3166004419326782
220,1,layer_6.attn_o,0.07035021483898163,0.0038262652290625733,0.013314981013536453,0.08441205322742462,0.005593688599765301,0.1367837555706501,0.9555428802967072,0.8909053653478622,1.3166004419326782
220,1,layer_6.mlp_down,0.24048587679862976,0.01028727438938676,0.04600243642926216,0.08441205322742462,0.01375607221852988,0.1435645490884781,0.9555428802967072,0.8909053653478622,1.3166004419326782
220,1,layer_7.attn_o,0.05436062067747116,0.0017197210838368747,0.036383505910634995,0.08441205322742462,0.007878141256514936,0.23343808203935623,0.9555428802967072,0.8909053653478622,1.3166004419326782
220,1,layer_7.mlp_down,0.21426349878311157,0.007006231642175826,0.04387636482715607,0.08441205322742462,0.02309413724578917,0.19554774165153505,0.9555428802967072,0.8909053653478622,1.3166004419326782
220,1,layer_8.attn_o,0.057277366518974304,0.0018258390492196148,0.01709337718784809,0.08441205322742462,0.01421862905845046,0.22536500841379165,0.9555428802967072,0.8909053653478622,1.3166004419326782
220,1,layer_8.mlp_down,0.21190916001796722,0.006869840439806126,0.0432768352329731,0.08441205322742462,0.03408494703471661,0.23477721512317656,0.9555428802967072,0.8909053653478622,1.3166004419326782
220,1,layer_9.attn_o,0.054572202265262604,0.001819024026107146,0.019862283021211624,0.08441205322742462,0.028728677658364177,0.3211961597204208,0.9555428802967072,0.8909053653478622,1.3166004419326782
220,1,layer_9.mlp_down,0.24845686554908752,0.012586497902780389,0.06346888840198517,0.08441205322742462,0.02635475932620466,0.2945991098880768,0.9555428802967072,0.8909053653478622,1.3166004419326782
220,1,layer_10.attn_o,0.06723157316446304,0.0036567176815215166,0.042687609791755676,0.08441205322742462,0.02661179010756314,0.3660929262638092,0.9555428802967072,0.8909053653478622,1.3166004419326782
220,1,layer_10.mlp_down,0.20478741824626923,0.00611455216048932,0.26553264260292053,0.08441205322742462,0.047238535201177004,0.39170303344726565,0.9555428802967072,0.8909053653478622,1.3166004419326782
220,1,layer_11.attn_o,0.06105954945087433,0.0025434016246557584,0.2331080287694931,0.08441205322742462,0.04582961201667786,0.5091799855232239,0.9555428802967072,0.8909053653478622,1.3166004419326782
220,1,layer_11.mlp_down,0.25528407096862793,0.014234407410778369,0.18803447484970093,0.08441205322742462,0.027214648631343152,0.377643820643425,0.9555428802967072,0.8909053653478622,1.3166004419326782
220,1,layer_12.attn_o,0.058718834072351456,0.002115753782315332,0.027518432587385178,0.08441205322742462,0.026009116799104958,0.36264205276966094,0.9555428802967072,0.8909053653478622,1.3166004419326782
220,1,layer_12.mlp_down,0.23022152483463287,0.008553591609318732,0.09504560381174088,0.08441205322742462,0.02615209366194904,0.26586776971817017,0.9555428802967072,0.8909053653478622,1.3166004419326782
220,1,layer_13.attn_o,0.06836754828691483,0.003549915878462811,0.010733881033957005,0.08441205322742462,0.01594731897348538,0.24674343466758727,0.9555428802967072,0.8909053653478622,1.3166004419326782
220,1,layer_13.mlp_down,0.24566201865673065,0.011679016010200636,0.05984535068273544,0.08441205322742462,0.013597964076325297,0.2414079412817955,0.9555428802967072,0.8909053653478622,1.3166004419326782
220,1,layer_14.attn_o,0.058309923857450485,0.0020367065455190432,0.024464808404445648,0.08441205322742462,0.013644854631274938,0.2844955250620842,0.9555428802967072,0.8909053653478622,1.3166004419326782
220,1,layer_14.mlp_down,0.24241605401039124,0.010855181330609996,0.06282858550548553,0.08441205322742462,0.018972409202251583,0.29966614991426466,0.9555428802967072,0.8909053653478622,1.3166004419326782
220,1,layer_15.attn_o,0.06742414087057114,0.003667131309405163,0.1285306066274643,0.08441205322742462,0.04679944971576333,0.401185604929924,0.9555428802967072,0.8909053653478622,1.3166004419326782
220,1,layer_15.mlp_down,0.23321394622325897,0.009160256172657172,0.08480972051620483,0.08441205322742462,0.017667861515656115,0.18246047347784042,0.9555428802967072,0.8909053653478622,1.3166004419326782
220,1,layer_16.attn_o,0.06173381209373474,0.0027576376750717544,0.05408254265785217,0.08441205322742462,0.020425649103708567,0.20839602053165435,0.9555428802967072,0.8909053653478622,1.3166004419326782
220,1,layer_16.mlp_down,0.21560324728488922,0.006568014450821006,0.11407429724931717,0.08441205322742462,0.019164856476709246,0.1586619146168232,0.9555428802967072,0.8909053653478622,1.3166004419326782
220,1,layer_17.attn_o,0.06832505017518997,0.003957346992109272,0.0896286591887474,0.08441205322742462,0.012026644661091268,0.387675803899765,0.9555428802967072,0.8909053653478622,1.3166004419326782
220,1,layer_17.mlp_down,0.23631443083286285,0.009574812566687884,0.08486238121986389,0.08441205322742462,0.01806781063787639,0.16581761091947556,0.9555428802967072,0.8909053653478622,1.3166004419326782
220,1,layer_18.attn_o,0.06362456828355789,0.003302603279995314,0.032272566109895706,0.08441205322742462,0.004756497213384137,0.19704971313476563,0.9555428802967072,0.8909053653478622,1.3166004419326782
220,1,layer_18.mlp_down,0.2339731752872467,0.009289116190691457,0.08371946215629578,0.08441205322742462,0.016028888709843158,0.21074684858322143,0.9555428802967072,0.8909053653478622,1.3166004419326782
220,1,layer_19.attn_o,0.07093852013349533,0.004079394934606648,0.044554173946380615,0.08441205322742462,0.004102556710131466,0.15782204419374465,0.9555428802967072,0.8909053653478622,1.3166004419326782
220,1,layer_19.mlp_down,0.23425866663455963,0.009704230169297985,0.05353093892335892,0.08441205322742462,0.014032866805791855,0.19400885105133056,0.9555428802967072,0.8909053653478622,1.3166004419326782
220,1,layer_20.attn_o,0.053696159273386,0.0017530125089153066,0.05995943397283554,0.08441205322742462,0.020664110034704208,0.3378645718097687,0.9555428802967072,0.8909053653478622,1.3166004419326782
220,1,layer_20.mlp_down,0.25843802094459534,0.013932063903606642,0.06376012414693832,0.08441205322742462,0.01624140692874789,0.24844764918088913,0.9555428802967072,0.8909053653478622,1.3166004419326782
220,1,layer_21.attn_o,0.05309496447443962,0.002144730614376585,0.3084954023361206,0.08441205322742462,0.05277821631170809,0.5016456991434097,0.9555428802967072,0.8909053653478622,1.3166004419326782
220,1,layer_21.mlp_down,0.22038519382476807,0.007432729142549003,0.06494978070259094,0.08441205322742462,0.01967581987846643,0.15620273649692534,0.9555428802967072,0.8909053653478622,1.3166004419326782
220,1,layer_22.attn_o,0.05702147260308266,0.002026998085743574,0.07302180677652359,0.08441205322742462,0.018390305724460633,0.1510065957903862,0.9555428802967072,0.8909053653478622,1.3166004419326782
220,1,layer_22.mlp_down,0.22550325095653534,0.007851031266459987,0.06861914694309235,0.08441205322742462,0.018523271952290088,0.17607309594750403,0.9555428802967072,0.8909053653478622,1.3166004419326782
220,1,layer_23.attn_o,0.0578906312584877,0.002645157342426393,0.11743117868900299,0.08441205322742462,0.027397370827384294,0.2852371737360954,0.9555428802967072,0.8909053653478622,1.3166004419326782
220,1,layer_23.mlp_down,0.2131802886724472,0.00657622912211853,0.05425615236163139,0.08441205322742462,0.030552843830082565,0.20574532002210616,0.9555428802967072,0.8909053653478622,1.3166004419326782
220,1,layer_24.attn_o,0.0628838837146759,0.003286919208278304,0.1289578676223755,0.08441205322742462,0.046548530599102377,0.4211886405944824,0.9555428802967072,0.8909053653478622,1.3166004419326782
220,1,layer_24.mlp_down,0.2448216825723648,0.010853929321388523,0.09088477492332458,0.08441205322742462,0.037443669280037284,0.22460278868675232,0.9555428802967072,0.8909053653478622,1.3166004419326782
220,1,layer_25.attn_o,0.058238569647073746,0.002677039328412353,0.12460209429264069,0.08441205322742462,0.06736753403674811,0.2694876179099083,0.9555428802967072,0.8909053653478622,1.3166004419326782
220,1,layer_25.mlp_down,0.26465392112731934,0.01437199389882311,0.053793810307979584,0.08441205322742462,0.031034470349550248,0.1633860945701599,0.9555428802967072,0.8909053653478622,1.3166004419326782
240,1,layer_0.attn_o,0.0553942434489727,0.002717446899969317,-0.1440895050764084,-0.007705123163759708,0.03176020085811615,0.1343774326145649,1.0098660171031952,0.8847691118717194,1.3209476098418236
240,1,layer_0.mlp_down,0.1884276270866394,0.005787127686707997,-0.00606134906411171,-0.007705123163759708,0.0030968398321419956,0.08409806927666068,1.0098660171031952,0.8847691118717194,1.3209476098418236
240,1,layer_1.attn_o,0.05203849822282791,0.002156218777767002,-0.3219173550605774,-0.007705123163759708,0.034482378512620926,0.16284204069525005,1.0098660171031952,0.8847691118717194,1.3209476098418236
240,1,layer_1.mlp_down,0.22574776411056519,0.011993972427314368,-0.00044194006477482617,-0.007705123163759708,0.003888291510520503,0.08761598877608776,1.0098660171031952,0.8847691118717194,1.3209476098418236
240,1,layer_2.attn_o,0.0540352389216423,0.0023743402658260152,-0.04729505255818367,-0.007705123163759708,0.01547022550366819,0.13991096951067447,1.0098660171031952,0.8847691118717194,1.3209476098418236
240,1,layer_2.mlp_down,0.2268412858247757,0.01229798410358683,-0.0004540258087217808,-0.007705123163759708,0.003107954654842615,0.12687903121113778,1.0098660171031952,0.8847691118717194,1.3209476098418236
240,1,layer_3.attn_o,0.052770912647247314,0.002344517692377727,-0.030518878251314163,-0.007705123163759708,0.002958308451343328,0.1449062183499336,1.0098660171031952,0.8847691118717194,1.3209476098418236
240,1,layer_3.mlp_down,0.21594242751598358,0.009838983613240742,0.011383694596588612,-0.007705123163759708,0.005594021081924439,0.1139931108802557,1.0098660171031952,0.8847691118717194,1.3209476098418236
240,1,layer_4.attn_o,0.06322953850030899,0.003438186444166718,-0.040767852216959,-0.007705123163759708,0.005410915776155889,0.16174990609288215,1.0098660171031952,0.8847691118717194,1.3209476098418236
240,1,layer_4.mlp_down,0.18572211265563965,0.005869866475014842,-0.04481060802936554,-0.007705123163759708,0.0033956505358219147,0.17667185813188552,1.0098660171031952,0.8847691118717194,1.3209476098418236
240,1,layer_5.attn_o,0.053092390298843384,0.002102002513655037,-0.22371645271778107,-0.007705123163759708,0.033707422437146306,0.37387349605560305,1.0098660171031952,0.8847691118717194,1.3209476098418236
240,1,layer_5.mlp_down,0.20233061909675598,0.00815703875572262,0.00835158210247755,-0.007705123163759708,0.002466210557395243,0.09986966475844383,1.0098660171031952,0.8847691118717194,1.3209476098418236
240,1,layer_6.attn_o,0.05967545136809349,0.003245677431418858,-0.002306405920535326,-0.007705123163759708,-0.003310796967707574,0.1451104462146759,1.0098660171031952,0.8847691118717194,1.3209476098418236
240,1,layer_6.mlp_down,0.20815517008304596,0.008904047358400283,-0.006296778563410044,-0.007705123163759708,0.0034760949201881886,0.1489380642771721,1.0098660171031952,0.8847691118717194,1.3209476098418236
240,1,layer_7.attn_o,0.04667504504323006,0.0014765846682678566,-0.004019672051072121,-0.007705123163759708,-0.0008911358658224344,0.23505848795175552,1.0098660171031952,0.8847691118717194,1.3209476098418236
240,1,layer_7.mlp_down,0.183939591050148,0.006014625495429677,0.007443810813128948,-0.007705123163759708,0.0006430777895729989,0.20251131281256676,1.0098660171031952,0.8847691118717194,1.3209476098418236
240,1,layer_8.attn_o,0.04885197430849075,0.0015572625275328646,0.005808848887681961,-0.007705123163759708,0.002674692356958985,0.22275890409946442,1.0098660171031952,0.8847691118717194,1.3209476098418236
240,1,layer_8.mlp_down,0.18086346983909607,0.005863330409537696,0.007512867916375399,-0.007705123163759708,-0.0009804175700992347,0.23971980065107346,1.0098660171031952,0.8847691118717194,1.3209476098418236
240,1,layer_9.attn_o,0.046874333173036575,0.0015624343622085506,0.006763435434550047,-0.007705123163759708,-0.007550847996026277,0.3236857935786247,1.0098660171031952,0.8847691118717194,1.3209476098418236
240,1,layer_9.mlp_down,0.21498580276966095,0.010890443318657532,0.00044800053001381457,-0.007705123163759708,-0.0014719375874847173,0.318387059867382,1.0098660171031952,0.8847691118717194,1.3209476098418236
240,1,layer_10.attn_o,0.058516427874565125,0.0031826966293735832,-0.0009944033809006214,-0.007705123163759708,-0.004873930010944605,0.39387868344783783,1.0098660171031952,0.8847691118717194,1.3209476098418236
240,1,layer_10.mlp_down,0.17708562314510345,0.00528739395113483,-0.041992753744125366,-0.007705123163759708,0.003672837489284575,0.43626684248447417,1.0098660171031952,0.8847691118717194,1.3209476098418236
240,1,layer_11.attn_o,0.05256078392267227,0.0021893906140234556,-0.044944245368242264,-0.007705123163759708,0.0009413559921085835,0.5713152825832367,1.0098660171031952,0.8847691118717194,1.3209476098418236
240,1,layer_11.mlp_down,0.2244158387184143,0.012512521584262129,-0.028045600280165672,-0.007705123163759708,-0.0024314951384440064,0.4092822700738907,1.0098660171031952,0.8847691118717194,1.3209476098418236
240,1,layer_12.attn_o,0.05156455934047699,0.0018579716061668638,-0.0007133811013773084,-0.007705123163759708,-0.010242631938308478,0.36389639526605605,1.0098660171031952,0.8847691118717194,1.3209476098418236
240,1,layer_12.mlp_down,0.1999991089105606,0.007430636717426553,-0.005386060103774071,-0.007705123163759708,-0.001303398422896862,0.2907170206308365,1.0098660171031952,0.8847691118717194,1.3209476098418236
240,1,layer_13.attn_o,0.059384237974882126,0.0030834613742266336,0.00033736173645593226,-0.007705123163759708,-0.0038603501510806383,0.24650580883026124,1.0098660171031952,0.8847691118717194,1.3209476098418236
240,1,layer_13.mlp_down,0.21348832547664642,0.01014916787664522,-0.008624991402029991,-0.007705123163759708,-0.005148020281922072,0.25648490637540816,1.0098660171031952,0.8847691118717194,1.3209476098418236
240,1,layer_14.attn_o,0.05101221799850464,0.0017818028203750566,-0.003647028701379895,-0.007705123163759708,-0.0026652700151316823,0.28349210768938066,1.0098660171031952,0.8847691118717194,1.3209476098418236
240,1,layer_14.mlp_down,0.20813654363155365,0.009319961159031876,-0.012718859128654003,-0.007705123163759708,-0.008006523182848469,0.3143295481801033,1.0098660171031952,0.8847691118717194,1.3209476098418236
240,1,layer_15.attn_o,0.058563776314258575,0.003185218370838627,-0.015647733584046364,-0.007705123163759708,-0.0102592685027048,0.4455326944589615,1.0098660171031952,0.8847691118717194,1.3209476098418236
240,1,layer_15.mlp_down,0.19980290532112122,0.007847816663363793,-0.006101572420448065,-0.007705123163759708,-0.007818729092832655,0.1838688537478447,1.0098660171031952,0.8847691118717194,1.3209476098418236
240,1,layer_16.attn_o,0.05380493029952049,0.002403454391253498,-0.00012320834503043443,-0.007705123163759708,-0.007759240677114576,0.21155246198177338,1.0098660171031952,0.8847691118717194,1.3209476098418236
240,1,layer_16.mlp_down,0.18713267147541046,0.005700689805627176,-0.0015096983406692743,-0.007705123163759708,0.0004300549393519759,0.16208805218338967,1.0098660171031952,0.8847691118717194,1.3209476098418236
240,1,layer_17.attn_o,0.06521991640329361,0.0037775002926139297,0.014486738480627537,-0.007705123163759708,-6.105212014517747e-05,0.4030944585800171,1.0098660171031952,0.8847691118717194,1.3209476098418236
240,1,layer_17.mlp_down,0.20448699593544006,0.008285145915370063,-0.014053281396627426,-0.007705123163759708,-0.00047985205892473457,0.17987789660692216,1.0098660171031952,0.8847691118717194,1.3209476098418236
240,1,layer_18.attn_o,0.05714459717273712,0.002966243352734403,-0.0003399248234927654,-0.007705123163759708,-0.0022380920709110796,0.18891119137406348,1.0098660171031952,0.8847691118717194,1.3209476098418236
240,1,layer_18.mlp_down,0.20285160839557648,0.008053408783023415,-0.015159420669078827,-0.007705123163759708,0.0008972450450528413,0.22646860778331757,1.0098660171031952,0.8847691118717194,1.3209476098418236
240,1,layer_19.attn_o,0.06086068972945213,0.003499850917343572,-0.001599950366653502,-0.007705123163759708,-0.0032299384125508367,0.17840084210038185,1.0098660171031952,0.8847691118717194,1.3209476098418236
240,1,layer_19.mlp_down,0.2029235064983368,0.008406026321858431,-0.0008992667426355183,-0.007705123163759708,-0.00625990480184555,0.2021355152130127,1.0098660171031952,0.8847691118717194,1.3209476098418236
240,1,layer_20.attn_o,0.045106127858161926,0.0014725737966554363,-0.0001404765498591587,-0.007705123163759708,-0.010700726183131337,0.35520674139261244,1.0098660171031952,0.8847691118717194,1.3209476098418236
240,1,layer_20.mlp_down,0.22249753773212433,0.011994047749099951,0.007934731431305408,-0.007705123163759708,-0.004809883423149586,0.2606172814965248,1.0098660171031952,0.8847691118717194,1.3209476098418236
240,1,layer_21.attn_o,0.04643356055021286,0.0018756471249185929,-0.025993334129452705,-0.007705123163759708,-0.01021839315071702,0.5506802052259445,1.0098660171031952,0.8847691118717194,1.3209476098418236
240,1,layer_21.mlp_down,0.18521277606487274,0.0062464691476777495,0.0071067167446017265,-0.007705123163759708,-0.008991933986544609,0.17490269094705582,1.0098660171031952,0.8847691118717194,1.3209476098418236
240,1,layer_22.attn_o,0.047024309635162354,0.0016716183574878635,-0.0006562731578014791,-0.007705123163759708,-0.00856140861287713,0.1632945016026497,1.0098660171031952,0.8847691118717194,1.3209476098418236
240,1,layer_22.mlp_down,0.18902398645877838,0.006580930424510689,-0.00148169812746346,-0.007705123163759708,-0.006929439771920442,0.18988240957260133,1.0098660171031952,0.8847691118717194,1.3209476098418236
240,1,layer_23.attn_o,0.05105216056108475,0.002332690113536895,-0.006621042266488075,-0.007705123163759708,-0.01253872918896377,0.2920525074005127,1.0098660171031952,0.8847691118717194,1.3209476098418236
240,1,layer_23.mlp_down,0.17953181266784668,0.005538204728830928,-0.010155159048736095,-0.007705123163759708,-0.008835902763530612,0.21285487711429596,1.0098660171031952,0.8847691118717194,1.3209476098418236
240,1,layer_24.attn_o,0.053659506142139435,0.002804761614129023,-0.02550586685538292,-0.007705123163759708,-0.017980697087477893,0.41375274062156675,1.0098660171031952,0.8847691118717194,1.3209476098418236
240,1,layer_24.mlp_down,0.20735986530780792,0.009192879491500668,-0.02474338561296463,-0.007705123163759708,-0.012393649015575648,0.22288042008876802,1.0098660171031952,0.8847691118717194,1.3209476098418236
240,1,layer_25.attn_o,0.04809342324733734,0.002210699261253269,-0.030572470277547836,-0.007705123163759708,-0.0034627524204552174,0.2660506308078766,1.0098660171031952,0.8847691118717194,1.3209476098418236
240,1,layer_25.mlp_down,0.22375516593456268,0.012150426426221576,0.017206896096467972,-0.007705123163759708,-0.0025545572862029076,0.13405838422477245,1.0098660171031952,0.8847691118717194,1.3209476098418236
260,2,layer_0.attn_o,0.048318974673748016,0.0023703555313375245,-0.0406670980155468,0.09187231957912445,0.04245731914415955,0.17948697581887246,0.9547053873538971,0.8783373460173607,1.3116067498922348
260,2,layer_0.mlp_down,0.1634063422679901,0.005018637381298377,0.0290308129042387,0.09187231957912445,-0.008663627807982266,0.07797926885541528,0.9547053873538971,0.8783373460173607,1.3116067498922348
260,2,layer_1.attn_o,0.04528166726231575,0.001876247684439069,0.2813297510147095,0.09187231957912445,-0.003098786695045419,0.15897249057888985,0.9547053873538971,0.8783373460173607,1.3116067498922348
260,2,layer_1.mlp_down,0.19484299421310425,0.010351673472774662,0.017182830721139908,0.09187231957912445,-0.0016204500570893288,0.09119046088308096,0.9547053873538971,0.8783373460173607,1.3116067498922348
260,2,layer_2.attn_o,0.04690837860107422,0.002061178883524592,0.11287868767976761,0.09187231957912445,-0.00013047672109678388,0.13989849686622619,0.9547053873538971,0.8783373460173607,1.3116067498922348
260,2,layer_2.mlp_down,0.19568760693073273,0.010608616696095793,0.07351160794496536,0.09187231957912445,0.002272467699367553,0.12662428002804518,0.9547053873538971,0.8783373460173607,1.3116067498922348
260,2,layer_3.attn_o,0.04526681825518608,0.002011123628015609,0.0631013810634613,0.09187231957912445,0.004367580660618842,0.1411187445744872,0.9547053873538971,0.8783373460173607,1.3116067498922348
260,2,layer_3.mlp_down,0.1850341111421585,0.0084305425883285,0.054743099957704544,0.09187231957912445,0.012123778881505131,0.10285186014370992,0.9547053873538971,0.8783373460173607,1.3116067498922348
260,2,layer_4.attn_o,0.05449334532022476,0.0029631454615144386,0.06351236999034882,0.09187231957912445,0.002080798614770174,0.1417072106152773,0.9547053873538971,0.8783373460173607,1.3116067498922348
260,2,layer_4.mlp_down,0.15965546667575836,0.005045989077168973,0.11031871289014816,0.09187231957912445,0.003104777727276087,0.15627329088747502,0.9547053873538971,0.8783373460173607,1.3116067498922348
260,2,layer_5.attn_o,0.043431587517261505,0.001719516815152174,0.30121561884880066,0.09187231957912445,0.03427455443888903,0.34197569340467454,0.9547053873538971,0.8783373460173607,1.3116067498922348
260,2,layer_5.mlp_down,0.17350979149341583,0.006995016208382056,0.05645008012652397,0.09187231957912445,0.007464577653445303,0.1125323724001646,0.9547053873538971,0.8783373460173607,1.3116067498922348
260,2,layer_6.attn_o,0.05125318840146065,0.0027875990341772908,0.017177479341626167,0.09187231957912445,0.0034564555739052595,0.15039747431874276,0.9547053873538971,0.8783373460173607,1.3116067498922348
260,2,layer_6.mlp_down,0.1779043972492218,0.0076099500091171115,0.0596575029194355,0.09187231957912445,0.0038727871142327785,0.1536379188299179,0.9547053873538971,0.8783373460173607,1.3116067498922348
260,2,layer_7.attn_o,0.03988971561193466,0.0012619279197180094,0.03273916244506836,0.09187231957912445,0.0020104151568375527,0.23222325518727302,0.9547053873538971,0.8783373460173607,1.3116067498922348
260,2,layer_7.mlp_down,0.15791745483875275,0.005163694065123294,0.09992856532335281,0.09187231957912445,0.01200553639791906,0.19558829590678214,0.9547053873538971,0.8783373460173607,1.3116067498922348
260,2,layer_8.attn_o,0.04205174744129181,0.0013404899917249624,0.02565087005496025,0.09187231957912445,-0.0027130481787025927,0.2213269755244255,0.9547053873538971,0.8783373460173607,1.3116067498922348
260,2,layer_8.mlp_down,0.15417888760566711,0.004998250771402577,0.07850012183189392,0.09187231957912445,0.011637662723660468,0.2440760016441345,0.9547053873538971,0.8783373460173607,1.3116067498922348
260,2,layer_9.attn_o,0.04056864231824875,0.0013522498189659025,0.03716530650854111,0.09187231957912445,0.004104511067271233,0.3288583874702454,0.9547053873538971,0.8783373460173607,1.3116067498922348
260,2,layer_9.mlp_down,0.18339987099170685,0.00929014087356175,0.09492196887731552,0.09187231957912445,0.018105759832542388,0.31242992281913756,0.9547053873538971,0.8783373460173607,1.3116067498922348
260,2,layer_10.attn_o,0.049769263714551926,0.0027069376195993453,0.05074232816696167,0.09187231957912445,0.021423352207057177,0.39738518595695493,0.9547053873538971,0.8783373460173607,1.3116067498922348
260,2,layer_10.mlp_down,0.14962229132652283,0.004467379396111954,0.3358564078807831,0.09187231957912445,0.059728839760646225,0.4125934988260269,0.9547053873538971,0.8783373460173607,1.3116067498922348
260,2,layer_11.attn_o,0.04528941959142685,0.0018865051732169767,0.19491825997829437,0.09187231957912445,0.019388368469662964,0.5784869462251663,0.9547053873538971,0.8783373460173607,1.3116067498922348
260,2,layer_11.mlp_down,0.19279725849628448,0.010749147891255738,0.18102402985095978,0.09187231957912445,0.023667593285790645,0.4095787972211838,0.9547053873538971,0.8783373460173607,1.3116067498922348
260,2,layer_12.attn_o,0.04367012903094292,0.001573519674412636,0.032174669206142426,0.09187231957912445,0.01902507054619491,0.36991387903690337,0.9547053873538971,0.8783373460173607,1.3116067498922348
260,2,layer_12.mlp_down,0.16964761912822723,0.006302912456626776,0.11162406951189041,0.09187231957912445,0.014233124163001775,0.29699200540781023,0.9547053873538971,0.8783373460173607,1.3116067498922348
260,2,layer_13.attn_o,0.050068724900484085,0.0025997584334899277,0.0182883869856596,0.09187231957912445,0.011169081972911953,0.2489852026104927,0.9547053873538971,0.8783373460173607,1.3116067498922348
260,2,layer_13.mlp_down,0.18212035298347473,0.008657778681938493,0.06711384654045105,0.09187231957912445,0.00858893624972552,0.2729267880320549,0.9547053873538971,0.8783373460173607,1.3116067498922348
260,2,layer_14.attn_o,0.04263192415237427,0.0014890895080357288,0.028813757002353668,0.09187231957912445,0.005766313802450895,0.2923720613121986,0.9547053873538971,0.8783373460173607,1.3116067498922348
260,2,layer_14.mlp_down,0.1779194176197052,0.007966772193790633,0.06400072574615479,0.09187231957912445,0.005556427774718031,0.3293322786688805,0.9547053873538971,0.8783373460173607,1.3116067498922348
260,2,layer_15.attn_o,0.05069873854517937,0.002757443175935594,0.12286097556352615,0.09187231957912445,0.019979824684560298,0.4682719111442566,0.9547053873538971,0.8783373460173607,1.3116067498922348
260,2,layer_15.mlp_down,0.17072120308876038,0.006705482330278484,0.06362076103687286,0.09187231957912445,0.003219556575641036,0.19591838717460633,0.9547053873538971,0.8783373460173607,1.3116067498922348
260,2,layer_16.attn_o,0.046514756977558136,0.002077803068749802,0.04593256115913391,0.09187231957912445,0.009215128771029413,0.21723616421222686,0.9547053873538971,0.8783373460173607,1.3116067498922348
260,2,layer_16.mlp_down,0.1589149832725525,0.004841064541585938,0.10077901929616928,0.09187231957912445,0.0014642619295045733,0.1808961361646652,0.9547053873538971,0.8783373460173607,1.3116067498922348
260,2,layer_17.attn_o,0.05085524916648865,0.002945505997773146,0.09797751903533936,0.09187231957912445,0.001402896922081709,0.43454112112522125,0.9547053873538971,0.8783373460173607,1.3116067498922348
260,2,layer_17.mlp_down,0.17589399218559265,0.007126579645744541,0.08095012605190277,0.09187231957912445,-0.0016574771143496037,0.19338445663452147,0.9547053873538971,0.8783373460173607,1.3116067498922348
260,2,layer_18.attn_o,0.04698893055319786,0.002439084347521388,0.023101283237338066,0.09187231957912445,-0.0020337258465588093,0.19460315331816674,0.9547053873538971,0.8783373460173607,1.3116067498922348
260,2,layer_18.mlp_down,0.17140357196331024,0.006804823754439836,0.08466419577598572,0.09187231957912445,-0.004592281871009618,0.24181714802980422,0.9547053873538971,0.8783373460173607,1.3116067498922348
260,2,layer_19.attn_o,0.05194161459803581,0.002986952465773785,0.04517717286944389,0.09187231957912445,-0.00455598950793501,0.18116772770881653,0.9547053873538971,0.8783373460173607,1.3116067498922348
260,2,layer_19.mlp_down,0.17226240038871765,0.007135819199189755,0.06133970245718956,0.09187231957912445,-0.0070468686986714605,0.22144323736429214,0.9547053873538971,0.8783373460173607,1.3116067498922348
260,2,layer_20.attn_o,0.037126943469047546,0.0012120787200325495,0.06182048097252846,0.09187231957912445,-0.015363175656966632,0.35185428708791733,0.9547053873538971,0.8783373460173607,1.3116067498922348
260,2,layer_20.mlp_down,0.18983395397663116,0.010232950737204568,0.06467784941196442,0.09187231957912445,-0.011991697642952204,0.2700501158833504,0.9547053873538971,0.8783373460173607,1.3116067498922348
260,2,layer_21.attn_o,0.039636366069316864,0.0016010790646229568,0.29883521795272827,0.09187231957912445,-0.0011118602007627488,0.5606799215078354,0.9547053873538971,0.8783373460173607,1.3116067498922348
260,2,layer_21.mlp_down,0.1571463793516159,0.005299891463619674,0.06154699996113777,0.09187231957912445,-0.012283560214564204,0.17771310582756997,0.9547053873538971,0.8783373460173607,1.3116067498922348
260,2,layer_22.attn_o,0.04050809517502785,0.0014399805083865258,0.0634988397359848,0.09187231957912445,-0.008135934302117676,0.16412160769104958,0.9547053873538971,0.8783373460173607,1.3116067498922348
260,2,layer_22.mlp_down,0.1610383540391922,0.005606574148367128,0.06800168007612228,0.09187231957912445,-0.008600608515553176,0.19223808869719505,0.9547053873538971,0.8783373460173607,1.3116067498922348
260,2,layer_23.attn_o,0.04230715334415436,0.001933110541302483,0.14196954667568207,0.09187231957912445,-0.0096599385375157,0.2770248353481293,0.9547053873538971,0.8783373460173607,1.3116067498922348
260,2,layer_23.mlp_down,0.15200132131576538,0.004688921482032057,0.0750373974442482,0.09187231957912445,-0.013674745452590287,0.2227132573723793,0.9547053873538971,0.8783373460173607,1.3116067498922348
260,2,layer_24.attn_o,0.044885583221912384,0.00234615018830624,0.1421363651752472,0.09187231957912445,-0.0007315757218748331,0.4199636191129684,0.9547053873538971,0.8783373460173607,1.3116067498922348
260,2,layer_24.mlp_down,0.17664086818695068,0.007830883885536842,0.13485926389694214,0.09187231957912445,-0.02126459963619709,0.24439748227596284,0.9547053873538971,0.8783373460173607,1.3116067498922348
260,2,layer_25.attn_o,0.04196968674659729,0.0019292096980906743,0.15667115151882172,0.09187231957912445,-0.04344782326370478,0.2801748365163803,0.9547053873538971,0.8783373460173607,1.3116067498922348
260,2,layer_25.mlp_down,0.19253009557724,0.010454433940768023,-0.00119340093806386,0.09187231957912445,-0.047767219878733155,0.15518719032406808,0.9547053873538971,0.8783373460173607,1.3116067498922348
280,2,layer_0.attn_o,0.039782170206308365,0.0019515677947535906,0.08385562896728516,0.017975060269236565,0.01079336756374687,0.16519711688160896,1.0365789592266084,0.8718483746051788,1.306776188313961
280,2,layer_0.mlp_down,0.13692405819892883,0.004205284165351525,-0.0016608521109446883,0.017975060269236565,0.0007376365712843836,0.10414707846939564,1.0365789592266084,0.8718483746051788,1.306776188313961
280,2,layer_1.attn_o,0.038640957325696945,0.001601090110173622,0.05768733099102974,0.017975060269236565,0.026404440205078573,0.1754989014007151,1.0365789592266084,0.8718483746051788,1.306776188313961
280,2,layer_1.mlp_down,0.17511552572250366,0.009303378622943762,0.000543481030035764,0.017975060269236565,-0.001390658610034734,0.09751653745770454,1.0365789592266084,0.8718483746051788,1.306776188313961
280,2,layer_2.attn_o,0.038176313042640686,0.0016774864762310305,0.038442324846982956,0.017975060269236565,0.004423799458891153,0.16900300197303295,1.0365789592266084,0.8718483746051788,1.306776188313961
280,2,layer_2.mlp_down,0.17663002014160156,0.009575199463072795,0.011559365317225456,0.017975060269236565,-0.00036034826189279556,0.14287854880094528,1.0365789592266084,0.8718483746051788,1.306776188313961
280,2,layer_3.attn_o,0.036653608083724976,0.0016284531668959291,0.007595318369567394,0.017975060269236565,0.004084470157977194,0.15057298056781293,1.0365789592266084,0.8718483746051788,1.306776188313961
280,2,layer_3.mlp_down,0.15504789352416992,0.00706419644105543,0.03678368031978607,0.017975060269236565,-0.013708458398468792,0.12370195165276528,1.0365789592266084,0.8718483746051788,1.306776188313961
280,2,layer_4.attn_o,0.04463290050625801,0.0024269703877100534,0.017864419147372246,0.017975060269236565,0.008387306984513999,0.1676479686051607,1.0365789592266084,0.8718483746051788,1.306776188313961
280,2,layer_4.mlp_down,0.13213898241519928,0.004176304048307127,0.03140987455844879,0.017975060269236565,0.007376760430634022,0.18608514741063117,1.0365789592266084,0.8718483746051788,1.306776188313961
280,2,layer_5.attn_o,0.036111827939748764,0.0014297153253125074,-0.025444287806749344,0.017975060269236565,0.05545929539948702,0.36991472691297533,1.0365789592266084,0.8718483746051788,1.306776188313961
280,2,layer_5.mlp_down,0.14451928436756134,0.005826229226730174,0.018558746203780174,0.017975060269236565,-0.0026528845424763857,0.11876207794994116,1.0365789592266084,0.8718483746051788,1.306776188313961
280,2,layer_6.attn_o,0.04300091043114662,0.002338765172955448,0.00297153159044683,0.017975060269236565,0.002823797264136374,0.15638104043900966,1.0365789592266084,0.8718483746051788,1.306776188313961
280,2,layer_6.mlp_down,0.14887960255146027,0.006368333321706922,0.007396922446787357,0.017975060269236565,0.0039834042079746725,0.1675206020474434,1.0365789592266084,0.8718483746051788,1.306776188313961
280,2,layer_7.attn_o,0.03294111788272858,0.001042106361461136,0.001261724391952157,0.017975060269236565,0.004924615425989032,0.2411881797015667,1.0365789592266084,0.8718483746051788,1.306776188313961
280,2,layer_7.mlp_down,0.1309375762939453,0.004281469728663611,0.020863162353634834,0.017975060269236565,0.002405970625113696,0.21439564377069473,1.0365789592266084,0.8718483746051788,1.306776188313961
280,2,layer_8.attn_o,0.035066548734903336,0.001117821403235906,0.004174788948148489,0.017975060269236565,0.00012715577613562346,0.2310190811753273,1.0365789592266084,0.8718483746051788,1.306776188313961
280,2,layer_8.mlp_down,0.12831291556358337,0.004159686043910193,0.03161916881799698,0.017975060269236565,0.009570699674077332,0.25842090994119643,1.0365789592266084,0.8718483746051788,1.306776188313961
280,2,layer_9.attn_o,0.03366926684975624,0.0011222771431475139,0.01847018115222454,0.017975060269236565,0.012902792787645011,0.34607027322053907,1.0365789592266084,0.8718483746051788,1.306776188313961
280,2,layer_9.mlp_down,0.155277281999588,0.0078654565297137,0.029027240350842476,0.017975060269236565,0.016350702568888664,0.3308619141578674,1.0365789592266084,0.8718483746051788,1.306776188313961
280,2,layer_10.attn_o,0.041538991034030914,0.0022592911932964874,0.006667301990091801,0.017975060269236565,0.021685612574219703,0.40255613923072814,1.0365789592266084,0.8718483746051788,1.306776188313961
280,2,layer_10.mlp_down,0.1257605105638504,0.0037549040932239475,0.11554553359746933,0.017975060269236565,0.048099583759903905,0.43402413129806516,1.0365789592266084,0.8718483746051788,1.306776188313961
280,2,layer_11.attn_o,0.03741440922021866,0.0015584754484565969,0.029751187190413475,0.017975060269236565,0.05986394966894295,0.5916991293430328,1.0365789592266084,0.8718483746051788,1.306776188313961
280,2,layer_11.mlp_down,0.16350488364696503,0.009115767600939401,0.035927772521972656,0.017975060269236565,0.02587364362552762,0.41941726207733154,1.0365789592266084,0.8718483746051788,1.306776188313961
280,2,layer_12.attn_o,0.036326952278614044,0.0013089296562470664,0.015611759386956692,0.017975060269236565,0.014350823312997817,0.39639106690883635,1.0365789592266084,0.8718483746051788,1.306776188313961
280,2,layer_12.mlp_down,0.14190708100795746,0.005272240754839713,0.029946831986308098,0.017975060269236565,0.01856932332739234,0.29966030865907667,1.0365789592266084,0.8718483746051788,1.306776188313961
280,2,layer_13.attn_o,0.04207571968436241,0.0021847331804805306,0.0050849756225943565,0.017975060269236565,0.00494087956903968,0.2598183251917362,1.0365789592266084,0.8718483746051788,1.306776188313961
280,2,layer_13.mlp_down,0.15092717111110687,0.007174788253254774,0.013048836030066013,0.017975060269236565,0.004425062658265233,0.259864641726017,1.0365789592266084,0.8718483746051788,1.306776188313961
280,2,layer_14.attn_o,0.03566249459981918,0.001245654129930297,0.0042004892602562904,0.017975060269236565,0.00539697288768366,0.3111634492874146,1.0365789592266084,0.8718483746051788,1.306776188313961
280,2,layer_14.mlp_down,0.1476210504770279,0.006610021788806301,0.007269212510436773,0.017975060269236565,0.009908349905163049,0.3228379711508751,1.0365789592266084,0.8718483746051788,1.306776188313961
280,2,layer_15.attn_o,0.042427368462085724,0.002307574062100806,0.017673233523964882,0.017975060269236565,0.044508049823343755,0.47383515238761903,1.0365789592266084,0.8718483746051788,1.306776188313961
280,2,layer_15.mlp_down,0.1414209008216858,0.005554612299720416,0.010210579261183739,0.017975060269236565,0.013829978702415247,0.2095300205051899,1.0365789592266084,0.8718483746051788,1.306776188313961
280,2,layer_16.attn_o,0.038839198648929596,0.0017349374184201635,0.011654062196612358,0.017975060269236565,0.01703171499539167,0.2382896438241005,1.0365789592266084,0.8718483746051788,1.306776188313961
280,2,layer_16.mlp_down,0.13130159676074982,0.00399986958924074,0.014046638272702694,0.017975060269236565,0.01843807345139794,0.1954421803355217,1.0365789592266084,0.8718483746051788,1.306776188313961
280,2,layer_17.attn_o,0.042105041444301605,0.0024387002118144126,0.005892962217330933,0.017975060269236565,0.01848648607265204,0.4563626855611801,1.0365789592266084,0.8718483746051788,1.306776188313961
280,2,layer_17.mlp_down,0.14524894952774048,0.005884922588345337,0.012293152511119843,0.017975060269236565,0.01602104671765119,0.21033425778150558,1.0365789592266084,0.8718483746051788,1.306776188313961
280,2,layer_18.attn_o,0.03913561627268791,0.002031438768916853,0.0012608293909579515,0.017975060269236565,0.004686005134135485,0.21539642363786698,1.0365789592266084,0.8718483746051788,1.306776188313961
280,2,layer_18.mlp_down,0.14179342985153198,0.005629240022319679,0.012663898058235645,0.017975060269236565,0.011818385357037187,0.26147284358739853,1.0365789592266084,0.8718483746051788,1.306776188313961
280,2,layer_19.attn_o,0.04431046545505524,0.0025481147824676772,0.0013962092343717813,0.017975060269236565,0.005931034969398752,0.2170010417699814,1.0365789592266084,0.8718483746051788,1.306776188313961
280,2,layer_19.mlp_down,0.14219126105308533,0.005890115058414071,0.016143685206770897,0.017975060269236565,0.007363070361316204,0.23531021773815156,1.0365789592266084,0.8718483746051788,1.306776188313961
280,2,layer_20.attn_o,0.03140024095773697,0.0010251197093713782,0.012997538782656193,0.017975060269236565,0.023031574371270836,0.37819056659936906,1.0365789592266084,0.8718483746051788,1.306776188313961
280,2,layer_20.mlp_down,0.15848252177238464,0.00854277886730913,0.016532789915800095,0.017975060269236565,0.016050405404530465,0.2832383543252945,1.0365789592266084,0.8718483746051788,1.306776188313961
280,2,layer_21.attn_o,0.03375299274921417,0.001363423680185237,0.10635292530059814,0.017975060269236565,0.0690651876386255,0.5693961292505264,1.0365789592266084,0.8718483746051788,1.306776188313961
280,2,layer_21.mlp_down,0.13199521601200104,0.004451627084519742,0.020377706736326218,0.017975060269236565,0.015248626377433539,0.18811003863811493,1.0365789592266084,0.8718483746051788,1.306776188313961
280,2,layer_22.attn_o,0.03569620102643967,0.0012689281330254291,0.0188598595559597,0.017975060269236565,0.01592841586098075,0.1864582933485508,1.0365789592266084,0.8718483746051788,1.306776188313961
280,2,layer_22.mlp_down,0.13526320457458496,0.004709185674068259,0.019284546375274658,0.017975060269236565,0.014611955918371677,0.19628319144248962,1.0365789592266084,0.8718483746051788,1.306776188313961
280,2,layer_23.attn_o,0.03693275526165962,0.0016875417140586335,0.04048902541399002,0.017975060269236565,0.0307574562728405,0.321302005648613,1.0365789592266084,0.8718483746051788,1.306776188313961
280,2,layer_23.mlp_down,0.1285851150751114,0.003966578371680463,0.02958250232040882,0.017975060269236565,0.019032807322219014,0.22048419415950776,1.0365789592266084,0.8718483746051788,1.306776188313961
280,2,layer_24.attn_o,0.03976031392812729,0.0020782535240378526,0.048263389617204666,0.017975060269236565,0.049869663827121255,0.43845600485801695,1.0365789592266084,0.8718483746051788,1.306776188313961
280,2,layer_24.mlp_down,0.15102572739124298,0.006695254314001229,0.045303698629140854,0.017975060269236565,0.025641078175976873,0.2483171582221985,1.0365789592266084,0.8718483746051788,1.306776188313961
280,2,layer_25.attn_o,0.036388982087373734,0.00167268392196992,0.04959693178534508,0.017975060269236565,0.05094151759985834,0.2923379555344582,1.0365789592266084,0.8718483746051788,1.306776188313961
280,2,layer_25.mlp_down,0.16661925613880157,0.009047210984529253,-0.019254004582762718,0.017975060269236565,0.010793871711939573,0.13669800125062465,1.0365789592266084,0.8718483746051788,1.306776188313961
300,2,layer_0.attn_o,0.03180152177810669,0.001560066804441726,0.18654517829418182,0.06568244099617004,0.007348021061625331,0.1722422271966934,0.981232899427414,0.8659076765179634,1.2936032712459564
300,2,layer_0.mlp_down,0.11062134802341461,0.0033974518523253723,0.015795160084962845,0.06568244099617004,0.0009926212718710304,0.07424933649599552,0.981232899427414,0.8659076765179634,1.2936032712459564
300,2,layer_1.attn_o,0.03191165626049042,0.0013222609556832678,0.12274808436632156,0.06568244099617004,0.027528670069295914,0.1481302220374346,0.981232899427414,0.8659076765179634,1.2936032712459564
300,2,layer_1.mlp_down,0.13521450757980347,0.007183450202782072,0.006718755234032869,0.06568244099617004,0.000983725261176005,0.0702252309769392,0.981232899427414,0.8659076765179634,1.2936032712459564
300,2,layer_2.attn_o,0.03103945590555668,0.0013638894834296395,0.08584731072187424,0.06568244099617004,0.011558267720101868,0.11944523826241493,0.981232899427414,0.8659076765179634,1.2936032712459564
300,2,layer_2.mlp_down,0.13820405304431915,0.00749198046865468,0.029439181089401245,0.06568244099617004,0.006557168648578226,0.10597795788198709,0.981232899427414,0.8659076765179634,1.2936032712459564
300,2,layer_3.attn_o,0.03042541816830635,0.001351745096108206,0.02258358709514141,0.06568244099617004,0.013700091774808243,0.12302457727491856,0.981232899427414,0.8659076765179634,1.2936032712459564
300,2,layer_3.mlp_down,0.1285078376531601,0.005854947475237802,0.023048434406518936,0.06568244099617004,-0.00014994662979006534,0.08930594883859158,0.981232899427414,0.8659076765179634,1.2936032712459564
300,2,layer_4.attn_o,0.03695083037018776,0.002009247487607828,0.05453489348292351,0.06568244099617004,0.016957086231559514,0.12258414439857006,0.981232899427414,0.8659076765179634,1.2936032712459564
300,2,layer_4.mlp_down,0.11208181083202362,0.0035423777905956924,0.06469224393367767,0.06568244099617004,0.007147048180922866,0.1284970872104168,0.981232899427414,0.8659076765179634,1.2936032712459564
300,2,layer_5.attn_o,0.029240047559142113,0.0011576521329047507,0.37743276357650757,0.06568244099617004,0.07628954630345106,0.26716423183679583,0.981232899427414,0.8659076765179634,1.2936032712459564
300,2,layer_5.mlp_down,0.1224670484662056,0.004937179447734391,0.03805363550782204,0.06568244099617004,0.002593066415283829,0.0780497781932354,0.981232899427414,0.8659076765179634,1.2936032712459564
300,2,layer_6.attn_o,0.03498800843954086,0.0019029519812230758,0.008807038888335228,0.06568244099617004,0.0007896855473518372,0.10869713835418224,0.981232899427414,0.8659076765179634,1.2936032712459564
300,2,layer_6.mlp_down,0.12625154852867126,0.005400382238489598,0.04291655495762825,0.06568244099617004,0.0028821366373449563,0.11912157163023948,0.981232899427414,0.8659076765179634,1.2936032712459564
300,2,layer_7.attn_o,0.02699238806962967,0.000853916005674208,0.02803231030702591,0.06568244099617004,0.008121220045723021,0.1886814258992672,0.981232899427414,0.8659076765179634,1.2936032712459564
300,2,layer_7.mlp_down,0.11072836071252823,0.003620647390860879,0.05857472121715546,0.06568244099617004,0.010633189242798834,0.15715657845139502,0.981232899427414,0.8659076765179634,1.2936032712459564
300,2,layer_8.attn_o,0.02871839329600334,0.0009154601192203293,0.02353360317647457,0.06568244099617004,0.008666972361970693,0.17109555155038833,0.981232899427414,0.8659076765179634,1.2936032712459564
300,2,layer_8.mlp_down,0.11061486601829529,0.00358592614935927,0.029026851058006287,0.06568244099617004,0.009730079892324283,0.19981493055820465,0.981232899427414,0.8659076765179634,1.2936032712459564
300,2,layer_9.attn_o,0.027882613241672516,0.0009293940875680579,0.013770287856459618,0.06568244099617004,0.014860901283100247,0.27706008702516555,0.981232899427414,0.8659076765179634,1.2936032712459564
300,2,layer_9.mlp_down,0.13163474202156067,0.006667803718827474,0.05809154361486435,0.06568244099617004,0.010458911163732409,0.2584183156490326,0.981232899427414,0.8659076765179634,1.2936032712459564
300,2,layer_10.attn_o,0.033861834555864334,0.0018417318091886444,0.032063793390989304,0.06568244099617004,0.013415490952320397,0.32163483649492264,0.981232899427414,0.8659076765179634,1.2936032712459564
300,2,layer_10.mlp_down,0.10501855611801147,0.0031355938827295395,0.19515113532543182,0.06568244099617004,0.02576501714065671,0.34530859887599946,0.981232899427414,0.8659076765179634,1.2936032712459564
300,2,layer_11.attn_o,0.030240941792726517,0.0012596695368309676,0.16813640296459198,0.06568244099617004,0.02529793968424201,0.47623254358768463,0.981232899427414,0.8659076765179634,1.2936032712459564
300,2,layer_11.mlp_down,0.13741859793663025,0.007661286474279095,0.14611147344112396,0.06568244099617004,0.024487302545458077,0.3419486001133919,0.981232899427414,0.8659076765179634,1.2936032712459564
300,2,layer_12.attn_o,0.02915138006210327,0.0010503796872182954,0.02323063835501671,0.06568244099617004,0.018154860637150706,0.3167004868388176,0.981232899427414,0.8659076765179634,1.2936032712459564
300,2,layer_12.mlp_down,0.11931505054235458,0.0044328585463593514,0.08698208630084991,0.06568244099617004,0.009096874395618215,0.2465420186519623,0.981232899427414,0.8659076765179634,1.2936032712459564
300,2,layer_13.attn_o,0.034354567527770996,0.0017838212665646916,0.015620552934706211,0.06568244099617004,0.0045189695316366855,0.21342381164431573,0.981232899427414,0.8659076765179634,1.2936032712459564
300,2,layer_13.mlp_down,0.12878267467021942,0.006122040841117383,0.06338585913181305,0.06568244099617004,0.007311082305386662,0.22788171991705894,0.981232899427414,0.8659076765179634,1.2936032712459564
300,2,layer_14.attn_o,0.02917255461215973,0.0010189670885086387,0.03739060461521149,0.06568244099617004,0.010310858028242364,0.24522897899150847,0.981232899427414,0.8659076765179634,1.2936032712459564
300,2,layer_14.mlp_down,0.12878435850143433,0.0057665424467577275,0.06452648341655731,0.06568244099617004,0.009426571661606431,0.273927715420723,0.981232899427414,0.8659076765179634,1.2936032712459564
300,2,layer_15.attn_o,0.03458743914961815,0.0018811678836597528,0.1299258917570114,0.06568244099617004,0.02053900754544884,0.3744636595249176,0.981232899427414,0.8659076765179634,1.2936032712459564
300,2,layer_15.mlp_down,0.1213100478053093,0.004764689272602128,0.08411308377981186,0.06568244099617004,0.010579926427453756,0.15271187536418437,0.981232899427414,0.8659076765179634,1.2936032712459564
300,2,layer_16.attn_o,0.031799059361219406,0.0014204549236537013,0.07011149823665619,0.06568244099617004,0.015219834237359463,0.16739320680499076,0.981232899427414,0.8659076765179634,1.2936032712459564
300,2,layer_16.mlp_down,0.10990654677152634,0.003348096554197955,0.10951735824346542,0.06568244099617004,0.008405235852114857,0.14532753638923168,0.981232899427414,0.8659076765179634,1.2936032712459564
300,2,layer_17.attn_o,0.030813461169600487,0.0017846974732161139,0.09161856770515442,0.06568244099617004,0.007052217982709408,0.37141605019569396,0.981232899427414,0.8659076765179634,1.2936032712459564
300,2,layer_17.mlp_down,0.12415586411952972,0.0050302918031813176,0.09586568921804428,0.06568244099617004,0.00924134919187054,0.1513117954134941,0.981232899427414,0.8659076765179634,1.2936032712459564
300,2,layer_18.attn_o,0.031169408932328224,0.0016179319644536224,0.023333612829446793,0.06568244099617004,0.0040878377389162775,0.17348217740654945,0.981232899427414,0.8659076765179634,1.2936032712459564
300,2,layer_18.mlp_down,0.12145155668258667,0.004821646461625805,0.06176793575286865,0.06568244099617004,0.010508628061506898,0.19412790834903718,0.981232899427414,0.8659076765179634,1.2936032712459564
300,2,layer_19.attn_o,0.03694625943899155,0.002124628524854344,0.04046270623803139,0.06568244099617004,0.008331576248747297,0.15722822919487953,0.981232899427414,0.8659076765179634,1.2936032712459564
300,2,layer_19.mlp_down,0.12220652401447296,0.00506225112497672,0.03399556502699852,0.06568244099617004,0.009489639126695693,0.1787955567240715,0.981232899427414,0.8659076765179634,1.2936032712459564
300,2,layer_20.attn_o,0.02722003683447838,0.0008886487801528525,0.04581239074468613,0.06568244099617004,0.0164328689686954,0.2866371214389801,0.981232899427414,0.8659076765179634,1.2936032712459564
300,2,layer_20.mlp_down,0.13760492205619812,0.0074173240073687466,0.04337527975440025,0.06568244099617004,0.0062636327420477755,0.2284609153866768,0.981232899427414,0.8659076765179634,1.2936032712459564
300,2,layer_21.attn_o,0.0274208914488554,0.0011076441290039562,0.25283282995224,0.06568244099617004,0.015025982772931457,0.4458119720220566,0.981232899427414,0.8659076765179634,1.2936032712459564
300,2,layer_21.mlp_down,0.11518312245607376,0.003884620970041477,0.045252759009599686,0.06568244099617004,0.0058736292587127535,0.1576705642044544,0.981232899427414,0.8659076765179634,1.2936032712459564
300,2,layer_22.attn_o,0.02869240939617157,0.001019957430767435,0.0403231605887413,0.06568244099617004,0.01011833172524348,0.14043014571070672,0.981232899427414,0.8659076765179634,1.2936032712459564
300,2,layer_22.mlp_down,0.11776825785636902,0.004100089936119066,0.050437383353710175,0.06568244099617004,0.002865325125458185,0.17061168625950812,0.981232899427414,0.8659076765179634,1.2936032712459564
300,2,layer_23.attn_o,0.03082544170320034,0.0014084847689651723,0.0829138457775116,0.06568244099617004,0.007598976657027379,0.24939852803945542,0.981232899427414,0.8659076765179634,1.2936032712459564
300,2,layer_23.mlp_down,0.11132108420133591,0.003434009897511444,0.04897163808345795,0.06568244099617004,0.003376949660014361,0.19386501014232635,0.981232899427414,0.8659076765179634,1.2936032712459564
300,2,layer_24.attn_o,0.03227028250694275,0.001686751811354808,0.11133909970521927,0.06568244099617004,0.012399647920392453,0.3550705507397652,0.981232899427414,0.8659076765179634,1.2936032712459564
300,2,layer_24.mlp_down,0.13032667338848114,0.005777579451882879,0.0944766029715538,0.06568244099617004,0.01401104514952749,0.1986803248524666,0.981232899427414,0.8659076765179634,1.2936032712459564
300,2,layer_25.attn_o,0.03105672262609005,0.0014275778106039693,0.12789086997509003,0.06568244099617004,0.03057329449802637,0.21624985411763192,0.981232899427414,0.8659076765179634,1.2936032712459564
300,2,layer_25.mlp_down,0.14223900437355042,0.00772325474067358,-0.030794532969594002,0.06568244099617004,-0.00017688907682895661,0.11862835362553596,0.981232899427414,0.8659076765179634,1.2936032712459564
320,2,layer_0.attn_o,0.024267949163913727,0.0011904978453947817,-0.02835250459611416,0.025114478543400764,0.006670219828083646,0.1329009274020791,0.9235425651073456,0.860950268805027,1.2891876101493835
320,2,layer_0.mlp_down,0.08420074731111526,0.002586001871149367,-0.011096973903477192,0.025114478543400764,0.005407330289017409,0.07509164698421955,0.9235425651073456,0.860950268805027,1.2891876101493835
320,2,layer_1.attn_o,0.023438725620508194,0.0009711842982793354,0.05064387619495392,0.025114478543400764,0.046450911369174716,0.12014668174088002,0.9235425651073456,0.860950268805027,1.2891876101493835
320,2,layer_1.mlp_down,0.10465113073587418,0.00555967784434588,-0.0029976924415677786,0.025114478543400764,0.001823760790284723,0.07338580787181855,0.9235425651073456,0.860950268805027,1.2891876101493835
320,2,layer_2.attn_o,0.02394814044237137,0.001052293827128631,0.028206080198287964,0.025114478543400764,0.012699868879280984,0.12157673388719559,0.9235425651073456,0.860950268805027,1.2891876101493835
320,2,layer_2.mlp_down,0.1056869775056839,0.005729189122883002,0.0008146089385263622,0.025114478543400764,0.0019987492240034046,0.11252477988600731,0.9235425651073456,0.860950268805027,1.2891876101493835
320,2,layer_3.attn_o,0.023109009489417076,0.0010266902328896882,0.01842445321381092,0.025114478543400764,0.011162395169958473,0.1248546700924635,0.9235425651073456,0.860950268805027,1.2891876101493835
320,2,layer_3.mlp_down,0.10019486397504807,0.0045649614182897875,-0.003326842561364174,0.025114478543400764,0.0029932204633951187,0.09871261036023497,0.9235425651073456,0.860950268805027,1.2891876101493835
320,2,layer_4.attn_o,0.02855793759226799,0.0015528734749306267,0.010474041104316711,0.025114478543400764,0.01184251825325191,0.13513373769819736,0.9235425651073456,0.860950268805027,1.2891876101493835
320,2,layer_4.mlp_down,0.08697956800460815,0.002749004094840985,-0.013976910151541233,0.025114478543400764,-0.0004322778579080477,0.15534354224801064,0.9235425651073456,0.860950268805027,1.2891876101493835
320,2,layer_5.attn_o,0.02251572720706463,0.0008914266613628153,-0.01675572246313095,0.025114478543400764,0.07223660014278721,0.3370490863919258,0.9235425651073456,0.860950268805027,1.2891876101493835
320,2,layer_5.mlp_down,0.09580576419830322,0.0038623260178261257,0.0007527837879024446,0.025114478543400764,0.004895281483186409,0.0884213075041771,0.9235425651073456,0.860950268805027,1.2891876101493835
320,2,layer_6.attn_o,0.02707521803677082,0.001472584446613903,0.0012361813569441438,0.025114478543400764,0.005876720487140119,0.13086661249399184,0.9235425651073456,0.860950268805027,1.2891876101493835
320,2,layer_6.mlp_down,0.09856686741113663,0.004216163017419282,0.015564202331006527,0.025114478543400764,0.010761968581937254,0.125299433991313,0.9235425651073456,0.860950268805027,1.2891876101493835
320,2,layer_7.attn_o,0.0211329385638237,0.0006685497570658761,0.008306269533932209,0.025114478543400764,0.010874896706081928,0.19466392993927,0.9235425651073456,0.860950268805027,1.2891876101493835
320,2,layer_7.mlp_down,0.08615970611572266,0.0028172830782461295,0.019170353189110756,0.025114478543400764,0.010478436714038253,0.16926407366991042,0.9235425651073456,0.860950268805027,1.2891876101493835
320,2,layer_8.attn_o,0.02215122990310192,0.000706117546138203,0.008751642890274525,0.025114478543400764,0.015120441344333813,0.18006164208054543,0.9235425651073456,0.860950268805027,1.2891876101493835
320,2,layer_8.mlp_down,0.08566820621490479,0.0027771926882637844,-0.0006369887269102037,0.025114478543400764,0.0156841981690377,0.20589054599404336,0.9235425651073456,0.860950268805027,1.2891876101493835
320,2,layer_9.attn_o,0.021527374163269997,0.0007175585180194842,0.000634005933534354,0.025114478543400764,0.011782876215875149,0.27939846739172935,0.9235425651073456,0.860950268805027,1.2891876101493835
320,2,layer_9.mlp_down,0.10310462862253189,0.005222614966397397,0.004587897565215826,0.025114478543400764,0.017048077238723636,0.2691987961530685,0.9235425651073456,0.860950268805027,1.2891876101493835
320,2,layer_10.attn_o,0.02629280276596546,0.0014300536756694255,0.00360981747508049,0.025114478543400764,0.01721628273371607,0.33507413119077684,0.9235425651073456,0.860950268805027,1.2891876101493835
320,2,layer_10.mlp_down,0.08169747143983841,0.0024392779643491024,0.1394399106502533,0.025114478543400764,0.021112967841327192,0.3622565880417824,0.9235425651073456,0.860950268805027,1.2891876101493835
320,2,layer_11.attn_o,0.023546187207102776,0.0009808026510735642,0.07136986404657364,0.025114478543400764,0.029776466172188522,0.4957822263240814,0.9235425651073456,0.860950268805027,1.2891876101493835
320,2,layer_11.mlp_down,0.10866590589284897,0.006058223497771649,0.061845533549785614,0.025114478543400764,0.014564999472349882,0.3400682434439659,0.9235425651073456,0.860950268805027,1.2891876101493835
320,2,layer_12.attn_o,0.02287398651242256,0.0008241937640062156,0.0013375902781262994,0.025114478543400764,0.006814213166944682,0.3078579410910606,0.9235425651073456,0.860950268805027,1.2891876101493835
320,2,layer_12.mlp_down,0.09339006245136261,0.003469661145615509,0.028257593512535095,0.025114478543400764,0.0028220024425536392,0.23407722413539886,0.9235425651073456,0.860950268805027,1.2891876101493835
320,2,layer_13.attn_o,0.027250604704022408,0.0014149567569234735,0.0020938916131854057,0.025114478543400764,-0.005133934936020523,0.2000649407505989,0.9235425651073456,0.860950268805027,1.2891876101493835
320,2,layer_13.mlp_down,0.10108113288879395,0.004805151783701491,0.011389381252229214,0.025114478543400764,0.0004552960745058954,0.20216483101248742,0.9235425651073456,0.860950268805027,1.2891876101493835
320,2,layer_14.attn_o,0.022707149386405945,0.0007931366056183237,0.00941072590649128,0.025114478543400764,-0.0022409453988075255,0.22684942111372947,0.9235425651073456,0.860950268805027,1.2891876101493835
320,2,layer_14.mlp_down,0.10056363046169281,0.004502897067454215,0.014638703316450119,0.025114478543400764,0.00106999782146886,0.24407078325748444,0.9235425651073456,0.860950268805027,1.2891876101493835
320,2,layer_15.attn_o,0.026980167254805565,0.0014674190256542736,0.04679001122713089,0.025114478543400764,0.007128008641302586,0.3581418350338936,0.9235425651073456,0.860950268805027,1.2891876101493835
320,2,layer_15.mlp_down,0.09487756341695786,0.0037264808385941775,0.024704638868570328,0.025114478543400764,0.005384054768364876,0.14964659065008162,0.9235425651073456,0.860950268805027,1.2891876101493835
320,2,layer_16.attn_o,0.02476521208882332,0.001106255158105676,0.018067311495542526,0.025114478543400764,0.0034972730369190685,0.16794661730527877,0.9235425651073456,0.860950268805027,1.2891876101493835
320,2,layer_16.mlp_down,0.08662641793489456,0.0026388994937931835,0.03806358948349953,0.025114478543400764,0.005535120817512507,0.13033592104911804,0.9235425651073456,0.860950268805027,1.2891876101493835
320,2,layer_17.attn_o,0.025530720129609108,0.0014787239053294717,0.04490276053547859,0.025114478543400764,0.006793747018673457,0.3367555171251297,0.9235425651073456,0.860950268805027,1.2891876101493835
320,2,layer_17.mlp_down,0.09912688285112381,0.004016206942841626,0.036568913608789444,0.025114478543400764,0.001057608937844634,0.14346761777997016,0.9235425651073456,0.860950268805027,1.2891876101493835
320,2,layer_18.attn_o,0.025585174560546875,0.0013280663466858392,0.00879933312535286,0.025114478543400764,0.00443286465597339,0.15563411340117456,0.9235425651073456,0.860950268805027,1.2891876101493835
320,2,layer_18.mlp_down,0.09853912144899368,0.00391200781708634,0.0343644879758358,0.025114478543400764,0.0005081779207102954,0.18669988214969635,0.9235425651073456,0.860950268805027,1.2891876101493835
320,2,layer_19.attn_o,0.030468842014670372,0.0017521383123990726,0.018651308491826057,0.025114478543400764,-0.003677524358499795,0.13329033851623534,0.9235425651073456,0.860950268805027,1.2891876101493835
320,2,layer_19.mlp_down,0.09924966096878052,0.004111285206085923,0.025956423953175545,0.025114478543400764,-0.0004993909387849271,0.15680418461561202,0.9235425651073456,0.860950268805027,1.2891876101493835
320,2,layer_20.attn_o,0.02133955992758274,0.000696669359713113,0.028689652681350708,0.025114478543400764,-0.010257489059586077,0.2684378981590271,0.9235425651073456,0.860950268805027,1.2891876101493835
320,2,layer_20.mlp_down,0.1122453585267067,0.006050332777766314,0.039426419883966446,0.025114478543400764,0.0020692998077720404,0.21211329102516174,0.9235425651073456,0.860950268805027,1.2891876101493835
320,2,layer_21.attn_o,0.02115819789469242,0.000854668089276964,0.17889438569545746,0.025114478543400764,0.017058265721425415,0.45798066556453704,0.9235425651073456,0.860950268805027,1.2891876101493835
320,2,layer_21.mlp_down,0.09260828793048859,0.003123261883047076,0.04052532836794853,0.025114478543400764,0.0020564548787660895,0.13770204409956932,0.9235425651073456,0.860950268805027,1.2891876101493835
320,2,layer_22.attn_o,0.0225681159645319,0.0008022510113108692,0.032078031450510025,0.025114478543400764,0.003365299222059548,0.13804426044225693,0.9235425651073456,0.860950268805027,1.2891876101493835
320,2,layer_22.mlp_down,0.09415861964225769,0.00327811298399753,0.04381576180458069,0.025114478543400764,-0.002446038043126464,0.15525168925523758,0.9235425651073456,0.860950268805027,1.2891876101493835
320,2,layer_23.attn_o,0.024080075323581696,0.0011002730121516843,0.07297120988368988,0.025114478543400764,0.0026592807611450554,0.25789457112550734,0.9235425651073456,0.860950268805027,1.2891876101493835
320,2,layer_23.mlp_down,0.0890338122844696,0.002746493487814448,0.053199127316474915,0.025114478543400764,0.005345723836217076,0.17678624242544175,0.9235425651073456,0.860950268805027,1.2891876101493835
320,2,layer_24.attn_o,0.02570878341794014,0.0013437838701774198,0.07551867514848709,0.025114478543400764,-0.0060911092441529036,0.3431351691484451,0.9235425651073456,0.860950268805027,1.2891876101493835
320,2,layer_24.mlp_down,0.10349371284246445,0.004588013367409194,0.09718914330005646,0.025114478543400764,0.005409090174362063,0.20314573496580124,0.9235425651073456,0.860950268805027,1.2891876101493835
320,2,layer_25.attn_o,0.02427697740495205,0.0011159345958856302,0.11070968955755234,0.025114478543400764,0.024220800958573818,0.2397567331790924,0.9235425651073456,0.860950268805027,1.2891876101493835
320,2,layer_25.mlp_down,0.11446037888526917,0.006214877349535879,-0.015392354689538479,0.025114478543400764,0.005959744937717915,0.13665245454758407,0.9235425651073456,0.860950268805027,1.2891876101493835
340,2,layer_0.attn_o,0.01740819215774536,0.0008539827283563684,0.03219985216856003,-0.009727605618536472,0.03155163023620844,0.06665270272642373,0.7820994257926941,0.8670583143830299,1.28405100107193
340,2,layer_0.mlp_down,0.05792202427983284,0.0017789135340112044,0.000434227375080809,-0.009727605618536472,0.0026818443671800195,0.06047267885878682,0.7820994257926941,0.8670583143830299,1.28405100107193
340,2,layer_1.attn_o,0.018433550372719765,0.000763794591211741,-0.03726315125823021,-0.009727605618536472,0.0065785389160737395,0.12392019452527166,0.7820994257926941,0.8670583143830299,1.28405100107193
340,2,layer_1.mlp_down,0.07273311167955399,0.00386397850212096,-0.003116331296041608,-0.009727605618536472,0.0009895174007397145,0.06172578660771251,0.7820994257926941,0.8670583143830299,1.28405100107193
340,2,layer_2.attn_o,0.017460480332374573,0.0007672230316166794,-0.002954483265057206,-0.009727605618536472,-0.002360561944078654,0.09936878547887318,0.7820994257926941,0.8670583143830299,1.28405100107193
340,2,layer_2.mlp_down,0.07520940899848938,0.004077006342659095,-0.010577773675322533,-0.009727605618536472,0.0029272060375660656,0.08025763696059585,0.7820994257926941,0.8670583143830299,1.28405100107193
340,2,layer_3.attn_o,0.01684746891260147,0.0007485017789671359,-0.002069182228296995,-0.009727605618536472,0.0031000747345387935,0.0916942747309804,0.7820994257926941,0.8670583143830299,1.28405100107193
340,2,layer_3.mlp_down,0.07073430716991425,0.003222707202037281,-0.008605051785707474,-0.009727605618536472,-0.00287448272574693,0.07581515349447727,0.7820994257926941,0.8670583143830299,1.28405100107193
340,2,layer_4.attn_o,0.022121014073491096,0.0012028578550189787,0.0003320146643090993,-0.009727605618536472,0.00384108122671023,0.09509206898510456,0.7820994257926941,0.8670583143830299,1.28405100107193
340,2,layer_4.mlp_down,0.06392696499824524,0.002020416064651532,-0.01113498117774725,-0.009727605618536472,-0.00013621057150885462,0.10841149501502514,0.7820994257926941,0.8670583143830299,1.28405100107193
340,2,layer_5.attn_o,0.018226824700832367,0.0007216234285456173,-0.034026045352220535,-0.009727605618536472,0.06006448888219893,0.22487936355173588,0.7820994257926941,0.8670583143830299,1.28405100107193
340,2,layer_5.mlp_down,0.07022839784622192,0.0028311828169063197,-0.008711887523531914,-0.009727605618536472,-0.000519273616373539,0.07913620229810477,0.7820994257926941,0.8670583143830299,1.28405100107193
340,2,layer_6.attn_o,0.02167641371488571,0.0011789503008299547,-0.0008880586829036474,-0.009727605618536472,-0.006031046225689352,0.10488944612443447,0.7820994257926941,0.8670583143830299,1.28405100107193
340,2,layer_6.mlp_down,0.07380902022123337,0.0031571458135401112,0.0008861749083735049,-0.009727605618536472,-0.005851474590599537,0.10957505591213704,0.7820994257926941,0.8670583143830299,1.28405100107193
340,2,layer_7.attn_o,0.016752619296312332,0.0005299762807678457,-0.008900103159248829,-0.009727605618536472,-0.009802374220453203,0.16655950471758843,0.7820994257926941,0.8670583143830299,1.28405100107193
340,2,layer_7.mlp_down,0.06599260866641998,0.0021578417756226665,-0.02798657864332199,-0.009727605618536472,-0.009628463396802544,0.14181706607341765,0.7820994257926941,0.8670583143830299,1.28405100107193
340,2,layer_8.attn_o,0.01840161345899105,0.000586590728714575,-0.014153438620269299,-0.009727605618536472,-0.01216927336063236,0.17111523300409318,0.7820994257926941,0.8670583143830299,1.28405100107193
340,2,layer_8.mlp_down,0.06791184842586517,0.0022015598413099415,-0.017649170011281967,-0.009727605618536472,-0.009301694214809687,0.1816386066377163,0.7820994257926941,0.8670583143830299,1.28405100107193
340,2,layer_9.attn_o,0.01883750408887863,0.0006278985591957167,-0.003667617915198207,-0.009727605618536472,-0.014562311489135027,0.25635756850242614,0.7820994257926941,0.8670583143830299,1.28405100107193
340,2,layer_9.mlp_down,0.08287235349416733,0.004197754575514721,-0.013454233296215534,-0.009727605618536472,-0.006956925912527367,0.24410571157932281,0.7820994257926941,0.8670583143830299,1.28405100107193
340,2,layer_10.attn_o,0.023120319470763206,0.001257503741085179,0.003136379411444068,-0.009727605618536472,-0.004125629976624623,0.3125531733036041,0.7820994257926941,0.8670583143830299,1.28405100107193
340,2,layer_10.mlp_down,0.06749865412712097,0.0020153308652097455,-0.012412374839186668,-0.009727605618536472,0.008347699686419218,0.3382043167948723,0.7820994257926941,0.8670583143830299,1.28405100107193
340,2,layer_11.attn_o,0.020956920459866524,0.0008729479129391265,0.009841886349022388,-0.009727605618536472,0.018338841875083743,0.48386991322040557,0.7820994257926941,0.8670583143830299,1.28405100107193
340,2,layer_11.mlp_down,0.08795727044343948,0.0049036773007513626,0.008014746941626072,-0.009727605618536472,0.0064060533419251445,0.3313774406909943,0.7820994257926941,0.8670583143830299,1.28405100107193
340,2,layer_12.attn_o,0.01950104720890522,0.0007026601717738689,-0.0027912361547350883,-0.009727605618536472,0.006359700983739458,0.30829758793115614,0.7820994257926941,0.8670583143830299,1.28405100107193
340,2,layer_12.mlp_down,0.07516379654407501,0.002792504848222039,-0.007349576335400343,-0.009727605618536472,0.007806020470161457,0.23576258420944213,0.7820994257926941,0.8670583143830299,1.28405100107193
340,2,layer_13.attn_o,0.022623106837272644,0.0011746785944192117,-0.0038756050635129213,-0.009727605618536472,0.008391242590732872,0.21808671131730079,0.7820994257926941,0.8670583143830299,1.28405100107193
340,2,layer_13.mlp_down,0.08062343299388885,0.0038326350737362853,-0.003819572040811181,-0.009727605618536472,0.007598732691258192,0.22060036808252334,0.7820994257926941,0.8670583143830299,1.28405100107193
340,2,layer_14.attn_o,0.018919790163636208,0.0006608479072253864,-0.004026990849524736,-0.009727605618536472,0.0053826509276404975,0.24756006747484208,0.7820994257926941,0.8670583143830299,1.28405100107193
340,2,layer_14.mlp_down,0.08150674402713776,0.0036495889494585093,0.0012340308167040348,-0.009727605618536472,0.007818454160587861,0.26957584619522096,0.7820994257926941,0.8670583143830299,1.28405100107193
340,2,layer_15.attn_o,0.0246240496635437,0.001339272330180962,-0.0022200350649654865,-0.009727605618536472,0.01713790250942111,0.3817116469144821,0.7820994257926941,0.8670583143830299,1.28405100107193
340,2,layer_15.mlp_down,0.07653572410345078,0.003006062256711497,-0.008264432661235332,-0.009727605618536472,0.003579259599064244,0.1797730028629303,0.7820994257926941,0.8670583143830299,1.28405100107193
340,2,layer_16.attn_o,0.020688116550445557,0.0009241320370557873,-0.00433200690895319,-0.009727605618536472,0.007328709663124755,0.2123562440276146,0.7820994257926941,0.8670583143830299,1.28405100107193
340,2,layer_16.mlp_down,0.06864345818758011,0.0020910794683684513,-0.011412177234888077,-0.009727605618536472,0.008138973635504953,0.17690148204565048,0.7820994257926941,0.8670583143830299,1.28405100107193
340,2,layer_17.attn_o,0.01988135650753975,0.0011515157913869712,-0.006945476867258549,-0.009727605618536472,0.013939978391863405,0.3752226263284683,0.7820994257926941,0.8670583143830299,1.28405100107193
340,2,layer_17.mlp_down,0.07677707076072693,0.0031106708348301354,0.0009241404477506876,-0.009727605618536472,0.0022616447880864144,0.1888956218957901,0.7820994257926941,0.8670583143830299,1.28405100107193
340,2,layer_18.attn_o,0.019325604662299156,0.0010031469671129734,0.004747412167489529,-0.009727605618536472,0.004865702614188195,0.21441565528512002,0.7820994257926941,0.8670583143830299,1.28405100107193
340,2,layer_18.mlp_down,0.07473541051149368,0.0029669917199335654,0.013468604534864426,-0.009727605618536472,0.004574979678727687,0.22436425387859343,0.7820994257926941,0.8670583143830299,1.28405100107193
340,2,layer_19.attn_o,0.0232255719602108,0.001335606492516806,0.008058118633925915,-0.009727605618536472,0.0069923714967444536,0.20948035642504692,0.7820994257926941,0.8670583143830299,1.28405100107193
340,2,layer_19.mlp_down,0.07446479797363281,0.003084593765298007,0.012782073579728603,-0.009727605618536472,0.0057743570418097075,0.21369143649935723,0.7820994257926941,0.8670583143830299,1.28405100107193
340,2,layer_20.attn_o,0.017506275326013565,0.0005715244170090647,0.01473233662545681,-0.009727605618536472,0.008996399340685458,0.34160878509283066,0.7820994257926941,0.8670583143830299,1.28405100107193
340,2,layer_20.mlp_down,0.08456890285015106,0.004558470108033283,0.024141697213053703,-0.009727605618536472,0.0071931486949324604,0.2556633554399014,0.7820994257926941,0.8670583143830299,1.28405100107193
340,2,layer_21.attn_o,0.016323134303092957,0.0006593595506366527,0.0029694484546780586,-0.009727605618536472,0.00811056059319526,0.48683066964149474,0.7820994257926941,0.8670583143830299,1.28405100107193
340,2,layer_21.mlp_down,0.06999526917934418,0.0023606150213886378,0.02648072876036167,-0.009727605618536472,0.007549209287390113,0.1916164517402649,0.7820994257926941,0.8670583143830299,1.28405100107193
340,2,layer_22.attn_o,0.01645347848534584,0.0005848879798027977,-0.0025397574063390493,-0.009727605618536472,0.01135453418828547,0.19043221995234488,0.7820994257926941,0.8670583143830299,1.28405100107193
340,2,layer_22.mlp_down,0.07186367362737656,0.00250190739273396,0.02133438177406788,-0.009727605618536472,0.002609038876835257,0.21306460425257684,0.7820994257926941,0.8670583143830299,1.28405100107193
340,2,layer_23.attn_o,0.017376180738210678,0.00079395686256841,0.020111024379730225,-0.009727605618536472,-0.006060409685596823,0.30087690204381945,0.7820994257926941,0.8670583143830299,1.28405100107193
340,2,layer_23.mlp_down,0.06765490770339966,0.0020869921457117727,0.025052528828382492,-0.009727605618536472,0.0007243823638418689,0.232426618039608,0.7820994257926941,0.8670583143830299,1.28405100107193
340,2,layer_24.attn_o,0.02033630758523941,0.0010629679578988813,-0.008947433903813362,-0.009727605618536472,-0.003968226775759831,0.4009860932826996,0.7820994257926941,0.8670583143830299,1.28405100107193
340,2,layer_24.mlp_down,0.07845717668533325,0.0034780979128108055,-0.016149288043379784,-0.009727605618536472,0.009602149110287428,0.2600447297096252,0.7820994257926941,0.8670583143830299,1.28405100107193
340,2,layer_25.attn_o,0.02031780034303665,0.0009339439559088845,-0.03389282524585724,-0.009727605618536472,0.02157721045659855,0.2850770115852356,0.7820994257926941,0.8670583143830299,1.28405100107193
340,2,layer_25.mlp_down,0.08474742621183395,0.0046015188133900365,-0.08550606667995453,-0.009727605618536472,0.002197807591437595,0.1697010040283203,0.7820994257926941,0.8670583143830299,1.28405100107193
360,2,layer_0.attn_o,0.01256069540977478,0.0006161820730854295,0.03009779006242752,0.0030751789454370737,-0.009599124733358621,0.18460648320615292,0.9002094030380249,0.8652263358235359,1.2834680452942848
360,2,layer_0.mlp_down,0.04148998484015465,0.0012742452116515828,-0.007405241951346397,0.0030751789454370737,-9.742174588609487e-05,0.13252200074493886,0.9002094030380249,0.8652263358235359,1.2834680452942848
360,2,layer_1.attn_o,0.01256300788372755,0.0005205482789177367,0.06810003519058228,0.0030751789454370737,0.0011039710603654384,0.19078765921294688,0.9002094030380249,0.8652263358235359,1.2834680452942848
360,2,layer_1.mlp_down,0.050159089267253876,0.002664714736629121,0.01109350100159645,0.0030751789454370737,0.001547834421216976,0.13468224881216884,0.9002094030380249,0.8652263358235359,1.2834680452942848
360,2,layer_2.attn_o,0.012384025380015373,0.000544160740266019,0.04485771059989929,0.0030751789454370737,-0.021147448103874922,0.18429815620183945,0.9002094030380249,0.8652263358235359,1.2834680452942848
360,2,layer_2.mlp_down,0.050957947969436646,0.002762358079191685,0.022290779277682304,0.0030751789454370737,-0.00014818743802607058,0.16173312691971659,0.9002094030380249,0.8652263358235359,1.2834680452942848
360,2,layer_3.attn_o,0.01255793310701847,0.0005579253797926319,0.0025154061149805784,0.0030751789454370737,-0.013631172676105053,0.17986203208565713,0.9002094030380249,0.8652263358235359,1.2834680452942848
360,2,layer_3.mlp_down,0.050680339336395264,0.002309031229643542,0.007882256992161274,0.0030751789454370737,-0.0013498046901077032,0.15464257597923278,0.9002094030380249,0.8652263358235359,1.2834680452942848
360,2,layer_4.attn_o,0.015233781188726425,0.0008283555944469808,-0.0006202079821377993,0.0030751789454370737,-0.01769492740277201,0.1758464615792036,0.9002094030380249,0.8652263358235359,1.2834680452942848
360,2,layer_4.mlp_down,0.04461431875824928,0.0014100319403938114,-0.011603129096329212,0.0030751789454370737,-0.013355179247446359,0.21371198780834674,0.9002094030380249,0.8652263358235359,1.2834680452942848
360,2,layer_5.attn_o,0.012805367819964886,0.0005069809789528938,-0.004727868363261223,0.0030751789454370737,-0.06892869994044304,0.3929601565003395,0.9002094030380249,0.8652263358235359,1.2834680452942848
360,2,layer_5.mlp_down,0.05036997050046921,0.0020306029504803687,-0.00417590094730258,0.0030751789454370737,-0.004148867656476795,0.1481296693906188,0.9002094030380249,0.8652263358235359,1.2834680452942848
360,2,layer_6.attn_o,0.015098273754119873,0.0008211739834995929,-0.004665091633796692,0.0030751789454370737,-0.0038332832511514424,0.17128281462937595,0.9002094030380249,0.8652263358235359,1.2834680452942848
360,2,layer_6.mlp_down,0.05335482954978943,0.002282221183500107,0.003380696289241314,0.0030751789454370737,-0.0050343787181191145,0.18271489441394806,0.9002094030380249,0.8652263358235359,1.2834680452942848
360,2,layer_7.attn_o,0.011815089732408524,0.0003737753523239597,0.006928317714482546,0.0030751789454370737,-0.007633609999902547,0.24931190609931947,0.9002094030380249,0.8652263358235359,1.2834680452942848
360,2,layer_7.mlp_down,0.04736311733722687,0.0015486835434902172,0.003862757468596101,0.0030751789454370737,-0.004366887733340263,0.21812733188271521,0.9002094030380249,0.8652263358235359,1.2834680452942848
360,2,layer_8.attn_o,0.012729711830615997,0.0004057865289705241,-0.0012141142506152391,0.0030751789454370737,-0.0009005084109958261,0.2299070566892624,0.9002094030380249,0.8652263358235359,1.2834680452942848
360,2,layer_8.mlp_down,0.048196617513895035,0.0015624259224229235,0.0018277893541380763,0.0030751789454370737,-0.0036788088735193016,0.24906399473547935,0.9002094030380249,0.8652263358235359,1.2834680452942848
360,2,layer_9.attn_o,0.012783014215528965,0.00042608801247566783,-0.0016420709434896708,0.0030751789454370737,-0.0033976729959249497,0.3228206500411034,0.9002094030380249,0.8652263358235359,1.2834680452942848
360,2,layer_9.mlp_down,0.05906384065747261,0.0029917617055418002,-0.0005707117961719632,0.0030751789454370737,-0.0032920743804425003,0.3038542069494724,0.9002094030380249,0.8652263358235359,1.2834680452942848
360,2,layer_10.attn_o,0.015781348571181297,0.000858340782342545,0.004857017658650875,0.0030751789454370737,-0.005021034856326878,0.37414836436510085,0.9002094030380249,0.8652263358235359,1.2834680452942848
360,2,layer_10.mlp_down,0.04702153429389,0.0014039322779634815,0.04171096533536911,0.0030751789454370737,-0.0033978122286498547,0.3936646282672882,0.9002094030380249,0.8652263358235359,1.2834680452942848
360,2,layer_11.attn_o,0.014512896537780762,0.0006045259255086441,0.012716357596218586,0.0030751789454370737,0.008214768394827843,0.5352169364690781,0.9002094030380249,0.8652263358235359,1.2834680452942848
360,2,layer_11.mlp_down,0.06316644698381424,0.0035215492877075727,0.0038110236637294292,0.0030751789454370737,0.004376739123836159,0.37769878953695296,0.9002094030380249,0.8652263358235359,1.2834680452942848
360,2,layer_12.attn_o,0.013356566429138184,0.0004812625999456346,0.0029439872596412897,0.0030751789454370737,0.002610166242811829,0.35428277850151063,0.9002094030380249,0.8652263358235359,1.2834680452942848
360,2,layer_12.mlp_down,0.05374893918633461,0.0019968827731068027,0.009298206306993961,0.0030751789454370737,-0.0019052747637033462,0.276406018435955,0.9002094030380249,0.8652263358235359,1.2834680452942848
360,2,layer_13.attn_o,0.015723969787359238,0.0008164485781851752,-0.0021570923272520304,0.0030751789454370737,-0.001685707684373483,0.23409955129027366,0.9002094030380249,0.8652263358235359,1.2834680452942848
360,2,layer_13.mlp_down,0.05801902711391449,0.002758071511819607,-0.003595054615288973,0.0030751789454370737,-0.003856639692094177,0.24295198768377305,0.9002094030380249,0.8652263358235359,1.2834680452942848
360,2,layer_14.attn_o,0.013096163049340248,0.00045743481908745964,-0.0017067029839381576,0.0030751789454370737,-0.0045818683138350025,0.2724587984383106,0.9002094030380249,0.8652263358235359,1.2834680452942848
360,2,layer_14.mlp_down,0.057263631373643875,0.0025640588894041885,-0.001100559369660914,0.0030751789454370737,-0.0009670344355981797,0.2813641160726547,0.9002094030380249,0.8652263358235359,1.2834680452942848
360,2,layer_15.attn_o,0.016424773260951042,0.0008933229377276571,-0.0008927038288675249,0.0030751789454370737,0.005208597850287333,0.4240157514810562,0.9002094030380249,0.8652263358235359,1.2834680452942848
360,2,layer_15.mlp_down,0.05364501476287842,0.0021069859901282142,0.0004577262734528631,0.0030751789454370737,0.0033706810034345837,0.1852723702788353,0.9002094030380249,0.8652263358235359,1.2834680452942848
360,2,layer_16.attn_o,0.013879179954528809,0.0006199786981268185,0.00010065943206427619,0.0030751789454370737,0.005198934162035584,0.20474968664348125,0.9002094030380249,0.8652263358235359,1.2834680452942848
360,2,layer_16.mlp_down,0.0473046638071537,0.0014410318409998066,0.004147450905293226,0.0030751789454370737,0.0020876867230981587,0.1686880748718977,0.9002094030380249,0.8652263358235359,1.2834680452942848
360,2,layer_17.attn_o,0.014205275103449821,0.0008227605084335276,-0.00027632707497105,0.0030751789454370737,0.002399785257875919,0.3685176931321621,0.9002094030380249,0.8652263358235359,1.2834680452942848
360,2,layer_17.mlp_down,0.053624529391527176,0.002172621297221029,0.0008862428367137909,0.0030751789454370737,0.004497414975776337,0.18152832388877868,0.9002094030380249,0.8652263358235359,1.2834680452942848
360,2,layer_18.attn_o,0.013932307250797749,0.0007231935761633378,0.004242006689310074,0.0030751789454370737,0.0008206153055652976,0.22542520612478256,0.9002094030380249,0.8652263358235359,1.2834680452942848
360,2,layer_18.mlp_down,0.052393101155757904,0.0020799942799175205,0.0007736896513961256,0.0030751789454370737,0.003223558791796677,0.20817482471466064,0.9002094030380249,0.8652263358235359,1.2834680452942848
360,2,layer_19.attn_o,0.015410399995744228,0.0008861885010595216,0.008125069551169872,0.0030751789454370737,0.005603406636510044,0.17056249510496854,0.9002094030380249,0.8652263358235359,1.2834680452942848
360,2,layer_19.mlp_down,0.052886977791786194,0.0021907586963487353,0.00918145664036274,0.0030751789454370737,0.0017169604892842472,0.19230543822050095,0.9002094030380249,0.8652263358235359,1.2834680452942848
360,2,layer_20.attn_o,0.011743128299713135,0.0003833757612601748,0.010591519996523857,0.0030751789454370737,0.004967684810981155,0.3188819460570812,0.9002094030380249,0.8652263358235359,1.2834680452942848
360,2,layer_20.mlp_down,0.05960848554968834,0.0032130275473783916,0.015899397432804108,0.0030751789454370737,0.003670370642794296,0.24627206847071648,0.9002094030380249,0.8652263358235359,1.2834680452942848
360,2,layer_21.attn_o,0.01156799215823412,0.00046727932462439087,0.0197468064725399,0.0030751789454370737,-0.004072672501206398,0.5398525387048722,0.9002094030380249,0.8652263358235359,1.2834680452942848
360,2,layer_21.mlp_down,0.048683278262615204,0.0016418537823176755,0.017969723790884018,0.0030751789454370737,0.0035241154953837396,0.17951962873339652,0.9002094030380249,0.8652263358235359,1.2834680452942848
360,2,layer_22.attn_o,0.0111630754545331,0.0003968246593358773,0.007513120304793119,0.0030751789454370737,0.0033918007975444198,0.19387582503259182,0.9002094030380249,0.8652263358235359,1.2834680452942848
360,2,layer_22.mlp_down,0.04927459731698036,0.0017154691407835821,0.012584648095071316,0.0030751789454370737,0.0030613571871072054,0.1867157831788063,0.9002094030380249,0.8652263358235359,1.2834680452942848
360,2,layer_23.attn_o,0.012002330273389816,0.0005484133313859186,-0.004058706108480692,0.0030751789454370737,0.007428691256791353,0.26823277547955515,0.9002094030380249,0.8652263358235359,1.2834680452942848
360,2,layer_23.mlp_down,0.04593489691615105,0.001416974907159802,0.001926557277329266,0.0030751789454370737,0.004588698805309832,0.20298982188105583,0.9002094030380249,0.8652263358235359,1.2834680452942848
360,2,layer_24.attn_o,0.01387116126716137,0.0007250381335972541,-0.010927991941571236,0.0030751789454370737,-0.001006924721878022,0.4161156862974167,0.9002094030380249,0.8652263358235359,1.2834680452942848
360,2,layer_24.mlp_down,0.053265199065208435,0.0023613038462044745,-0.016941826790571213,0.0030751789454370737,-0.007999405218288302,0.24557620882987977,0.9002094030380249,0.8652263358235359,1.2834680452942848
360,2,layer_25.attn_o,0.012231464497745037,0.0005622409977266358,-0.012055023573338985,0.0030751789454370737,-0.03243666854687035,0.2782088339328766,0.9002094030380249,0.8652263358235359,1.2834680452942848
360,2,layer_25.mlp_down,0.05802463740110397,0.003150540383513667,-0.0018810926703736186,0.0030751789454370737,-0.04509879250545055,0.18779633864760398,0.9002094030380249,0.8652263358235359,1.2834680452942848
380,2,layer_0.attn_o,0.00846010074019432,0.00041502179955321314,0.0372183620929718,0.010632527060806751,-0.019865079771261663,0.16577575989067556,0.8808329164981842,0.8630513101816177,1.2808933928608894
380,2,layer_0.mlp_down,0.028484055772423744,0.0008748044869367908,-0.003134512109681964,0.010632527060806751,0.003337432025000453,0.08591407313942909,0.8808329164981842,0.8630513101816177,1.2808933928608894
380,2,layer_1.attn_o,0.008279211819171906,0.0003430490373119277,0.14392784237861633,0.010632527060806751,-0.024316839687526227,0.1437227189540863,0.8808329164981842,0.8630513101816177,1.2808933928608894
380,2,layer_1.mlp_down,0.03509020805358887,0.0018641736474224095,0.009376868605613708,0.010632527060806751,0.003501252771820873,0.09344145953655243,0.8808329164981842,0.8630513101816177,1.2808933928608894
380,2,layer_2.attn_o,0.008324302732944489,0.0003657743728712117,0.029938699677586555,0.010632527060806751,0.009332364320289343,0.1602306980639696,0.8808329164981842,0.8630513101816177,1.2808933928608894
380,2,layer_2.mlp_down,0.03585606813430786,0.0019437023739362245,0.0122457817196846,0.010632527060806751,-0.001052240887656808,0.12856873273849487,0.8808329164981842,0.8630513101816177,1.2808933928608894
380,2,layer_3.attn_o,0.008248334750533104,0.0003664580197338343,0.0143016641959548,0.010632527060806751,0.0033148963702842593,0.13641145043075084,0.8808329164981842,0.8630513101816177,1.2808933928608894
380,2,layer_3.mlp_down,0.034417565912008286,0.0015680865521649344,-0.0029015252366662025,0.010632527060806751,-0.005339066288433969,0.10453709792345763,0.8808329164981842,0.8630513101816177,1.2808933928608894
380,2,layer_4.attn_o,0.010055999271571636,0.0005468071055652168,0.01851482316851616,0.010632527060806751,0.006879949953872711,0.14213613532483577,0.8808329164981842,0.8630513101816177,1.2808933928608894
380,2,layer_4.mlp_down,0.030318446457386017,0.0009582092207938773,0.04174172505736351,0.010632527060806751,-0.0019092814996838569,0.16226716078817843,0.8808329164981842,0.8630513101816177,1.2808933928608894
380,2,layer_5.attn_o,0.008330235257744789,0.00032980460152866184,0.22089189291000366,0.010632527060806751,-0.026552089117467405,0.3127267204225063,0.8808329164981842,0.8630513101816177,1.2808933928608894
380,2,layer_5.mlp_down,0.034070536494255066,0.00137351009115579,0.006695052143186331,0.010632527060806751,-0.0009958885028026998,0.09772011265158653,0.8808329164981842,0.8630513101816177,1.2808933928608894
380,2,layer_6.attn_o,0.010006755590438843,0.0005442531524931258,0.0028713461942970753,0.010632527060806751,0.002935416015679948,0.1481669455766678,0.8808329164981842,0.8630513101816177,1.2808933928608894
380,2,layer_6.mlp_down,0.035842955112457275,0.0015331581406098501,0.014015666209161282,0.010632527060806751,0.003569713595788926,0.1497715324163437,0.8808329164981842,0.8630513101816177,1.2808933928608894
380,2,layer_7.attn_o,0.00792067963629961,0.0002505739992532422,0.004254380241036415,0.010632527060806751,0.005349810991901904,0.22818235084414482,0.8808329164981842,0.8630513101816177,1.2808933928608894
380,2,layer_7.mlp_down,0.03197554871439934,0.0010455362218763523,-0.000498554902151227,0.010632527060806751,0.006081293011084199,0.19394514486193656,0.8808329164981842,0.8630513101816177,1.2808933928608894
380,2,layer_8.attn_o,0.008340844884514809,0.000265882082298369,-0.0002673464477993548,0.010632527060806751,0.01146934062417131,0.21957255601882936,0.8808329164981842,0.8630513101816177,1.2808933928608894
380,2,layer_8.mlp_down,0.03226408362388611,0.0010459255213745204,0.007894732989370823,0.010632527060806751,0.0018986423732712866,0.24318180680274964,0.8808329164981842,0.8630513101816177,1.2808933928608894
380,2,layer_9.attn_o,0.008128526620566845,0.0002709429116742136,-0.00129827915225178,0.010632527060806751,0.00602050144225359,0.3234076887369156,0.8808329164981842,0.8630513101816177,1.2808933928608894
380,2,layer_9.mlp_down,0.039756517857313156,0.0020137844489286263,0.007571287453174591,0.010632527060806751,0.001098772545810789,0.30947997570037844,0.8808329164981842,0.8630513101816177,1.2808933928608894
380,2,layer_10.attn_o,0.010099785402417183,0.0005493228266723239,-0.004642955958843231,0.010632527060806751,0.0023892611963674424,0.3901316195726395,0.8808329164981842,0.8630513101816177,1.2808933928608894
380,2,layer_10.mlp_down,0.03167644515633583,0.0009457688574338414,-0.035385146737098694,0.010632527060806751,-0.005369605706073343,0.4096901208162308,0.8808329164981842,0.8630513101816177,1.2808933928608894
380,2,layer_11.attn_o,0.009090503677725792,0.0003786592808514262,0.01662079617381096,0.010632527060806751,0.024011101014912127,0.5465061724185943,0.8808329164981842,0.8630513101816177,1.2808933928608894
380,2,layer_11.mlp_down,0.042534831911325455,0.0023713259713071507,0.019967911764979362,0.010632527060806751,0.00914782751351595,0.3892910212278366,0.8808329164981842,0.8630513101816177,1.2808933928608894
380,2,layer_12.attn_o,0.008643659763038158,0.0003114474853339035,-7.256922253873199e-05,0.010632527060806751,0.007342776586301625,0.38512741923332217,0.8808329164981842,0.8630513101816177,1.2808933928608894
380,2,layer_12.mlp_down,0.0362115204334259,0.0013453278748814606,0.0048875161446630955,0.010632527060806751,0.006866546801757067,0.2780206292867661,0.8808329164981842,0.8630513101816177,1.2808933928608894
380,2,layer_13.attn_o,0.010351513512432575,0.0005374900187145863,0.003687092801555991,0.010632527060806751,0.008744249073788523,0.2699765644967556,0.8808329164981842,0.8630513101816177,1.2808933928608894
380,2,layer_13.mlp_down,0.039544396102428436,0.0018798306595111992,-0.0014470734167844057,0.010632527060806751,0.0016020048060454428,0.24654705449938774,0.8808329164981842,0.8630513101816177,1.2808933928608894
380,2,layer_14.attn_o,0.008634169586002827,0.00030158211012112023,0.0030122105963528156,0.010632527060806751,-0.0011135584325529635,0.2924416795372963,0.8808329164981842,0.8630513101816177,1.2808933928608894
380,2,layer_14.mlp_down,0.03948768228292465,0.0017681140357150608,0.0032670560758560896,0.010632527060806751,-0.002096518938196823,0.2899493485689163,0.8808329164981842,0.8630513101816177,1.2808933928608894
380,2,layer_15.attn_o,0.010526487603783607,0.0005725224165806365,0.009779652580618858,0.010632527060806751,-0.004161491512786597,0.4416622489690781,0.8808329164981842,0.8630513101816177,1.2808933928608894
380,2,layer_15.mlp_down,0.036730725318193436,0.0014426472639132552,-0.0045639644376933575,0.010632527060806751,-0.0008167715277522802,0.19056915268301963,0.8808329164981842,0.8630513101816177,1.2808933928608894
380,2,layer_16.attn_o,0.009328360669314861,0.00041669500088383193,0.0005871175671927631,0.010632527060806751,-0.0010463699349202217,0.228404950350523,0.8808329164981842,0.8630513101816177,1.2808933928608894
380,2,layer_16.mlp_down,0.03246322646737099,0.0009889173264428905,0.006173484958708286,0.010632527060806751,0.0026604943523125257,0.18287845999002456,0.8808329164981842,0.8630513101816177,1.2808933928608894
380,2,layer_17.attn_o,0.009506032802164555,0.0005505831367879916,0.0027597500011324883,0.010632527060806751,-0.0015462350740563125,0.4566194415092468,0.8808329164981842,0.8630513101816177,1.2808933928608894
380,2,layer_17.mlp_down,0.0370013602077961,0.0014991231884747538,-0.0014229491353034973,0.010632527060806751,0.0005686816264642402,0.1906198062002659,0.8808329164981842,0.8630513101816177,1.2808933928608894
380,2,layer_18.attn_o,0.009328084997832775,0.0004841989453233037,0.0025564006064087152,0.010632527060806751,-0.0025865980074740945,0.25280445218086245,0.8808329164981842,0.8630513101816177,1.2808933928608894
380,2,layer_18.mlp_down,0.03617599233984947,0.0014361738297803059,-0.0014450004091486335,0.010632527060806751,-0.0007629232655745,0.23454677313566208,0.8808329164981842,0.8630513101816177,1.2808933928608894
380,2,layer_19.attn_o,0.010548854246735573,0.0006066208037415504,0.001459502149373293,0.010632527060806751,-0.0022293927584541963,0.23887360095977783,0.8808329164981842,0.8630513101816177,1.2808933928608894
380,2,layer_19.mlp_down,0.03634757921099663,0.001505637160870895,0.004082272294908762,0.010632527060806751,-0.0009576768148690462,0.21217410862445832,0.8808329164981842,0.8630513101816177,1.2808933928608894
380,2,layer_20.attn_o,0.007988335564732552,0.00026079368104191004,0.004997483920305967,0.010632527060806751,-0.010162973031401634,0.35255649238824843,0.8808329164981842,0.8630513101816177,1.2808933928608894
380,2,layer_20.mlp_down,0.041302915662527084,0.0022263109449092654,0.010677680373191833,0.010632527060806751,-0.0021981488214805724,0.2655388906598091,0.8808329164981842,0.8630513101816177,1.2808933928608894
380,2,layer_21.attn_o,0.008079907856881618,0.0003263810897125731,0.07413361966609955,0.010632527060806751,-0.010831198748201131,0.5310100227594375,0.8808329164981842,0.8630513101816177,1.2808933928608894
380,2,layer_21.mlp_down,0.03379814326763153,0.0011398451529489283,0.009496097452938557,0.010632527060806751,-0.00643196432502009,0.19181113988161086,0.8808329164981842,0.8630513101816177,1.2808933928608894
380,2,layer_22.attn_o,0.007822763174772263,0.00027808326680509114,0.006065651308745146,0.010632527060806751,-0.004195803042966873,0.19650909751653672,0.8808329164981842,0.8630513101816177,1.2808933928608894
380,2,layer_22.mlp_down,0.03426350653171539,0.0011928617269242325,0.011217383667826653,0.010632527060806751,-0.0053421507589519026,0.21076698303222657,0.8808329164981842,0.8630513101816177,1.2808933928608894
380,2,layer_23.attn_o,0.00807326752692461,0.00036888562911541775,0.025942638516426086,0.010632527060806751,-0.013568670250242576,0.3307342827320099,0.8808329164981842,0.8630513101816177,1.2808933928608894
380,2,layer_23.mlp_down,0.03208555653691292,0.00098975548435411,0.014787247404456139,0.010632527060806751,-0.005749691254459321,0.2318936988711357,0.8808329164981842,0.8630513101816177,1.2808933928608894
380,2,layer_24.attn_o,0.009459932334721088,0.0004944656208385968,0.03179151564836502,0.010632527060806751,-0.014725756528787316,0.388348913192749,0.8808329164981842,0.8630513101816177,1.2808933928608894
380,2,layer_24.mlp_down,0.03736299276351929,0.0016563397521920289,0.039573006331920624,0.010632527060806751,-0.00444983720954042,0.26509079337120056,0.8808329164981842,0.8630513101816177,1.2808933928608894
380,2,layer_25.attn_o,0.00854729674756527,0.00039289157795488494,0.043507881462574005,0.010632527060806751,-0.006175876781344414,0.30128658562898636,0.8808329164981842,0.8630513101816177,1.2808933928608894
380,2,layer_25.mlp_down,0.040543414652347565,0.00220136354022714,0.04458329826593399,0.010632527060806751,-0.005121857961057685,0.1984545722603798,0.8808329164981842,0.8630513101816177,1.2808933928608894
400,2,layer_0.attn_o,0.0055277119390666485,0.00027116943546645904,0.18748025596141815,0.02308870293200016,-0.020840646512806416,0.17396514844149352,0.7669489026069641,0.8632448688149452,1.2800693586468697
400,2,layer_0.mlp_down,0.017888115718960762,0.0005493809127966149,0.0011524490546435118,0.02308870293200016,0.007163385720923543,0.07734803783241659,0.7669489026069641,0.8632448688149452,1.2800693586468697
400,2,layer_1.attn_o,0.00542136887088418,0.0002246343330389963,0.3311331570148468,0.02308870293200016,-0.005057424120604992,0.1491191029548645,0.7669489026069641,0.8632448688149452,1.2800693586468697
400,2,layer_1.mlp_down,0.02341976761817932,0.0012441769938521588,0.003246057080104947,0.02308870293200016,0.004575697192922235,0.07834462318569421,0.7669489026069641,0.8632448688149452,1.2800693586468697
400,2,layer_2.attn_o,0.005183234345167875,0.00022775406856130614,0.09177377074956894,0.02308870293200016,-0.0021163387689739467,0.13100696131587028,0.7669489026069641,0.8632448688149452,1.2800693586468697
400,2,layer_2.mlp_down,0.024058230221271515,0.0013041571416879789,-0.0057228426449000835,0.02308870293200016,0.008312692353501915,0.11260172063484788,0.7669489026069641,0.8632448688149452,1.2800693586468697
400,2,layer_3.attn_o,0.005078144371509552,0.00022561239679207596,0.006729594897478819,0.02308870293200016,0.006396587507333606,0.11877742521464825,0.7669489026069641,0.8632448688149452,1.2800693586468697
400,2,layer_3.mlp_down,0.02128146030008793,0.0009695966673687022,-0.0008067442686296999,0.02308870293200016,0.009416527824942022,0.09698287174105644,0.7669489026069641,0.8632448688149452,1.2800693586468697
400,2,layer_4.attn_o,0.00611999724060297,0.0003327821723804371,0.009768018499016762,0.02308870293200016,0.004548785893712192,0.12345099560916424,0.7669489026069641,0.8632448688149452,1.2800693586468697
400,2,layer_4.mlp_down,0.018411044031381607,0.0005818774547708611,0.03019271045923233,0.02308870293200016,0.013586695282720029,0.14101592302322388,0.7669489026069641,0.8632448688149452,1.2800693586468697
400,2,layer_5.attn_o,0.004975028336048126,0.00019696766530485836,0.2727166712284088,0.02308870293200016,0.053020217642188075,0.3443796753883362,0.7669489026069641,0.8632448688149452,1.2800693586468697
400,2,layer_5.mlp_down,0.020647414028644562,0.0008323732495768861,0.006416750140488148,0.02308870293200016,0.0026244593784213064,0.07914248332381249,0.7669489026069641,0.8632448688149452,1.2800693586468697
400,2,layer_6.attn_o,0.0060389069840312,0.00032844742844998176,-0.004251144826412201,0.02308870293200016,0.003537424572277814,0.10794507674872875,0.7669489026069641,0.8632448688149452,1.2800693586468697
400,2,layer_6.mlp_down,0.021945349872112274,0.0009386963358466146,0.009805179201066494,0.02308870293200016,0.007772588270017877,0.11550402268767357,0.7669489026069641,0.8632448688149452,1.2800693586468697
400,2,layer_7.attn_o,0.004822962451726198,0.00015257641671525797,0.007296416908502579,0.02308870293200016,0.008274423703551293,0.18301443308591842,0.7669489026069641,0.8632448688149452,1.2800693586468697
400,2,layer_7.mlp_down,0.019622642546892166,0.0006416199999242039,0.019339030608534813,0.02308870293200016,0.01677875154418871,0.15776242390275003,0.7669489026069641,0.8632448688149452,1.2800693586468697
400,2,layer_8.attn_o,0.005084602627903223,0.00016208245937767007,0.014059286564588547,0.02308870293200016,0.01270250636152923,0.16041825339198112,0.7669489026069641,0.8632448688149452,1.2800693586468697
400,2,layer_8.mlp_down,0.019908277317881584,0.0006453785345721325,0.01737302727997303,0.02308870293200016,0.011821690620854497,0.18566233143210412,0.7669489026069641,0.8632448688149452,1.2800693586468697
400,2,layer_9.attn_o,0.0050683049485087395,0.00016893850380194305,0.006385332904756069,0.02308870293200016,0.011548572621541098,0.24926683604717254,0.7669489026069641,0.8632448688149452,1.2800693586468697
400,2,layer_9.mlp_down,0.024700654670596123,0.0012511578377191435,0.004831403028219938,0.02308870293200016,0.01641942767892033,0.2371408760547638,0.7669489026069641,0.8632448688149452,1.2800693586468697
400,2,layer_10.attn_o,0.006374317687004805,0.0003466962260992991,0.005586776416748762,0.02308870293200016,0.014527930133044719,0.29589948505163194,0.7669489026069641,0.8632448688149452,1.2800693586468697
400,2,layer_10.mlp_down,0.019698118790984154,0.0005881294518898521,0.007078217342495918,0.02308870293200016,-0.004317060997709632,0.32822920083999635,0.7669489026069641,0.8632448688149452,1.2800693586468697
400,2,layer_11.attn_o,0.005765188485383987,0.00024014536231242283,0.04182645305991173,0.02308870293200016,0.0015032974537461997,0.4676833897829056,0.7669489026069641,0.8632448688149452,1.2800693586468697
400,2,layer_11.mlp_down,0.02679305151104927,0.0014937129486672612,0.039323776960372925,0.02308870293200016,-0.0002696093142731115,0.317402595281601,0.7669489026069641,0.8632448688149452,1.2800693586468697
400,2,layer_12.attn_o,0.005495971534401178,0.00019803025661219067,-0.00041932560270652175,0.02308870293200016,0.0037151708733290435,0.2781853973865509,0.7669489026069641,0.8632448688149452,1.2800693586468697
400,2,layer_12.mlp_down,0.022659970447421074,0.0008418600864112032,0.02082223631441593,0.02308870293200016,-0.0009043217753060163,0.21379270404577255,0.7669489026069641,0.8632448688149452,1.2800693586468697
400,2,layer_13.attn_o,0.00651027075946331,0.0003380380271530499,-0.00036863936111330986,0.02308870293200016,-0.0046456229349132626,0.1646865926682949,0.7669489026069641,0.8632448688149452,1.2800693586468697
400,2,layer_13.mlp_down,0.02465677447617054,0.0011721122823650338,0.010901043191552162,0.02308870293200016,0.002714091306552291,0.1892058327794075,0.7669489026069641,0.8632448688149452,1.2800693586468697
400,2,layer_14.attn_o,0.005455488339066505,0.00019055422173801354,0.003649369580671191,0.02308870293200016,-0.005187767604365945,0.20344031751155853,0.7669489026069641,0.8632448688149452,1.2800693586468697
400,2,layer_14.mlp_down,0.02432403154671192,0.001089139988653389,0.022978030145168304,0.02308870293200016,-0.004199709137901663,0.23310604840517044,0.7669489026069641,0.8632448688149452,1.2800693586468697
400,2,layer_15.attn_o,0.006605496164411306,0.00035926458822662695,0.03692958876490593,0.02308870293200016,-0.011881338758394122,0.3254862532019615,0.7669489026069641,0.8632448688149452,1.2800693586468697
400,2,layer_15.mlp_down,0.022834159433841705,0.0008968401919081377,0.02037368342280388,0.02308870293200016,-0.0023405865766108038,0.1251250110566616,0.7669489026069641,0.8632448688149452,1.2800693586468697
400,2,layer_16.attn_o,0.00585015257820487,0.0002613245824481397,0.011583267711102962,0.02308870293200016,-0.009171837021131068,0.14337438941001893,0.7669489026069641,0.8632448688149452,1.2800693586468697
400,2,layer_16.mlp_down,0.020187487825751305,0.000614964473397538,0.032905083149671555,0.02308870293200016,-0.0013889639390981755,0.11626313924789429,0.7669489026069641,0.8632448688149452,1.2800693586468697
400,2,layer_17.attn_o,0.006113769020885229,0.00035410534337250937,0.029728390276432037,0.02308870293200016,-0.0027130839414894583,0.35416917949914933,0.7669489026069641,0.8632448688149452,1.2800693586468697
400,2,layer_17.mlp_down,0.022689130157232285,0.0009192564238335532,0.029672501608729362,0.02308870293200016,-0.000612204079516232,0.132729185372591,0.7669489026069641,0.8632448688149452,1.2800693586468697
400,2,layer_18.attn_o,0.005969236604869366,0.0003098489971926449,0.017035791650414467,0.02308870293200016,-0.0029847809579223394,0.137862978130579,0.7669489026069641,0.8632448688149452,1.2800693586468697
400,2,layer_18.mlp_down,0.022297512739896774,0.0008852022639188235,0.0329766608774662,0.02308870293200016,0.001545668742619455,0.16301478147506715,0.7669489026069641,0.8632448688149452,1.2800693586468697
400,2,layer_19.attn_o,0.006620506756007671,0.00038071768493059063,0.02112971618771553,0.02308870293200016,-0.0014076950785238296,0.1319822445511818,0.7669489026069641,0.8632448688149452,1.2800693586468697
400,2,layer_19.mlp_down,0.02236182615160942,0.0009262996861837526,0.019457824528217316,0.02308870293200016,-0.000691314140567556,0.15584360361099242,0.7669489026069641,0.8632448688149452,1.2800693586468697
400,2,layer_20.attn_o,0.005013046320527792,0.00016365995516249735,0.031074250116944313,0.02308870293200016,-0.0026033144211396577,0.24389090165495872,0.7669489026069641,0.8632448688149452,1.2800693586468697
400,2,layer_20.mlp_down,0.025394337251782417,0.001368803761959787,0.029588332399725914,0.02308870293200016,-0.0005592780056758784,0.20881341248750687,0.7669489026069641,0.8632448688149452,1.2800693586468697
400,2,layer_21.attn_o,0.005143993534147739,0.00020778724916558638,0.11772526055574417,0.02308870293200016,-0.004725931654684245,0.44217429161071775,0.7669489026069641,0.8632448688149452,1.2800693586468697
400,2,layer_21.mlp_down,0.02067146636545658,0.000697145777007054,0.03628983348608017,0.02308870293200016,-0.002767415950074792,0.13290192931890488,0.7669489026069641,0.8632448688149452,1.2800693586468697
400,2,layer_22.attn_o,0.004929539281874895,0.0001752350497869605,0.029043713584542274,0.02308870293200016,-0.007205274840816856,0.11063194051384925,0.7669489026069641,0.8632448688149452,1.2800693586468697
400,2,layer_22.mlp_down,0.02095172181725502,0.0007294197157966897,0.044736508280038834,0.02308870293200016,-0.001167052931850776,0.1433405436575413,0.7669489026069641,0.8632448688149452,1.2800693586468697
400,2,layer_23.attn_o,0.005169842392206192,0.00023622160723751415,0.07483877241611481,0.02308870293200016,0.0013634278206154705,0.2201264187693596,0.7669489026069641,0.8632448688149452,1.2800693586468697
400,2,layer_23.mlp_down,0.019731568172574043,0.0006086666879691962,0.04947633296251297,0.02308870293200016,-0.0008990537375211715,0.1674186609685421,0.7669489026069641,0.8632448688149452,1.2800693586468697
400,2,layer_24.attn_o,0.006146805826574564,0.000321290168113784,0.0511900968849659,0.02308870293200016,-0.021405323781073092,0.31476365923881533,0.7669489026069641,0.8632448688149452,1.2800693586468697
400,2,layer_24.mlp_down,0.023125993087887764,0.0010251977554183204,0.08456692844629288,0.02308870293200016,0.0012048465490806849,0.1954240769147873,0.7669489026069641,0.8632448688149452,1.2800693586468697
400,2,layer_25.attn_o,0.00554654048755765,0.00025495652119109265,0.07509114593267441,0.02308870293200016,-0.002636192296631634,0.21358389556407928,0.7669489026069641,0.8632448688149452,1.2800693586468697
400,2,layer_25.mlp_down,0.025797665119171143,0.0014007184770913306,0.011613900773227215,0.02308870293200016,-0.007561202417127788,0.12138416990637779,0.7669489026069641,0.8632448688149452,1.2800693586468697
420,2,layer_0.attn_o,0.002996905241161585,0.00014701723955075292,-0.007224199827760458,-0.007551014889031649,0.04431250711786561,0.14898160733282567,0.9022986650466919,0.8633104711771011,1.2794340923428535
420,2,layer_0.mlp_down,0.009712925180792809,0.00029830392202411,-0.014644012786448002,-0.007551014889031649,0.007539430924225599,0.060483855474740264,0.9022986650466919,0.8633104711771011,1.2794340923428535
420,2,layer_1.attn_o,0.0028905842918902636,0.0001197713142134653,0.04473008215427399,-0.007551014889031649,-0.039597429474815725,0.1406326965196058,0.9022986650466919,0.8633104711771011,1.2794340923428535
420,2,layer_1.mlp_down,0.012383731082081795,0.0006578858862730005,-0.012920786626636982,-0.007551014889031649,0.0010410581424366682,0.05706376638263464,0.9022986650466919,0.8633104711771011,1.2794340923428535
420,2,layer_2.attn_o,0.0028417466674000025,0.00012486785705999583,-0.022852296009659767,-0.007551014889031649,0.004060278180986643,0.1060380268841982,0.9022986650466919,0.8633104711771011,1.2794340923428535
420,2,layer_2.mlp_down,0.01270449161529541,0.0006886886248823907,-0.01929168775677681,-0.007551014889031649,-0.002452521736267954,0.08375327475368977,0.9022986650466919,0.8633104711771011,1.2794340923428535
420,2,layer_3.attn_o,0.0028836142737418413,0.00012811356575499752,-0.018659373745322227,-0.007551014889031649,-0.00866888826712966,0.08000560821965337,0.9022986650466919,0.8633104711771011,1.2794340923428535
420,2,layer_3.mlp_down,0.011893329210579395,0.0005418672022098279,-0.007373618893325329,-0.007551014889031649,-0.00762293457519263,0.06795491930097342,0.9022986650466919,0.8633104711771011,1.2794340923428535
420,2,layer_4.attn_o,0.003535651136189699,0.00019225524090827267,-0.0024197371676564217,-0.007551014889031649,-0.00039483602158725263,0.09517899323254823,0.9022986650466919,0.8633104711771011,1.2794340923428535
420,2,layer_4.mlp_down,0.010430637747049332,0.00032965817170391767,0.006341190543025732,-0.007551014889031649,-0.005434470437467098,0.10732753649353981,0.9022986650466919,0.8633104711771011,1.2794340923428535
420,2,layer_5.attn_o,0.003078945679590106,0.00012189935436449685,0.050822820514440536,-0.007551014889031649,-0.04759563952684402,0.2931560058146715,0.9022986650466919,0.8633104711771011,1.2794340923428535
420,2,layer_5.mlp_down,0.011754648759961128,0.0004738729707616014,-0.015121543779969215,-0.007551014889031649,-0.000554403814021498,0.05518398676067591,0.9022986650466919,0.8633104711771011,1.2794340923428535
420,2,layer_6.attn_o,0.0034994592424482107,0.00019033051394098596,-0.001957537606358528,-0.007551014889031649,0.00037275443319231274,0.07759428061544896,0.9022986650466919,0.8633104711771011,1.2794340923428535
420,2,layer_6.mlp_down,0.01243005134165287,0.0005316861205284239,-0.00949476845562458,-0.007551014889031649,-0.000613666488789022,0.08457392491400242,0.9022986650466919,0.8633104711771011,1.2794340923428535
420,2,layer_7.attn_o,0.0027726872358471155,8.771511023608999e-05,0.0033694212324917316,-0.007551014889031649,0.0026879307813942434,0.1383964501321316,0.9022986650466919,0.8633104711771011,1.2794340923428535
420,2,layer_7.mlp_down,0.011224700137972832,0.0003670244865245205,-0.0022626074496656656,-0.007551014889031649,-0.005170581012498588,0.11581042259931565,0.9022986650466919,0.8633104711771011,1.2794340923428535
420,2,layer_8.attn_o,0.002946498803794384,9.392588500200556e-05,-0.0004734466492664069,-0.007551014889031649,0.0030191162280971185,0.1263069180015009,0.9022986650466919,0.8633104711771011,1.2794340923428535
420,2,layer_8.mlp_down,0.011319637298583984,0.00036695540812414806,-0.007740961853414774,-0.007551014889031649,0.00174059453420341,0.14519090875983237,0.9022986650466919,0.8633104711771011,1.2794340923428535
420,2,layer_9.attn_o,0.002892143791541457,9.6401936904719e-05,0.008241405710577965,-0.007551014889031649,-0.0019623026775661854,0.2045953620225191,0.9022986650466919,0.8633104711771011,1.2794340923428535
420,2,layer_9.mlp_down,0.014071858488023281,0.0007127783639654445,-0.012599993497133255,-0.007551014889031649,-0.002245490998029709,0.20248203948140145,0.9022986650466919,0.8633104711771011,1.2794340923428535
420,2,layer_10.attn_o,0.0036775015760213137,0.00020001760944772534,0.0015594676369801164,-0.007551014889031649,-0.00034434714834787885,0.2575253307819366,0.9022986650466919,0.8633104711771011,1.2794340923428535
420,2,layer_10.mlp_down,0.011292820796370506,0.0003371711941818853,-0.019163040444254875,-0.007551014889031649,-0.017813669797033072,0.29163568913936616,0.9022986650466919,0.8633104711771011,1.2794340923428535
420,2,layer_11.attn_o,0.0033413367345929146,0.00013918130500332551,-0.013287573121488094,-0.007551014889031649,-0.0119650527369231,0.43351554274559023,0.9022986650466919,0.8633104711771011,1.2794340923428535
420,2,layer_11.mlp_down,0.015201943926513195,0.0008475060360551542,-0.015127353370189667,-0.007551014889031649,0.00014236541464924813,0.2832624465227127,0.9022986650466919,0.8633104711771011,1.2794340923428535
420,2,layer_12.attn_o,0.0031703016720712185,0.00011423196967608114,0.0032527754083275795,-0.007551014889031649,-0.004059228947153315,0.24974314644932746,0.9022986650466919,0.8633104711771011,1.2794340923428535
420,2,layer_12.mlp_down,0.01282515563070774,0.0004764781033912086,-0.009314334951341152,-0.007551014889031649,-0.001781506766565144,0.18060492724180222,0.9022986650466919,0.8633104711771011,1.2794340923428535
420,2,layer_13.attn_o,0.0036771006416529417,0.00019092903649791236,-0.0024693335872143507,-0.007551014889031649,0.0011244183697272092,0.1417035972699523,0.9022986650466919,0.8633104711771011,1.2794340923428535
420,2,layer_13.mlp_down,0.013868308626115322,0.0006592588663909524,-0.004214508458971977,-0.007551014889031649,0.0007134032915928401,0.16450558230280876,0.9022986650466919,0.8633104711771011,1.2794340923428535
420,2,layer_14.attn_o,0.003100493224337697,0.00010829682636050663,-0.007213730365037918,-0.007551014889031649,0.0035139873158186673,0.17267331443727016,0.9022986650466919,0.8633104711771011,1.2794340923428535
420,2,layer_14.mlp_down,0.013598225079476833,0.0006088778645104014,-0.008692382834851742,-0.007551014889031649,0.0028519683401100338,0.2065470203757286,0.9022986650466919,0.8633104711771011,1.2794340923428535
420,2,layer_15.attn_o,0.00375367677770555,0.00020415769361108014,-0.018994392827153206,-0.007551014889031649,0.00420821241568774,0.3018745169043541,0.9022986650466919,0.8633104711771011,1.2794340923428535
420,2,layer_15.mlp_down,0.0127473846077919,0.0005006692980711906,-0.012888786382973194,-0.007551014889031649,0.004703049676027149,0.1340466622263193,0.9022986650466919,0.8633104711771011,1.2794340923428535
420,2,layer_16.attn_o,0.003342291573062539,0.00014929914890972812,-0.01111464574933052,-0.007551014889031649,0.0016891286883037536,0.1397215511649847,0.9022986650466919,0.8633104711771011,1.2794340923428535
420,2,layer_16.mlp_down,0.011255231685936451,0.0003428642378117,-0.01112888939678669,-0.007551014889031649,0.00035395405316194226,0.12565040849149228,0.9022986650466919,0.8633104711771011,1.2794340923428535
420,2,layer_17.attn_o,0.0035734742414206266,0.00020697317467804544,-0.01747063174843788,-0.007551014889031649,-0.001432411780115217,0.34129863083362577,0.9022986650466919,0.8633104711771011,1.2794340923428535
420,2,layer_17.mlp_down,0.012769821099936962,0.000517372736397553,-0.008496640250086784,-0.007551014889031649,0.0014306136319646612,0.14002786129713057,0.9022986650466919,0.8633104711771011,1.2794340923428535
420,2,layer_18.attn_o,0.003418931271880865,0.0001774686256253124,-0.007528890389949083,-0.007551014889031649,-0.00029650183969351927,0.1703246921300888,0.9022986650466919,0.8633104711771011,1.2794340923428535
420,2,layer_18.mlp_down,0.012493343092501163,0.0004959804197242267,-0.014059782028198242,-0.007551014889031649,-0.0016232978086918592,0.17751953080296518,0.9022986650466919,0.8633104711771011,1.2794340923428535
420,2,layer_19.attn_o,0.003729797201231122,0.00021448500795249626,-0.010757769457995892,-0.007551014889031649,-0.005143650715763215,0.1400666281580925,0.9022986650466919,0.8633104711771011,1.2794340923428535
420,2,layer_19.mlp_down,0.012466466054320335,0.0005164013497415574,-0.008211982436478138,-0.007551014889031649,-0.0039402955037076024,0.16667163223028184,0.9022986650466919,0.8633104711771011,1.2794340923428535
420,2,layer_20.attn_o,0.0027397852391004562,8.944523405439527e-05,-0.010563773103058338,-0.007551014889031649,-0.004737696377560496,0.2745730295777321,0.9022986650466919,0.8633104711771011,1.2794340923428535
420,2,layer_20.mlp_down,0.014136340469121933,0.0007619743742959063,-0.006476829294115305,-0.007551014889031649,-0.002968598130973987,0.2044832170009613,0.9022986650466919,0.8633104711771011,1.2794340923428535
420,2,layer_21.attn_o,0.0029436678159981966,0.00011890695172099343,-0.037682849913835526,-0.007551014889031649,0.0033331910846754907,0.43789167553186414,0.9022986650466919,0.8633104711771011,1.2794340923428535
420,2,layer_21.mlp_down,0.011474977247416973,0.00038699387642307336,-0.011931179091334343,-0.007551014889031649,-0.0039383922354318205,0.14004961624741555,0.9022986650466919,0.8633104711771011,1.2794340923428535
420,2,layer_22.attn_o,0.002856679493561387,0.00010154911943195325,-0.013743100687861443,-0.007551014889031649,-0.001456546998815611,0.1292482130229473,0.9022986650466919,0.8633104711771011,1.2794340923428535
420,2,layer_22.mlp_down,0.01159948855638504,0.00040382812431001715,-0.0162651464343071,-0.007551014889031649,-0.004312242742162198,0.15156626999378203,0.9022986650466919,0.8633104711771011,1.2794340923428535
420,2,layer_23.attn_o,0.003028429113328457,0.0001383756435092843,-0.01982905901968479,-0.007551014889031649,-0.007228908082470298,0.2324378602206707,0.9022986650466919,0.8633104711771011,1.2794340923428535
420,2,layer_23.mlp_down,0.010908328928053379,0.0003364930156211928,-0.013927510939538479,-0.007551014889031649,-0.0031625988282030447,0.1612182267010212,0.9022986650466919,0.8633104711771011,1.2794340923428535
420,2,layer_24.attn_o,0.003488691058009863,0.00018235196753395395,-0.038797829300165176,-0.007551014889031649,-0.0007181579363532365,0.3300252020359039,0.9022986650466919,0.8633104711771011,1.2794340923428535
420,2,layer_24.mlp_down,0.012872924096882343,0.0005706684192761552,-0.02647147886455059,-0.007551014889031649,-0.011923005696735345,0.18648511692881584,0.9022986650466919,0.8633104711771011,1.2794340923428535
420,2,layer_25.attn_o,0.0030546989291906357,0.00014041462674250523,-0.028108740225434303,-0.007551014889031649,-0.028509908844716846,0.20329585894942284,0.9022986650466919,0.8633104711771011,1.2794340923428535
420,2,layer_25.mlp_down,0.014430312439799309,0.0007835111867380729,0.021274585276842117,-0.007551014889031649,-0.011190082668326795,0.1053743027150631,0.9022986650466919,0.8633104711771011,1.2794340923428535
440,2,layer_0.attn_o,0.001471470226533711,7.21849619450291e-05,-0.22821788489818573,0.010261927731335163,0.011899039335548877,0.1423182116355747,0.721327829360962,0.8628267496824265,1.2795412242412567
440,2,layer_0.mlp_down,0.004793859086930752,0.00014722927857925057,-0.013149600476026535,0.010261927731335163,-0.003865713020786643,0.08742246218025684,0.721327829360962,0.8628267496824265,1.2795412242412567
440,2,layer_1.attn_o,0.0014427824644371867,5.9781668493320774e-05,0.08801964670419693,0.010261927731335163,-0.012207371648401022,0.16156630404293537,0.721327829360962,0.8628267496824265,1.2795412242412567
440,2,layer_1.mlp_down,0.006235693581402302,0.0003312712412572844,0.0023129507899284363,0.010261927731335163,0.002149411867139861,0.08756833747029305,0.721327829360962,0.8628267496824265,1.2795412242412567
440,2,layer_2.attn_o,0.0014268873492255807,6.269818230990392e-05,0.021176833659410477,0.010261927731335163,0.004851001314818859,0.1366634089499712,0.721327829360962,0.8628267496824265,1.2795412242412567
440,2,layer_2.mlp_down,0.006434035021811724,0.00034877778466656587,0.005752987693995237,0.010261927731335163,0.0006515591987408698,0.12087099775671958,0.721327829360962,0.8628267496824265,1.2795412242412567
440,2,layer_3.attn_o,0.0014136959798634052,6.280785697415383e-05,0.00981578417122364,0.010261927731335163,0.0031813387759029865,0.12819986715912818,0.721327829360962,0.8628267496824265,1.2795412242412567
440,2,layer_3.mlp_down,0.005956188775599003,0.0002713674808449617,0.007761899847537279,0.010261927731335163,0.004541524010710419,0.1027898445725441,0.721327829360962,0.8628267496824265,1.2795412242412567
440,2,layer_4.attn_o,0.0017127546016126871,9.313307107122134e-05,0.011129731312394142,0.010261927731335163,0.006057702284306288,0.12783644199371338,0.721327829360962,0.8628267496824265,1.2795412242412567
440,2,layer_4.mlp_down,0.005095033906400204,0.00016102751378536395,0.03093603439629078,0.010261927731335163,0.004800989665091038,0.15592894703149796,0.721327829360962,0.8628267496824265,1.2795412242412567
440,2,layer_5.attn_o,0.0014166032196953893,5.608511349070776e-05,0.16906078159809113,0.010261927731335163,0.019694219692610204,0.2939459621906281,0.721327829360962,0.8628267496824265,1.2795412242412567
440,2,layer_5.mlp_down,0.00581194506958127,0.00023430076974018913,0.00928751565515995,0.010261927731335163,0.007382271405367647,0.09332993291318417,0.721327829360962,0.8628267496824265,1.2795412242412567
440,2,layer_6.attn_o,0.0017222283640876412,9.366950347197688e-05,0.009722515940666199,0.010261927731335163,0.009313064708840102,0.1339128576219082,0.721327829360962,0.8628267496824265,1.2795412242412567
440,2,layer_6.mlp_down,0.006098109297454357,0.0002608420075475964,0.019819214940071106,0.010261927731335163,0.008719755057245492,0.1405492514371872,0.721327829360962,0.8628267496824265,1.2795412242412567
440,2,layer_7.attn_o,0.0013584347907453775,4.297464779952584e-05,0.024234583601355553,0.010261927731335163,0.00957710505463183,0.2274082213640213,0.721327829360962,0.8628267496824265,1.2795412242412567
440,2,layer_7.mlp_down,0.005376579239964485,0.00017580302462874916,0.03006700612604618,0.010261927731335163,0.009573073615320027,0.17868074849247934,0.721327829360962,0.8628267496824265,1.2795412242412567
440,2,layer_8.attn_o,0.0014024203410372138,4.4705116291615795e-05,0.01205617468804121,0.010261927731335163,0.00787665459793061,0.21074287891387938,0.721327829360962,0.8628267496824265,1.2795412242412567
440,2,layer_8.mlp_down,0.005455809645354748,0.00017686422296492286,0.010930810123682022,0.010261927731335163,-0.003109256224706769,0.2091001972556114,0.721327829360962,0.8628267496824265,1.2795412242412567
440,2,layer_9.attn_o,0.0013867232482880354,4.6222738812899686e-05,0.008885410614311695,0.010261927731335163,-0.010809994908049703,0.2810354083776474,0.721327829360962,0.8628267496824265,1.2795412242412567
440,2,layer_9.mlp_down,0.0067753358744084835,0.0003431891784576484,0.012065568938851357,0.010261927731335163,-0.00010462549980729818,0.27447432577610015,0.721327829360962,0.8628267496824265,1.2795412242412567
440,2,layer_10.attn_o,0.0017254423582926393,9.38460019142568e-05,0.008148516528308392,0.010261927731335163,-0.005843352875672281,0.3502459809184074,0.721327829360962,0.8628267496824265,1.2795412242412567
440,2,layer_10.mlp_down,0.005424803122878075,0.00016196904034200974,0.07653512060642242,0.010261927731335163,-0.0006368078873492777,0.3676143944263458,0.721327829360962,0.8628267496824265,1.2795412242412567
440,2,layer_11.attn_o,0.0015613178256899118,6.503571848651076e-05,0.051373980939388275,0.010261927731335163,-0.027165814023464917,0.5084967672824859,0.721327829360962,0.8628267496824265,1.2795412242412567
440,2,layer_11.mlp_down,0.007371887098997831,0.0004109812661651189,0.030598359182476997,0.010261927731335163,-0.006713958032196388,0.35710078477859497,0.721327829360962,0.8628267496824265,1.2795412242412567
440,2,layer_12.attn_o,0.0015327708097174764,5.522863335009962e-05,0.006156551651656628,0.010261927731335163,-0.009851680335123092,0.338922007381916,0.721327829360962,0.8628267496824265,1.2795412242412567
440,2,layer_12.mlp_down,0.0062621282413601875,0.00023264955702038213,0.011439753696322441,0.010261927731335163,-0.002247087564319372,0.253925096988678,0.721327829360962,0.8628267496824265,1.2795412242412567
440,2,layer_13.attn_o,0.001792208175174892,9.30582579692472e-05,-0.004376169294118881,0.010261927731335163,-0.00025890679628446376,0.2196466103196144,0.721327829360962,0.8628267496824265,1.2795412242412567
440,2,layer_13.mlp_down,0.006766697391867638,0.0003216689038387786,7.868286775192246e-05,0.010261927731335163,0.002073232096154243,0.21957383155822754,0.721327829360962,0.8628267496824265,1.2795412242412567
440,2,layer_14.attn_o,0.0014981359709054232,5.2328245658472864e-05,-0.0007368390797637403,0.010261927731335163,-0.0026417157059768215,0.243983943015337,0.721327829360962,0.8628267496824265,1.2795412242412567
440,2,layer_14.mlp_down,0.006676063872873783,0.00029892922026030215,0.006476801820099354,0.010261927731335163,-0.0032671154011040928,0.2663846641778946,0.721327829360962,0.8628267496824265,1.2795412242412567
440,2,layer_15.attn_o,0.0018232074799016118,9.916191976578854e-05,0.02658972144126892,0.010261927731335163,-0.007385750790126622,0.38497374802827833,0.721327829360962,0.8628267496824265,1.2795412242412567
440,2,layer_15.mlp_down,0.006195989437401295,0.00024335509445659294,0.014071744866669178,0.010261927731335163,-0.0024688836419954896,0.17308273836970328,0.721327829360962,0.8628267496824265,1.2795412242412567
440,2,layer_16.attn_o,0.0015930127119645476,7.115939981995659e-05,0.0055053685791790485,0.010261927731335163,0.0027929438278079034,0.2044100768864155,0.721327829360962,0.8628267496824265,1.2795412242412567
440,2,layer_16.mlp_down,0.00543746305629611,0.00016563957944993558,0.00965642649680376,0.010261927731335163,-0.0007288326334673912,0.1675100214779377,0.721327829360962,0.8628267496824265,1.2795412242412567
440,2,layer_17.attn_o,0.0016452493146061897,9.52917002214749e-05,0.001737558632157743,0.010261927731335163,0.003676568577066064,0.3745360627770424,0.721327829360962,0.8628267496824265,1.2795412242412567
440,2,layer_17.mlp_down,0.006220350041985512,0.0002520190965324904,0.017507536336779594,0.010261927731335163,-0.002650397445540875,0.17293219044804573,0.721327829360962,0.8628267496824265,1.2795412242412567
440,2,layer_18.attn_o,0.001612020656466484,8.367617469693597e-05,0.002605507615953684,0.010261927731335163,-0.003056501518585719,0.2214789681136608,0.721327829360962,0.8628267496824265,1.2795412242412567
440,2,layer_18.mlp_down,0.006106516346335411,0.00024242605282452816,0.007704644929617643,0.010261927731335163,-0.003923270087398123,0.2095542848110199,0.721327829360962,0.8628267496824265,1.2795412242412567
440,2,layer_19.attn_o,0.0018189261900261045,0.00010459882328293314,0.0022351243533194065,0.010261927731335163,-0.0017385468469001352,0.18372901603579522,0.721327829360962,0.8628267496824265,1.2795412242412567
440,2,layer_19.mlp_down,0.006196103058755398,0.00025666259091659506,0.006612620782107115,0.010261927731335163,-0.0039823351704399105,0.2005271792411804,0.721327829360962,0.8628267496824265,1.2795412242412567
440,2,layer_20.attn_o,0.0013735711108893156,4.4842708016117545e-05,0.003846978535875678,0.010261927731335163,-0.013622979613137432,0.31894194185733793,0.721327829360962,0.8628267496824265,1.2795412242412567
440,2,layer_20.mlp_down,0.0070677753537893295,0.000380965589023414,0.002538117812946439,0.010261927731335163,-0.008393264887854458,0.2365569457411766,0.721327829360962,0.8628267496824265,1.2795412242412567
440,2,layer_21.attn_o,0.001435465062968433,5.7984387372758097e-05,0.014918537810444832,0.010261927731335163,-0.00777596264379099,0.502548098564148,0.721327829360962,0.8628267496824265,1.2795412242412567
440,2,layer_21.mlp_down,0.005716147366911173,0.00019277719142575094,0.006440212018787861,0.010261927731335163,-0.008879343280568719,0.1642987884581089,0.721327829360962,0.8628267496824265,1.2795412242412567
440,2,layer_22.attn_o,0.0013648517196998,4.851769006746763e-05,0.007388096768409014,0.010261927731335163,-0.008754420460900292,0.17346270382404327,0.721327829360962,0.8628267496824265,1.2795412242412567
440,2,layer_22.mlp_down,0.00579049764201045,0.0002015921469492276,0.016709543764591217,0.010261927731335163,-0.005989644129294902,0.17870415076613427,0.721327829360962,0.8628267496824265,1.2795412242412567
440,2,layer_23.attn_o,0.0014277145965024829,6.523544671035601e-05,0.032563067972660065,0.010261927731335163,-0.011650940276012989,0.26533002108335496,0.721327829360962,0.8628267496824265,1.2795412242412567
440,2,layer_23.mlp_down,0.005440671928226948,0.00016783029886699221,0.018200714141130447,0.010261927731335163,-0.00544314649887383,0.20792948454618454,0.721327829360962,0.8628267496824265,1.2795412242412567
440,2,layer_24.attn_o,0.0016691479831933975,8.724544930449574e-05,0.0015379058895632625,0.010261927731335163,-0.011034066719003022,0.40736682116985323,0.721327829360962,0.8628267496824265,1.2795412242412567
440,2,layer_24.mlp_down,0.006421818397939205,0.0002846849710945113,0.019924815744161606,0.010261927731335163,0.00044145475258119406,0.22938957661390305,0.721327829360962,0.8628267496824265,1.2795412242412567
440,2,layer_25.attn_o,0.0015243950765579939,7.007150356817372e-05,0.04910852387547493,0.010261927731335163,0.009115220932289957,0.2790008202195168,0.721327829360962,0.8628267496824265,1.2795412242412567
440,2,layer_25.mlp_down,0.0071601117961108685,0.00038876660828124745,-0.022281190380454063,0.010261927731335163,-0.007328096404671669,0.16560780107975007,0.721327829360962,0.8628267496824265,1.2795412242412567
460,2,layer_0.attn_o,0.0005442745168693364,2.6700122489336726e-05,-0.01726248301565647,0.0036964493338018656,0.00028435164131224155,0.1845920143648982,0.8457639813423157,0.862780787050724,1.279463306069374
460,2,layer_0.mlp_down,0.0017916166689246893,5.502423514605746e-05,-0.00713145500048995,0.0036964493338018656,0.0001991401077248156,0.07461175173521042,0.8457639813423157,0.862780787050724,1.279463306069374
460,2,layer_1.attn_o,0.0005438923835754395,2.2536172272950824e-05,-0.03214120492339134,0.0036964493338018656,0.004410254582762718,0.13944789208471775,0.8457639813423157,0.862780787050724,1.279463306069374
460,2,layer_1.mlp_down,0.0022852495312690735,0.00012140387628329865,0.002573799341917038,0.0036964493338018656,0.00014329925470519812,0.07597136534750462,0.8457639813423157,0.862780787050724,1.279463306069374
460,2,layer_2.attn_o,0.0005354495951905847,2.352793747540338e-05,-0.012930626049637794,0.0036964493338018656,0.00631153117865324,0.12424328401684762,0.8457639813423157,0.862780787050724,1.279463306069374
460,2,layer_2.mlp_down,0.0023386995308101177,0.00012677681091126627,-0.013796615414321423,0.0036964493338018656,-0.007160560670308768,0.10596206113696098,0.8457639813423157,0.862780787050724,1.279463306069374
460,2,layer_3.attn_o,0.0005306418752297759,2.3575421787044216e-05,-0.012130930088460445,0.0036964493338018656,-0.0004951863083988428,0.11043163575232029,0.8457639813423157,0.862780787050724,1.279463306069374
460,2,layer_3.mlp_down,0.0022119164932519197,0.00010077622272017898,-0.011222545988857746,0.0036964493338018656,-0.0038761421805247665,0.09193277470767498,0.8457639813423157,0.862780787050724,1.279463306069374
460,2,layer_4.attn_o,0.000644157116767019,3.50268103091993e-05,-0.00594214117154479,0.0036964493338018656,0.004941634670831263,0.10712217688560485,0.8457639813423157,0.862780787050724,1.279463306069374
460,2,layer_4.mlp_down,0.0019236530642956495,6.079666514878621e-05,-0.0010134848998859525,0.0036964493338018656,-0.0061007044045254585,0.14186188727617263,0.8457639813423157,0.862780787050724,1.279463306069374
460,2,layer_5.attn_o,0.0005445900023914874,2.1561007108680082e-05,0.002658650279045105,0.0036964493338018656,-0.003912049299106002,0.3093519382178783,0.8457639813423157,0.862780787050724,1.279463306069374
460,2,layer_5.mlp_down,0.0021656351163983345,8.730467488486963e-05,-0.002638306003063917,0.0036964493338018656,-0.004313257150352001,0.08191755972802639,0.8457639813423157,0.862780787050724,1.279463306069374
460,2,layer_6.attn_o,0.0006393582443706691,3.477376422722371e-05,0.0022398203145712614,0.0036964493338018656,-0.006549608486238867,0.11240126155316829,0.8457639813423157,0.862780787050724,1.279463306069374
460,2,layer_6.mlp_down,0.0022945937234908342,9.814950899474975e-05,0.0022867212537676096,0.0036964493338018656,-0.007627861155197024,0.11883106902241707,0.8457639813423157,0.862780787050724,1.279463306069374
460,2,layer_7.attn_o,0.0005067713209427893,1.6031920840651475e-05,0.013865952380001545,0.0036964493338018656,-0.008891053055413068,0.1871727392077446,0.8457639813423157,0.862780787050724,1.279463306069374
460,2,layer_7.mlp_down,0.002051964867860079,6.709500857353985e-05,-0.005465466994792223,0.0036964493338018656,-0.0077421963629603855,0.15645891353487967,0.8457639813423157,0.862780787050724,1.279463306069374
460,2,layer_8.attn_o,0.0005420647794380784,1.727946200812081e-05,0.013843592256307602,0.0036964493338018656,-0.008902503177523613,0.1611853927373886,0.8457639813423157,0.862780787050724,1.279463306069374
460,2,layer_8.mlp_down,0.0020508880261331797,6.648485572420002e-05,0.02299598790705204,0.0036964493338018656,-0.010593558265827595,0.18989971950650214,0.8457639813423157,0.862780787050724,1.279463306069374
460,2,layer_9.attn_o,0.0005288176471367478,1.7626732668851113e-05,0.01163272000849247,0.0036964493338018656,-0.018193652108311652,0.24594260454177858,0.8457639813423157,0.862780787050724,1.279463306069374
460,2,layer_9.mlp_down,0.0025427162181586027,0.00012879547550546344,0.015736138448119164,0.0036964493338018656,-0.003897330712061375,0.2548913016915321,0.8457639813423157,0.862780787050724,1.279463306069374
460,2,layer_10.attn_o,0.0006505197961814702,3.538146710279972e-05,0.006391029804944992,0.0036964493338018656,-0.0021763819182524457,0.319064125418663,0.8457639813423157,0.862780787050724,1.279463306069374
460,2,layer_10.mlp_down,0.002027816604822874,6.054477960455474e-05,-0.11903572082519531,0.0036964493338018656,-0.0071334543637931345,0.3614120066165924,0.8457639813423157,0.862780787050724,1.279463306069374
460,2,layer_11.attn_o,0.0005952384672127664,2.4794286434849208e-05,0.0007457102183252573,0.0036964493338018656,-0.007446448435075581,0.5109695106744766,0.8457639813423157,0.862780787050724,1.279463306069374
460,2,layer_11.mlp_down,0.002747300546616316,0.0001531614526865303,0.025291597470641136,0.0036964493338018656,0.0022081832081312313,0.33211109787225723,0.8457639813423157,0.862780787050724,1.279463306069374
460,2,layer_12.attn_o,0.0005634523695334792,2.030225532083641e-05,0.004364388529211283,0.0036964493338018656,0.0018539439653977752,0.30768791288137437,0.8457639813423157,0.862780787050724,1.279463306069374
460,2,layer_12.mlp_down,0.002332216827198863,8.664613543676671e-05,0.00907448772341013,0.0036964493338018656,0.0003038390539586544,0.22950817495584488,0.8457639813423157,0.862780787050724,1.279463306069374
460,2,layer_13.attn_o,0.0006805873126722872,3.5338679172732797e-05,0.002048432594165206,0.0036964493338018656,-0.0018823459278792143,0.1883060470223427,0.8457639813423157,0.862780787050724,1.279463306069374
460,2,layer_13.mlp_down,0.002542930655181408,0.00012088343764376247,0.005202746484428644,0.0036964493338018656,0.004381408699555322,0.20581870079040526,0.8457639813423157,0.862780787050724,1.279463306069374
460,2,layer_14.attn_o,0.0005706161027774215,1.993099437080556e-05,0.006362195126712322,0.0036964493338018656,0.0026252400712110102,0.2375970870256424,0.8457639813423157,0.862780787050724,1.279463306069374
460,2,layer_14.mlp_down,0.0024780230596661568,0.00011095662281226605,0.0020821550861001015,0.0036964493338018656,0.0024443208938464524,0.24031760394573212,0.8457639813423157,0.862780787050724,1.279463306069374
460,2,layer_15.attn_o,0.0006738445954397321,3.664954832401889e-05,0.0014940537512302399,0.0036964493338018656,0.0038491457409691064,0.3752103418111801,0.8457639813423157,0.862780787050724,1.279463306069374
460,2,layer_15.mlp_down,0.0022925378289073706,9.004223195364029e-05,0.011356557719409466,0.0036964493338018656,0.0006697829870972782,0.1417139433324337,0.8457639813423157,0.862780787050724,1.279463306069374
460,2,layer_16.attn_o,0.000590939074754715,2.639707114317228e-05,0.005574516020715237,0.0036964493338018656,0.0021689606131985784,0.1641197569668293,0.8457639813423157,0.862780787050724,1.279463306069374
460,2,layer_16.mlp_down,0.0020336259622126818,6.194965292671503e-05,0.007009199354797602,0.0036964493338018656,7.057538023218513e-05,0.136670084297657,0.8457639813423157,0.862780787050724,1.279463306069374
460,2,layer_17.attn_o,0.0006358156679198146,3.682600696376922e-05,0.002920588944107294,0.0036964493338018656,-0.0011355037015164271,0.36104639768600466,0.8457639813423157,0.862780787050724,1.279463306069374
460,2,layer_17.mlp_down,0.0023021907545626163,9.327385598787406e-05,0.00919967982918024,0.0036964493338018656,0.0006426507257856429,0.1522494301199913,0.8457639813423157,0.862780787050724,1.279463306069374
460,2,layer_18.attn_o,0.0005983428563922644,3.1058560682397645e-05,0.004374991171061993,0.0036964493338018656,-0.002709729721391341,0.17720658406615258,0.8457639813423157,0.862780787050724,1.279463306069374
460,2,layer_18.mlp_down,0.0022857789881527424,9.074443533744968e-05,0.0023807832039892673,0.0036964493338018656,-0.00010382519103586673,0.19755254089832305,0.8457639813423157,0.862780787050724,1.279463306069374
460,2,layer_19.attn_o,0.0006870590732432902,3.950988396269325e-05,0.010415615513920784,0.0036964493338018656,-0.0004572681908030063,0.14357629790902138,0.8457639813423157,0.862780787050724,1.279463306069374
460,2,layer_19.mlp_down,0.002296647522598505,9.513455440986748e-05,0.002962986007332802,0.0036964493338018656,-0.0013401618256466464,0.1697700709104538,0.8457639813423157,0.862780787050724,1.279463306069374
460,2,layer_20.attn_o,0.0005133285885676742,1.6758538259123926e-05,0.008182603865861893,0.0036964493338018656,-0.00032003645319491627,0.2897853285074234,0.8457639813423157,0.862780787050724,1.279463306069374
460,2,layer_20.mlp_down,0.002642098581418395,0.00014241377073559886,0.011562063358724117,0.0036964493338018656,-0.001534433220513165,0.22661449164152145,0.8457639813423157,0.862780787050724,1.279463306069374
460,2,layer_21.attn_o,0.0005447251023724675,2.200370608972812e-05,0.01929337903857231,0.0036964493338018656,0.0026658094837330283,0.4825968980789185,0.8457639813423157,0.862780787050724,1.279463306069374
460,2,layer_21.mlp_down,0.0021378002129495144,7.209735761317083e-05,0.0148245207965374,0.0036964493338018656,0.0017245222348719834,0.15841237157583238,0.8457639813423157,0.862780787050724,1.279463306069374
460,2,layer_22.attn_o,0.0005187398055568337,1.8440140235307477e-05,0.00472684483975172,0.0036964493338018656,-0.0009492534212768078,0.15403477028012275,0.8457639813423157,0.862780787050724,1.279463306069374
460,2,layer_22.mlp_down,0.002178603783249855,7.584657505612286e-05,0.015625858679413795,0.0036964493338018656,0.004365711566060781,0.16141899004578592,0.8457639813423157,0.862780787050724,1.279463306069374
460,2,layer_23.attn_o,0.0005467159207910299,2.4980663084790717e-05,0.018196603283286095,0.0036964493338018656,0.010520211450057104,0.25144365429878235,0.8457639813423157,0.862780787050724,1.279463306069374
460,2,layer_23.mlp_down,0.0020388278644531965,6.289243210094512e-05,0.02395821362733841,0.0036964493338018656,0.0033782609505578877,0.19001769423484802,0.8457639813423157,0.862780787050724,1.279463306069374
460,2,layer_24.attn_o,0.0006525784847326577,3.410991936018831e-05,0.015993360430002213,0.0036964493338018656,0.020882185129448772,0.35026903748512267,0.8457639813423157,0.862780787050724,1.279463306069374
460,2,layer_24.mlp_down,0.0024371985346078873,0.00010804318850441776,0.05079209804534912,0.0036964493338018656,0.010248806711751967,0.2138032779097557,0.8457639813423157,0.862780787050724,1.279463306069374
460,2,layer_25.attn_o,0.0006081372848711908,2.7954100995267783e-05,0.03127824515104294,0.0036964493338018656,0.003468554001301527,0.23357424139976501,0.8457639813423157,0.862780787050724,1.279463306069374
460,2,layer_25.mlp_down,0.002737456001341343,0.00014863334610571975,0.0005543534643948078,0.0036964493338018656,0.00010705969762057067,0.13133812546730042,0.8457639813423157,0.862780787050724,1.279463306069374
480,2,layer_0.attn_o,0.000128606116049923,6.308946946776029e-06,-0.03680611774325371,-0.005718978587538004,0.006515946472063661,0.09793323832564056,0.9022643446922303,0.8625424653291702,1.2800030633807182
480,2,layer_0.mlp_down,0.0004369298694655299,1.3419015516436963e-05,-0.0004584779671858996,-0.005718978587538004,-6.619160994887352e-05,0.06271640872582793,0.9022643446922303,0.8625424653291702,1.2800030633807182
480,2,layer_1.attn_o,0.0001364079216727987,5.652060067480216e-06,0.13722431659698486,-0.005718978587538004,0.007969472790136933,0.09958027806133032,0.9022643446922303,0.8625424653291702,1.2800030633807182
480,2,layer_1.mlp_down,0.000551446748431772,2.9295607288128347e-05,0.002416196744889021,-0.005718978587538004,-0.0018329469370655716,0.06265230744611472,0.9022643446922303,0.8625424653291702,1.2800030633807182
480,2,layer_2.attn_o,0.00012963541666977108,5.696248545894635e-06,0.014725040644407272,-0.005718978587538004,0.003500849287956953,0.10068011563271284,0.9022643446922303,0.8625424653291702,1.2800030633807182
480,2,layer_2.mlp_down,0.000574020086787641,3.111662487773164e-05,0.010088223963975906,-0.005718978587538004,-0.005464219296118245,0.07958749542012811,0.9022643446922303,0.8625424653291702,1.2800030633807182
480,2,layer_3.attn_o,0.00012863136362284422,5.714849871465711e-06,0.00467031542211771,-0.005718978587538004,-0.0036895060213282703,0.08882568096742034,0.9022643446922303,0.8625424653291702,1.2800030633807182
480,2,layer_3.mlp_down,0.0005391452577896416,2.456377659070565e-05,0.008640149608254433,-0.005718978587538004,-0.011659153166692703,0.06698440156178549,0.9022643446922303,0.8625424653291702,1.2800030633807182
480,2,layer_4.attn_o,0.0001550404995214194,8.430511789167131e-06,0.008676371537148952,-0.005718978587538004,0.0008063717978075147,0.08908191942609847,0.9022643446922303,0.8625424653291702,1.2800030633807182
480,2,layer_4.mlp_down,0.00046987482346594334,1.4850298546200587e-05,0.029995085671544075,-0.005718978587538004,-0.004000568343326449,0.11402575224637986,0.9022643446922303,0.8625424653291702,1.2800030633807182
480,2,layer_5.attn_o,0.0001315017871093005,5.206322103264675e-06,0.23654760420322418,-0.005718978587538004,0.03814527275972068,0.2601287938654423,0.9022643446922303,0.8625424653291702,1.2800030633807182
480,2,layer_5.mlp_down,0.00052207603584975,2.1046795108701178e-05,0.014689704403281212,-0.005718978587538004,-0.00446286394726485,0.07354338909499347,0.9022643446922303,0.8625424653291702,1.2800030633807182
480,2,layer_6.attn_o,0.0001526326814200729,8.301469362133487e-06,0.006169284228235483,-0.005718978587538004,-0.006695449072867632,0.09796554804779589,0.9022643446922303,0.8625424653291702,1.2800030633807182
480,2,layer_6.mlp_down,0.0005513301584869623,2.3582730047378282e-05,0.0009608196560293436,-0.005718978587538004,-0.008870026632212102,0.1042587149888277,0.9022643446922303,0.8625424653291702,1.2800030633807182
480,2,layer_7.attn_o,0.00012262293603271246,3.87922741971156e-06,-0.0023015639744699,-0.005718978587538004,-0.013489540200680494,0.17257568016648292,0.9022643446922303,0.8625424653291702,1.2800030633807182
480,2,layer_7.mlp_down,0.0004920137580484152,1.6087832609427015e-05,-0.0028482326306402683,-0.005718978587538004,-0.014684650639537722,0.14490315765142442,0.9022643446922303,0.8625424653291702,1.2800030633807182
480,2,layer_8.attn_o,0.00013085953833069652,4.1714247203618596e-06,0.007325712591409683,-0.005718978587538004,-0.021434841747395694,0.16735041774809362,0.9022643446922303,0.8625424653291702,1.2800030633807182
480,2,layer_8.mlp_down,0.0004929812275804579,1.598126537031007e-05,0.008976246230304241,-0.005718978587538004,-0.009112666035071016,0.1730741500854492,0.9022643446922303,0.8625424653291702,1.2800030633807182
480,2,layer_9.attn_o,0.00012727946159429848,4.242523024534856e-06,-0.0029710165690630674,-0.005718978587538004,-0.012444176264398265,0.2381974022835493,0.9022643446922303,0.8625424653291702,1.2800030633807182
480,2,layer_9.mlp_down,0.000616666569840163,3.123583494048127e-05,0.001453225500881672,-0.005718978587538004,-0.0037411750527098775,0.22916447073221208,0.9022643446922303,0.8625424653291702,1.2800030633807182
480,2,layer_10.attn_o,0.00015626712411176413,8.499295707008946e-06,-0.0032596031669527292,-0.005718978587538004,-0.004587083868682384,0.29181540980935095,0.9022643446922303,0.8625424653291702,1.2800030633807182
480,2,layer_10.mlp_down,0.0004890934797003865,1.4602926548710862e-05,0.01001413632184267,-0.005718978587538004,-0.0019490728387609123,0.3195561408996582,0.9022643446922303,0.8625424653291702,1.2800030633807182
480,2,layer_11.attn_o,0.00014673435362055898,6.112127817505679e-06,0.01287331897765398,-0.005718978587538004,-0.005201095109805464,0.4476860448718071,0.9022643446922303,0.8625424653291702,1.2800030633807182
480,2,layer_11.mlp_down,0.000660760561004281,3.683726832363794e-05,0.006932536605745554,-0.005718978587538004,-0.013823584152851254,0.30397784411907197,0.9022643446922303,0.8625424653291702,1.2800030633807182
480,2,layer_12.attn_o,0.00013390534149948508,4.824862896924609e-06,-0.003433345118537545,-0.005718978587538004,-0.014795625768601894,0.2763156980276108,0.9022643446922303,0.8625424653291702,1.2800030633807182
480,2,layer_12.mlp_down,0.0005596695700660348,2.0792751686824073e-05,-0.012701552361249924,-0.005718978587538004,-0.005581247920054011,0.19679460376501084,0.9022643446922303,0.8625424653291702,1.2800030633807182
480,2,layer_13.attn_o,0.0001613906497368589,8.380015739840845e-06,-0.004804607946425676,-0.005718978587538004,-0.006855911063030362,0.1603250451385975,0.9022643446922303,0.8625424653291702,1.2800030633807182
480,2,layer_13.mlp_down,0.0006039196741767228,2.8708563533351738e-05,-0.005868009757250547,-0.005718978587538004,-0.005840489326510578,0.16915506422519683,0.9022643446922303,0.8625424653291702,1.2800030633807182
480,2,layer_14.attn_o,0.0001338809379376471,4.676314263486987e-06,-0.00380992260761559,-0.005718978587538004,-0.0038414042792283,0.1947401523590088,0.9022643446922303,0.8625424653291702,1.2800030633807182
480,2,layer_14.mlp_down,0.0005933329230174422,2.65672335390676e-05,-0.007460644468665123,-0.005718978587538004,-0.005789314908906817,0.2115792877972126,0.9022643446922303,0.8625424653291702,1.2800030633807182
480,2,layer_15.attn_o,0.00016139553918037564,8.778097579920857e-06,-0.006226805504411459,-0.005718978587538004,-0.0029306703479960563,0.32478414475917816,0.9022643446922303,0.8625424653291702,1.2800030633807182
480,2,layer_15.mlp_down,0.0005517625249922276,2.167114916588091e-05,0.0005081217968836427,-0.005718978587538004,-0.005367975914850831,0.1300969697535038,0.9022643446922303,0.8625424653291702,1.2800030633807182
480,2,layer_16.attn_o,0.0001451510761398822,6.483855014940211e-06,-0.004290369804948568,-0.005718978587538004,0.0002273403573781252,0.1447779830545187,0.9022643446922303,0.8625424653291702,1.2800030633807182
480,2,layer_16.mlp_down,0.0004905384266749024,1.4943102769656352e-05,-0.002612049924209714,-0.005718978587538004,0.0021567612420767546,0.1285888824611902,0.9022643446922303,0.8625424653291702,1.2800030633807182
480,2,layer_17.attn_o,0.0001527065469417721,8.84465835749122e-06,-0.000997643219307065,-0.005718978587538004,0.001478787953965366,0.34049692302942275,0.9022643446922303,0.8625424653291702,1.2800030633807182
480,2,layer_17.mlp_down,0.0005568015039898455,2.255895745999877e-05,-0.012076753191649914,-0.005718978587538004,0.003753488231450319,0.13733769357204437,0.9022643446922303,0.8625424653291702,1.2800030633807182
480,2,layer_18.attn_o,0.0001441862405044958,7.484366283366829e-06,-0.006636270321905613,-0.005718978587538004,0.0026001972844824197,0.16649102345108985,0.9022643446922303,0.8625424653291702,1.2800030633807182
480,2,layer_18.mlp_down,0.0005506286979652941,2.1859720706347153e-05,-0.01536145806312561,-0.005718978587538004,0.003992936271242797,0.16386400610208512,0.9022643446922303,0.8625424653291702,1.2800030633807182
480,2,layer_19.attn_o,0.00016754864191170782,9.635019255024543e-06,-0.007555233780294657,-0.005718978587538004,0.0017027309455443173,0.12382978489622473,0.9022643446922303,0.8625424653291702,1.2800030633807182
480,2,layer_19.mlp_down,0.0005602660239674151,2.3208027360168004e-05,-0.009822836145758629,-0.005718978587538004,0.004185333661735058,0.14732205905020238,0.9022643446922303,0.8625424653291702,1.2800030633807182
480,2,layer_20.attn_o,0.00012488264474086463,4.077019333035749e-06,-0.009146289899945259,-0.005718978587538004,0.009321738203288988,0.2580543696880341,0.9022643446922303,0.8625424653291702,1.2800030633807182
480,2,layer_20.mlp_down,0.0006417439435608685,3.4591129752688006e-05,-0.016467981040477753,-0.005718978587538004,0.008908495213836432,0.20055832490324974,0.9022643446922303,0.8625424653291702,1.2800030633807182
480,2,layer_21.attn_o,0.00012920692097395658,5.21920341377197e-06,0.009152288548648357,-0.005718978587538004,0.0034960140474140644,0.46766272783279417,0.9022643446922303,0.8625424653291702,1.2800030633807182
480,2,layer_21.mlp_down,0.0005223170737735927,1.761515441303259e-05,-0.010773304849863052,-0.005718978587538004,0.008558520080987364,0.13836562931537627,0.9022643446922303,0.8625424653291702,1.2800030633807182
480,2,layer_22.attn_o,0.0001243732840521261,4.42121613741412e-06,-0.004820044152438641,-0.005718978587538004,0.011489932157564909,0.14071810692548753,0.9022643446922303,0.8625424653291702,1.2800030633807182
480,2,layer_22.mlp_down,0.0005289024556986988,1.841337103696674e-05,-0.009351035580039024,-0.005718978587538004,0.009284715168178082,0.1477923460304737,0.9022643446922303,0.8625424653291702,1.2800030633807182
480,2,layer_23.attn_o,0.00013090870925225317,5.981509292730691e-06,-0.003577929688617587,-0.005718978587538004,0.008549878001213073,0.23725091442465782,0.9022643446922303,0.8625424653291702,1.2800030633807182
480,2,layer_23.mlp_down,0.0005008155130781233,1.544883028161543e-05,-0.011398267932236195,-0.005718978587538004,0.0119963807053864,0.18313184455037118,0.9022643446922303,0.8625424653291702,1.2800030633807182
480,2,layer_24.attn_o,0.0001563446712680161,8.172050188770648e-06,-0.019551517441868782,-0.005718978587538004,0.01868057791143656,0.3814138948917389,0.9022643446922303,0.8625424653291702,1.2800030633807182
480,2,layer_24.mlp_down,0.0005966722965240479,2.645101598958713e-05,-0.006527699995785952,-0.005718978587538004,0.013809450040571391,0.200587647408247,0.9022643446922303,0.8625424653291702,1.2800030633807182
480,2,layer_25.attn_o,0.000147220678627491,6.767257692177893e-06,0.013154469430446625,-0.005718978587538004,0.03484185254201293,0.22064905017614364,0.9022643446922303,0.8625424653291702,1.2800030633807182
480,2,layer_25.mlp_down,0.0006637303740717471,3.6038009875572605e-05,-0.04814882203936577,-0.005718978587538004,0.0006142697297036648,0.14429325871169568,0.9022643446922303,0.8625424653291702,1.2800030633807182
500,2,layer_0.attn_o,9.922326171363238e-06,4.867531290614345e-07,-0.08627436310052872,0.005307301878929138,-0.0004837040789425373,0.11887753503397107,0.906480610370636,0.8629345074295998,1.2797221168875694
500,2,layer_0.mlp_down,3.5007582482649013e-05,1.0751549055280932e-06,0.013106525875627995,0.005307301878929138,0.005329139076638967,0.07424098402261733,0.906480610370636,0.8629345074295998,1.2797221168875694
500,2,layer_1.attn_o,1.0518883755139541e-05,4.358497812869047e-07,0.08491211384534836,0.005307301878929138,0.012553129810839891,0.12013985487865284,0.906480610370636,0.8629345074295998,1.2797221168875694
500,2,layer_1.mlp_down,4.359752347227186e-05,2.3161183378283322e-06,0.0027329076547175646,0.005307301878929138,0.0026305305073037744,0.08088074214756488,0.906480610370636,0.8629345074295998,1.2797221168875694
500,2,layer_2.attn_o,1.0325868061045185e-05,4.537240858928336e-07,0.013181778602302074,0.005307301878929138,0.0033986089751124383,0.12368102781474591,0.906480610370636,0.8629345074295998,1.2797221168875694
500,2,layer_2.mlp_down,4.6203844249248505e-05,2.504629580924203e-06,0.0018702507950365543,0.005307301878929138,0.010042366362176836,0.10969033651053905,0.906480610370636,0.8629345074295998,1.2797221168875694
500,2,layer_3.attn_o,9.652204425947275e-06,4.288293124585152e-07,0.01578861102461815,0.005307301878929138,0.006068307929672301,0.11609949246048927,0.906480610370636,0.8629345074295998,1.2797221168875694
500,2,layer_3.mlp_down,4.258319313521497e-05,1.9401154467733637e-06,0.010965840891003609,0.005307301878929138,0.01270138459512964,0.09881262369453907,0.906480610370636,0.8629345074295998,1.2797221168875694
500,2,layer_4.attn_o,1.2482642887334805e-05,6.787585717698278e-07,0.01815715804696083,0.005307301878929138,0.019402436073869468,0.1222892066463828,0.906480610370636,0.8629345074295998,1.2797221168875694
500,2,layer_4.mlp_down,3.7114685255801305e-05,1.1730021039036731e-06,-0.011243859305977821,0.005307301878929138,0.017295239400118588,0.14883985221385956,0.906480610370636,0.8629345074295998,1.2797221168875694
500,2,layer_5.attn_o,9.586504347680602e-06,3.795418341873051e-07,0.02440032549202442,0.005307301878929138,0.08766339123249053,0.2981468364596367,0.906480610370636,0.8629345074295998,1.2797221168875694
500,2,layer_5.mlp_down,4.084505417267792e-05,1.646613572248997e-06,-0.004022667650133371,0.005307301878929138,0.007050194498151541,0.08525894898921252,0.906480610370636,0.8629345074295998,1.2797221168875694
500,2,layer_6.attn_o,1.1588866982492618e-05,6.30301605802431e-07,0.0021198135800659657,0.005307301878929138,0.0069087780138943344,0.11337923109531403,0.906480610370636,0.8629345074295998,1.2797221168875694
500,2,layer_6.mlp_down,4.287959382054396e-05,1.8341421561016077e-06,0.0020984250586479902,0.005307301878929138,0.007884133921470493,0.11516800969839096,0.906480610370636,0.8629345074295998,1.2797221168875694
500,2,layer_7.attn_o,9.254697943106294e-06,2.9277620634094654e-07,0.016630180180072784,0.005307301878929138,0.008622345142066478,0.18115437477827073,0.906480610370636,0.8629345074295998,1.2797221168875694
500,2,layer_7.mlp_down,3.850634311675094e-05,1.2590778048984818e-06,0.015010126866400242,0.005307301878929138,0.003733311500400305,0.14918020628392697,0.906480610370636,0.8629345074295998,1.2797221168875694
500,2,layer_8.attn_o,9.851700269791763e-06,3.140437951045782e-07,0.013422694988548756,0.005307301878929138,0.008451512118335813,0.16639948077499866,0.906480610370636,0.8629345074295998,1.2797221168875694
500,2,layer_8.mlp_down,3.804080552072264e-05,1.2331913953616112e-06,0.00428733741864562,0.005307301878929138,0.010631520889000967,0.18175958544015886,0.906480610370636,0.8629345074295998,1.2797221168875694
500,2,layer_9.attn_o,9.621371646062471e-06,3.207028865830412e-07,0.005197469610720873,0.005307301878929138,0.003499982111679856,0.241783357411623,0.906480610370636,0.8629345074295998,1.2797221168875694
500,2,layer_9.mlp_down,4.76151290058624e-05,2.4118354764753022e-06,-0.008706347085535526,0.005307301878929138,0.009615371577092446,0.2431553155183792,0.906480610370636,0.8629345074295998,1.2797221168875694
500,2,layer_10.attn_o,1.2467063243093435e-05,6.780777319818612e-07,-0.004181185737252235,0.005307301878929138,0.01681829274748452,0.31407007575035095,0.906480610370636,0.8629345074295998,1.2797221168875694
500,2,layer_10.mlp_down,3.879789073835127e-05,1.158393583664463e-06,-0.009294124320149422,0.005307301878929138,0.03327213553711772,0.3401667669415474,0.906480610370636,0.8629345074295998,1.2797221168875694
500,2,layer_11.attn_o,1.0825955541804433e-05,4.509484138203312e-07,-0.005203797947615385,0.005307301878929138,0.032639564567944035,0.4933062016963959,0.906480610370636,0.8629345074295998,1.2797221168875694
500,2,layer_11.mlp_down,5.1439863455016166e-05,2.86776203734631e-06,-0.0011726756347343326,0.005307301878929138,0.014928608038462698,0.3221148237586021,0.906480610370636,0.8629345074295998,1.2797221168875694
500,2,layer_12.attn_o,1.068821620719973e-05,3.851166595368755e-07,0.002457663882523775,0.005307301878929138,0.018469136231578885,0.30525539368391036,0.906480610370636,0.8629345074295998,1.2797221168875694
500,2,layer_12.mlp_down,4.290145079721697e-05,1.5938676339429752e-06,0.0029443749226629734,0.005307301878929138,0.007256451295688748,0.2238843947649002,0.906480610370636,0.8629345074295998,1.2797221168875694
500,2,layer_13.attn_o,1.2350615179457236e-05,6.412908664121427e-07,-0.00020126407616771758,0.005307301878929138,0.0023451529326848687,0.18631917610764503,0.906480610370636,0.8629345074295998,1.2797221168875694
500,2,layer_13.mlp_down,4.774655099026859e-05,2.26973048107956e-06,0.011571194976568222,0.005307301878929138,0.00879334016062785,0.19315305203199387,0.906480610370636,0.8629345074295998,1.2797221168875694
500,2,layer_14.attn_o,1.0079407729790546e-05,3.520626525358872e-07,-0.0019136416958644986,0.005307301878929138,0.0029192571062594654,0.21839213594794274,0.906480610370636,0.8629345074295998,1.2797221168875694
500,2,layer_14.mlp_down,4.679246558225714e-05,2.0951919449716144e-06,0.0011309601832181215,0.005307301878929138,0.008788124157581479,0.23039179146289826,0.906480610370636,0.8629345074295998,1.2797221168875694
500,2,layer_15.attn_o,1.2757855074596591e-05,6.93883469915099e-07,0.007005954626947641,0.005307301878929138,0.015078434708993883,0.36035909950733186,0.906480610370636,0.8629345074295998,1.2797221168875694
500,2,layer_15.mlp_down,4.4089458242524415e-05,1.731667489070744e-06,0.0022547277621924877,0.005307301878929138,0.011860496844747104,0.14043546095490456,0.906480610370636,0.8629345074295998,1.2797221168875694
500,2,layer_16.attn_o,1.1278955753368791e-05,5.038275689688478e-07,0.0059770820662379265,0.005307301878929138,0.015290023759007454,0.15307806208729743,0.906480610370636,0.8629345074295998,1.2797221168875694
500,2,layer_16.mlp_down,3.897766873706132e-05,1.1873632685774029e-06,0.008396961726248264,0.005307301878929138,0.009884590124420356,0.1373624950647354,0.906480610370636,0.8629345074295998,1.2797221168875694
500,2,layer_17.attn_o,1.115524264605483e-05,6.461039953767837e-07,0.020224401727318764,0.005307301878929138,0.009609961521346123,0.35346063822507856,0.906480610370636,0.8629345074295998,1.2797221168875694
500,2,layer_17.mlp_down,4.4705600885208696e-05,1.8112590238468515e-06,0.002689067739993334,0.005307301878929138,0.005098527681548148,0.15202066525816918,0.906480610370636,0.8629345074295998,1.2797221168875694
500,2,layer_18.attn_o,1.1083709068770986e-05,5.75329089368761e-07,-0.005596970673650503,0.005307301878929138,0.0022555286064743995,0.1765591248869896,0.906480610370636,0.8629345074295998,1.2797221168875694
500,2,layer_18.mlp_down,4.449564221431501e-05,1.7664577146972147e-06,-0.0015579800819978118,0.005307301878929138,0.004971096682129428,0.18980409279465676,0.906480610370636,0.8629345074295998,1.2797221168875694
500,2,layer_19.attn_o,1.2730482012557331e-05,7.320765952932649e-07,-0.006023456808179617,0.005307301878929138,0.004848893865710124,0.14847797825932502,0.906480610370636,0.8629345074295998,1.2797221168875694
500,2,layer_19.mlp_down,4.489886850933544e-05,1.859856075916261e-06,-0.0006634703604504466,0.005307301878929138,0.0018695512553676963,0.16831118389964103,0.906480610370636,0.8629345074295998,1.2797221168875694
500,2,layer_20.attn_o,1.0326091796741821e-05,3.37113903836489e-07,-0.002339497208595276,0.005307301878929138,0.01259854503441602,0.2879640728235245,0.906480610370636,0.8629345074295998,1.2797221168875694
500,2,layer_20.mlp_down,5.0485428801039234e-05,2.7212536024676974e-06,-0.0005627782666124403,0.005307301878929138,0.004514427520916797,0.2277658000588417,0.906480610370636,0.8629345074295998,1.2797221168875694
500,2,layer_21.attn_o,1.0010678124672268e-05,4.043728079627649e-07,0.015433436259627342,0.005307301878929138,0.008820054586976767,0.469607974588871,0.906480610370636,0.8629345074295998,1.2797221168875694
500,2,layer_21.mlp_down,4.1198738472303376e-05,1.389428330513176e-06,0.012716912664473057,0.005307301878929138,0.0056000126525759695,0.15590269565582277,0.906480610370636,0.8629345074295998,1.2797221168875694
500,2,layer_22.attn_o,9.57601241680095e-06,3.404076763904877e-07,0.009276363998651505,0.005307301878929138,0.004540816089138389,0.15070112496614457,0.906480610370636,0.8629345074295998,1.2797221168875694
500,2,layer_22.mlp_down,4.2286083044018596e-05,1.4721605626899684e-06,0.021041881293058395,0.005307301878929138,0.005025614725309424,0.16390619799494743,0.906480610370636,0.8629345074295998,1.2797221168875694
500,2,layer_23.attn_o,1.044831606122898e-05,4.774067361186879e-07,0.03741977736353874,0.005307301878929138,0.0093929345253855,0.24394445717334748,0.906480610370636,0.8629345074295998,1.2797221168875694
500,2,layer_23.mlp_down,3.9907408790895715e-05,1.2310377160649632e-06,0.026986712589859962,0.005307301878929138,0.007116388826398179,0.18671632707118987,0.906480610370636,0.8629345074295998,1.2797221168875694
500,2,layer_24.attn_o,1.1823903150798287e-05,6.180289305149729e-07,0.02683238312602043,0.005307301878929138,0.00791146932169795,0.36437192261219026,0.906480610370636,0.8629345074295998,1.2797221168875694
500,2,layer_24.mlp_down,4.67147801828105e-05,2.070907941870178e-06,0.05373181402683258,0.005307301878929138,0.009603297570720315,0.22522725090384482,0.906480610370636,0.8629345074295998,1.2797221168875694
500,2,layer_25.attn_o,1.1301887752779294e-05,5.195111688395989e-07,0.0780361071228981,0.005307301878929138,0.016184899723157287,0.2483114220201969,0.906480610370636,0.8629345074295998,1.2797221168875694
500,2,layer_25.mlp_down,5.1647526561282575e-05,2.804262310380875e-06,0.00851900689303875,0.005307301878929138,-0.004791746474802494,0.1548864185810089,0.906480610370636,0.8629345074295998,1.2797221168875694
