step,epoch,layer,weight_delta_abs,weight_delta_rel,grad_cossim_train_vs_safety,grad_cossim_whole_model,cossim_intra_math,cossim_intra_safety,train_loss,math_val_loss,safety_val_loss
20,1,layer_0.attn_o,0.026684468612074852,0.001309104920024637,0.14495718479156494,0.0012876633554697037,0.023837938750511968,0.1104592964053154,1.4911929011344909,1.438098281621933,1.271267019212246
20,1,layer_0.mlp_down,0.0712413638830185,0.002188370143309469,-0.0019107655389234424,0.0012876633554697037,0.015951652149669825,0.06464394181966782,1.4911929011344909,1.438098281621933,1.271267019212246
20,1,layer_1.attn_o,0.026471273973584175,0.0010968588347569277,0.006086667999625206,0.0012876633554697037,0.03927899468690157,0.11292461641132831,1.4911929011344909,1.438098281621933,1.271267019212246
20,1,layer_1.mlp_down,0.09100451320409775,0.004841442850591197,-0.003388989483937621,0.0012876633554697037,0.010792204341851176,0.06574844624847173,1.4911929011344909,1.438098281621933,1.271267019212246
20,1,layer_2.attn_o,0.024346210062503815,0.0010698078090556865,-0.020370274782180786,0.0012876633554697037,0.019977677892893553,0.10586057826876641,1.4911929011344909,1.438098281621933,1.271267019212246
20,1,layer_2.mlp_down,0.08738204836845398,0.004744119977462424,-0.02007468417286873,0.0012876633554697037,0.030929158127401025,0.09826461039483547,1.4911929011344909,1.438098281621933,1.271267019212246
20,1,layer_3.attn_o,0.024416090920567513,0.0010847923122886361,-0.007954621687531471,0.0012876633554697037,0.028133942186832427,0.11506898142397404,1.4911929011344909,1.438098281621933,1.271267019212246
20,1,layer_3.mlp_down,0.08815204352140427,0.004019594692070745,-0.016327250748872757,0.0012876633554697037,0.025264942354988308,0.07730073854327202,1.4911929011344909,1.438098281621933,1.271267019212246
20,1,layer_4.attn_o,0.028008965775370598,0.0015231257601812454,0.003785669570788741,0.0012876633554697037,0.03578281500376761,0.1022496048361063,1.4911929011344909,1.438098281621933,1.271267019212246
20,1,layer_4.mlp_down,0.08130811154842377,0.002570261697187069,-0.01967017538845539,0.0012876633554697037,0.034298768965527415,0.11129043884575367,1.4911929011344909,1.438098281621933,1.271267019212246
20,1,layer_5.attn_o,0.028179002925753593,0.0011156666363296478,-0.04652765020728111,0.0012876633554697037,0.025031574815511704,0.21439398005604743,1.4911929011344909,1.438098281621933,1.271267019212246
20,1,layer_5.mlp_down,0.092095285654068,0.0037144144240302338,0.008355752564966679,0.0012876633554697037,0.016169374505989254,0.06498177144676447,1.4911929011344909,1.438098281621933,1.271267019212246
20,1,layer_6.attn_o,0.028399599716067314,0.0015446893244186956,-0.0024108923971652985,0.0012876633554697037,0.031599193019792436,0.10487905759364366,1.4911929011344909,1.438098281621933,1.271267019212246
20,1,layer_6.mlp_down,0.09467916935682297,0.004052331178726684,0.01227438636124134,0.0012876633554697037,0.03385628825053573,0.10368795022368431,1.4911929011344909,1.438098281621933,1.271267019212246
20,1,layer_7.attn_o,0.02438632771372795,0.0007714745668040465,0.004326241090893745,0.0012876633554697037,0.05187292858026922,0.17170143723487855,1.4911929011344909,1.438098281621933,1.271267019212246
20,1,layer_7.mlp_down,0.088808074593544,0.002904405931627827,0.02660464495420456,0.0012876633554697037,0.040020005544647574,0.12876292429864405,1.4911929011344909,1.438098281621933,1.271267019212246
20,1,layer_8.attn_o,0.025347154587507248,0.0008080002369043625,0.011012393981218338,0.0012876633554697037,0.05427436586469412,0.16564616858959197,1.4911929011344909,1.438098281621933,1.271267019212246
20,1,layer_8.mlp_down,0.09466157853603363,0.0030693033783101673,0.008921272121369839,0.0012876633554697037,0.014408191805705428,0.17848782911896705,1.4911929011344909,1.438098281621933,1.271267019212246
20,1,layer_9.attn_o,0.02625642530620098,0.0008751939227008297,0.008626309223473072,0.0012876633554697037,0.021570356958545745,0.26499247923493385,1.4911929011344909,1.438098281621933,1.271267019212246
20,1,layer_9.mlp_down,0.12268265336751938,0.006220607378374373,0.021480374038219452,0.0012876633554697037,0.026566832838580013,0.23555730655789375,1.4911929011344909,1.438098281621933,1.271267019212246
20,1,layer_10.attn_o,0.03632103651762009,0.0019755874618657423,0.012897775508463383,0.0012876633554697037,0.025569179467856883,0.30778255462646487,1.4911929011344909,1.438098281621933,1.271267019212246
20,1,layer_10.mlp_down,0.10298573225736618,0.0030753184233666213,0.046883534640073776,0.0012876633554697037,0.02584967502625659,0.3312180146574974,1.4911929011344909,1.438098281621933,1.271267019212246
20,1,layer_11.attn_o,0.03389323130249977,0.0014118308732200982,-0.05637236684560776,0.0012876633554697037,0.03791997539810836,0.4780732303857803,1.4911929011344909,1.438098281621933,1.271267019212246
20,1,layer_11.mlp_down,0.12475499510765076,0.006965103625908085,0.020342499017715454,0.0012876633554697037,0.02893721591681242,0.3270509645342827,1.4911929011344909,1.438098281621933,1.271267019212246
20,1,layer_12.attn_o,0.028047487139701843,0.0010106129373437882,0.003154213773086667,0.0012876633554697037,0.016060094954445957,0.2932110071182251,1.4911929011344909,1.438098281621933,1.271267019212246
20,1,layer_12.mlp_down,0.10031197965145111,0.003727989596655072,-0.007302360609173775,0.0012876633554697037,0.021611245535314082,0.20382942110300065,1.4911929011344909,1.438098281621933,1.271267019212246
20,1,layer_13.attn_o,0.02779308333992958,0.0014431737980269235,-0.0026945732533931732,0.0012876633554697037,0.013211259344825522,0.21319042816758155,1.4911929011344909,1.438098281621933,1.271267019212246
20,1,layer_13.mlp_down,0.1022464856505394,0.004864345534749602,-0.003287516301497817,0.0012876633554697037,0.019614478282164782,0.18022457808256148,1.4911929011344909,1.438098281621933,1.271267019212246
20,1,layer_14.attn_o,0.02360028214752674,0.000824341186767875,-0.009704618714749813,0.0012876633554697037,0.01770767315174453,0.23991927057504653,1.4911929011344909,1.438098281621933,1.271267019212246
20,1,layer_14.mlp_down,0.10046231001615524,0.004501295799997201,-0.0007907805847935379,0.0012876633554697037,0.02792667392641306,0.2300078421831131,1.4911929011344909,1.438098281621933,1.271267019212246
20,1,layer_15.attn_o,0.032525159418582916,0.0017690724196853965,0.020927272737026215,0.0012876633554697037,0.053120601922273636,0.35795269906520844,1.4911929011344909,1.438098281621933,1.271267019212246
20,1,layer_15.mlp_down,0.09727385640144348,0.0038220742792715776,0.0010005474323406816,0.0012876633554697037,0.02000572131946683,0.12890113815665244,1.4911929011344909,1.438098281621933,1.271267019212246
20,1,layer_16.attn_o,0.02783706970512867,0.0012434999313320559,-0.005593171808868647,0.0012876633554697037,0.020812681107781828,0.17022507637739182,1.4911929011344909,1.438098281621933,1.271267019212246
20,1,layer_16.mlp_down,0.08787678182125092,0.002677359555803184,0.011062112636864185,0.0012876633554697037,0.02006210498511791,0.11687059067189694,1.4911929011344909,1.438098281621933,1.271267019212246
20,1,layer_17.attn_o,0.030327877029776573,0.001756635796099162,-0.008750020526349545,0.0012876633554697037,0.01159321137238294,0.3029482617974281,1.4911929011344909,1.438098281621933,1.271267019212246
20,1,layer_17.mlp_down,0.09383060038089752,0.003803265779538841,0.0030463216826319695,0.0012876633554697037,0.015839566057547928,0.12495169192552566,1.4911929011344909,1.438098281621933,1.271267019212246
20,1,layer_18.attn_o,0.028524788096547127,0.0014806930461308276,-0.005489220377057791,0.0012876633554697037,0.004929434333462268,0.14963857270777225,1.4911929011344909,1.438098281621933,1.271267019212246
20,1,layer_18.mlp_down,0.08899498730897903,0.0035344372516617098,0.004914799705147743,0.0012876633554697037,0.01674065348925069,0.14288273602724075,1.4911929011344909,1.438098281621933,1.271267019212246
20,1,layer_19.attn_o,0.027345241978764534,0.001572585829813692,0.002023691311478615,0.0012876633554697037,0.008174221077933908,0.15765368081629277,1.4911929011344909,1.438098281621933,1.271267019212246
20,1,layer_19.mlp_down,0.08630646765232086,0.0035767278643082786,0.0017137443646788597,0.0012876633554697037,0.012906814937014132,0.1339235220104456,1.4911929011344909,1.438098281621933,1.271267019212246
20,1,layer_20.attn_o,0.02422463707625866,0.0007908629581705356,0.006404604762792587,0.0012876633554697037,0.022473619296215476,0.2568507887423038,1.4911929011344909,1.438098281621933,1.271267019212246
20,1,layer_20.mlp_down,0.09612259268760681,0.005187307512415527,-0.003985734656453133,0.0012876633554697037,0.018972804048098625,0.1678687624633312,1.4911929011344909,1.438098281621933,1.271267019212246
20,1,layer_21.attn_o,0.031168727204203606,0.001259052592521466,0.07603126764297485,0.0012876633554697037,0.07988823791965842,0.41842461228370664,1.4911929011344909,1.438098281621933,1.271267019212246
20,1,layer_21.mlp_down,0.07429813593626022,0.0025061962979135966,-0.002014289377257228,0.0012876633554697037,0.0212672236841172,0.1046491302549839,1.4911929011344909,1.438098281621933,1.271267019212246
20,1,layer_22.attn_o,0.026179423555731773,0.0009306318972658713,-0.0002815202169585973,0.0012876633554697037,0.02555408131447621,0.1351574394851923,1.4911929011344909,1.438098281621933,1.271267019212246
20,1,layer_22.mlp_down,0.07532646507024765,0.0026230639547637547,-0.00158344442024827,0.0012876633554697037,0.025779045012313873,0.13197185546159745,1.4911929011344909,1.438098281621933,1.271267019212246
20,1,layer_23.attn_o,0.029400555416941643,0.0013434121822390116,0.015906864777207375,0.0012876633554697037,0.03345020628767088,0.233809507638216,1.4911929011344909,1.438098281621933,1.271267019212246
20,1,layer_23.mlp_down,0.0723596140742302,0.002232413733951614,0.022941865026950836,0.0012876633554697037,0.027984226611442863,0.14169776253402233,1.4911929011344909,1.438098281621933,1.271267019212246
20,1,layer_24.attn_o,0.03571891039609909,0.001867073370480297,0.04993865266442299,0.0012876633554697037,0.0577380703529343,0.3368729203939438,1.4911929011344909,1.438098281621933,1.271267019212246
20,1,layer_24.mlp_down,0.08971403539180756,0.00397972605132845,0.040283601731061935,0.0012876633554697037,0.04279375330079347,0.19177457615733146,1.4911929011344909,1.438098281621933,1.271267019212246
20,1,layer_25.attn_o,0.03248756378889084,0.0014933750394871097,0.035144057124853134,0.0012876633554697037,0.04906225632876158,0.2213290549814701,1.4911929011344909,1.438098281621933,1.271267019212246
20,1,layer_25.mlp_down,0.09269058704376221,0.005039355118091265,-0.07338128238916397,0.0012876633554697037,0.04126124083995819,0.10233468376100063,1.4911929011344909,1.438098281621933,1.271267019212246
40,1,layer_0.attn_o,0.07094035297632217,0.003480242656837623,0.038558293133974075,0.003265923820436001,-0.023339923284947873,0.18368038600310682,1.357927429676056,1.1589249521493912,1.267538607120514
40,1,layer_0.mlp_down,0.2194468230009079,0.0067409082073404845,-0.006401013117283583,0.003265923820436001,0.002644706715364009,0.11766809169203044,1.357927429676056,1.1589249521493912,1.267538607120514
40,1,layer_1.attn_o,0.06861934810876846,0.002843299573615206,-0.008848854340612888,0.003265923820436001,0.01793985962867737,0.17870164439082145,1.357927429676056,1.1589249521493912,1.267538607120514
40,1,layer_1.mlp_down,0.2671620547771454,0.014213063994975201,0.004751012660562992,0.003265923820436001,0.0044462651014328,0.12169499397277832,1.357927429676056,1.1589249521493912,1.267538607120514
40,1,layer_2.attn_o,0.06697502732276917,0.0029429813958118164,-0.014688887633383274,0.003265923820436001,0.006006993562914431,0.18807179108262062,1.357927429676056,1.1589249521493912,1.267538607120514
40,1,layer_2.mlp_down,0.26519525051116943,0.01439794428676043,0.014385150745511055,0.003265923820436001,0.005583348084473983,0.15955354571342467,1.357927429676056,1.1589249521493912,1.267538607120514
40,1,layer_3.attn_o,0.06836731731891632,0.0030375208084983765,-0.0031387298367917538,0.003265923820436001,0.01349127977155149,0.19543446376919746,1.357927429676056,1.1589249521493912,1.267538607120514
40,1,layer_3.mlp_down,0.2554333209991455,0.01164738346039207,-0.0033793505281209946,0.003265923820436001,0.004573495767544955,0.1370362386107445,1.357927429676056,1.1589249521493912,1.267538607120514
40,1,layer_4.attn_o,0.07891464233398438,0.004291378968778518,-0.01805725134909153,0.003265923820436001,0.019211579393595458,0.1588013879954815,1.357927429676056,1.1589249521493912,1.267538607120514
40,1,layer_4.mlp_down,0.22459810972213745,0.007099871841970504,0.0045846616849303246,0.003265923820436001,0.006685093487612903,0.18452873229980468,1.357927429676056,1.1589249521493912,1.267538607120514
40,1,layer_5.attn_o,0.06909939646720886,0.0027357934623810543,-0.08742307126522064,0.003265923820436001,-0.0063153310678899285,0.32969137132167814,1.357927429676056,1.1589249521493912,1.267538607120514
40,1,layer_5.mlp_down,0.24435226619243622,0.00985532383411877,-0.0019963677041232586,0.003265923820436001,0.004433607868850231,0.12573713809251785,1.357927429676056,1.1589249521493912,1.267538607120514
40,1,layer_6.attn_o,0.07449156790971756,0.004051689695339547,-0.009817191399633884,0.003265923820436001,0.006678706081584096,0.18505701720714568,1.357927429676056,1.1589249521493912,1.267538607120514
40,1,layer_6.mlp_down,0.24786116182804108,0.010608640135085777,-0.01178064476698637,0.003265923820436001,0.0069308313628425825,0.1745428264141083,1.357927429676056,1.1589249521493912,1.267538607120514
40,1,layer_7.attn_o,0.061825305223464966,0.001955877896208442,-0.014914672821760178,0.003265923820436001,0.005572344409301877,0.271632219851017,1.357927429676056,1.1589249521493912,1.267538607120514
40,1,layer_7.mlp_down,0.22525493800640106,0.007366835443055501,-0.010312887839972973,0.003265923820436001,0.0040514005813747644,0.21483030617237092,1.357927429676056,1.1589249521493912,1.267538607120514
40,1,layer_8.attn_o,0.062775619328022,0.0020011208042208795,-0.0066454350017011166,0.003265923820436001,0.00401942222379148,0.25868049561977385,1.357927429676056,1.1589249521493912,1.267538607120514
40,1,layer_8.mlp_down,0.2225443422794342,0.0072158075646373936,0.010068338364362717,0.003265923820436001,-0.0018420387525111437,0.267728815972805,1.357927429676056,1.1589249521493912,1.267538607120514
40,1,layer_9.attn_o,0.06052921339869499,0.0020175950371888974,0.0061752405017614365,0.003265923820436001,-0.0026269275695085526,0.3563494265079498,1.357927429676056,1.1589249521493912,1.267538607120514
40,1,layer_9.mlp_down,0.2656303346157074,0.013468862283396811,0.0023342790082097054,0.003265923820436001,0.004594828747212887,0.34798402786254884,1.357927429676056,1.1589249521493912,1.267538607120514
40,1,layer_10.attn_o,0.07605430483818054,0.004136777751091954,-0.003187905764207244,0.003265923820436001,0.005036890506744385,0.4374644994735718,1.357927429676056,1.1589249521493912,1.267538607120514
40,1,layer_10.mlp_down,0.21911706030368805,0.0065432434673187425,-0.06874196976423264,0.003265923820436001,0.015101624326780439,0.4491844028234482,1.357927429676056,1.1589249521493912,1.267538607120514
40,1,layer_11.attn_o,0.06883639097213745,0.002867399959861153,-0.03729822859168053,0.003265923820436001,0.004402770567685366,0.585506671667099,1.357927429676056,1.1589249521493912,1.267538607120514
40,1,layer_11.mlp_down,0.2783483564853668,0.015540540369652514,-0.005618210416287184,0.003265923820436001,0.003962125023826956,0.43735586702823637,1.357927429676056,1.1589249521493912,1.267538607120514
40,1,layer_12.attn_o,0.06474689394235611,0.0023329752613942285,0.004354753997176886,0.003265923820436001,0.0061765313148498535,0.4055919498205185,1.357927429676056,1.1589249521493912,1.267538607120514
40,1,layer_12.mlp_down,0.23736047744750977,0.008821336554738244,0.0006386766326613724,0.003265923820436001,0.0114697162527591,0.30845451951026914,1.357927429676056,1.1589249521493912,1.267538607120514
40,1,layer_13.attn_o,0.07011230289936066,0.003640629122555544,0.006747114937752485,0.003265923820436001,0.008998827822506428,0.2835156261920929,1.357927429676056,1.1589249521493912,1.267538607120514
40,1,layer_13.mlp_down,0.2491750866174698,0.011854493691477636,0.004937561694532633,0.003265923820436001,0.005780970191699453,0.28668400198221206,1.357927429676056,1.1589249521493912,1.267538607120514
40,1,layer_14.attn_o,0.057443611323833466,0.00200646530639016,0.0033322181552648544,0.003265923820436001,0.012405189499258996,0.31894091218709947,1.357927429676056,1.1589249521493912,1.267538607120514
40,1,layer_14.mlp_down,0.24272415041923523,0.01087550572450047,0.0018061295850202441,0.003265923820436001,0.010535496775992215,0.34608842730522155,1.357927429676056,1.1589249521493912,1.267538607120514
40,1,layer_15.attn_o,0.07186587899923325,0.003908852477339059,-0.00306305312551558,0.003265923820436001,0.008032183162868023,0.4466412216424942,1.357927429676056,1.1589249521493912,1.267538607120514
40,1,layer_15.mlp_down,0.23668627440929413,0.00929991388484468,-0.0027203864883631468,0.003265923820436001,0.00754426442363183,0.18783402740955352,1.357927429676056,1.1589249521493912,1.267538607120514
40,1,layer_16.attn_o,0.06629811972379684,0.0029615827191575143,0.0017804515082389116,0.003265923820436001,0.006481091398745776,0.23060012757778167,1.357927429676056,1.1589249521493912,1.267538607120514
40,1,layer_16.mlp_down,0.2199132889509201,0.006700172698936663,-0.004803667776286602,0.003265923820436001,0.003365611331537366,0.18598403930664062,1.357927429676056,1.1589249521493912,1.267538607120514
40,1,layer_17.attn_o,0.0755021721124649,0.004373202580522814,0.010308717377483845,0.003265923820436001,0.002969984896481037,0.45970440804958346,1.357927429676056,1.1589249521493912,1.267538607120514
40,1,layer_17.mlp_down,0.2424241304397583,0.00982631950165469,-0.002387413987889886,0.003265923820436001,0.0019821663154289126,0.19666654244065285,1.357927429676056,1.1589249521493912,1.267538607120514
40,1,layer_18.attn_o,0.07042960822582245,0.003655933348722386,0.0050031766295433044,0.003265923820436001,0.0026822280371561645,0.22806057780981065,1.357927429676056,1.1589249521493912,1.267538607120514
40,1,layer_18.mlp_down,0.23850366473197937,0.009472248363665408,0.003752588527277112,0.003265923820436001,0.0021824699942953885,0.2455648124217987,1.357927429676056,1.1589249521493912,1.267538607120514
40,1,layer_19.attn_o,0.07039470970630646,0.0040483072570315255,0.00613795779645443,0.003265923820436001,0.0009850570233538747,0.20427399277687072,1.357927429676056,1.1589249521493912,1.267538607120514
40,1,layer_19.mlp_down,0.2376267910003662,0.0098478181154343,0.011630241759121418,0.003265923820436001,0.004500398586969823,0.20339706391096116,1.357927429676056,1.1589249521493912,1.267538607120514
40,1,layer_20.attn_o,0.058591052889823914,0.001912826392583907,0.006413002498447895,0.003265923820436001,0.0017010267765726894,0.3382338061928749,1.357927429676056,1.1589249521493912,1.267538607120514
40,1,layer_20.mlp_down,0.2623474597930908,0.014157918774295173,0.021371878683567047,0.003265923820436001,-0.0013373101595789195,0.2554781049489975,1.357927429676056,1.1589249521493912,1.267538607120514
40,1,layer_21.attn_o,0.06333615630865097,0.002558447684510744,-0.013768773525953293,0.003265923820436001,0.0050891700200736524,0.5467462480068207,1.357927429676056,1.1589249521493912,1.267538607120514
40,1,layer_21.mlp_down,0.2163063883781433,0.007296397203087604,0.020754823461174965,0.003265923820436001,-0.0041626870981417595,0.17688074409961702,1.357927429676056,1.1589249521493912,1.267538607120514
40,1,layer_22.attn_o,0.057861365377902985,0.0020568690800045293,0.014414023607969284,0.003265923820436001,-0.006977934355381877,0.2027621388435364,1.357927429676056,1.1589249521493912,1.267538607120514
40,1,layer_22.mlp_down,0.22292038798332214,0.00776270225291025,0.022384218871593475,0.003265923820436001,0.0007194789592176676,0.2003292918205261,1.357927429676056,1.1589249521493912,1.267538607120514
40,1,layer_23.attn_o,0.07207237929105759,0.003293235558365132,0.023940447717905045,0.003265923820436001,-0.0016534880152903498,0.31218411326408385,1.357927429676056,1.1589249521493912,1.267538607120514
40,1,layer_23.mlp_down,0.21525177359580994,0.006640908284328831,0.02155686542391777,0.003265923820436001,0.001882370887324214,0.22316540628671647,1.357927429676056,1.1589249521493912,1.267538607120514
40,1,layer_24.attn_o,0.0767202228307724,0.004010269485007052,0.0065923044458031654,0.003265923820436001,0.0042396028293296695,0.45898657441139223,1.357927429676056,1.1589249521493912,1.267538607120514
40,1,layer_24.mlp_down,0.2545369863510132,0.011291362917594805,0.037097953259944916,0.003265923820436001,0.005581597330092336,0.26860342025756834,1.357927429676056,1.1589249521493912,1.267538607120514
40,1,layer_25.attn_o,0.06896024942398071,0.003169939586641142,0.04450764134526253,0.003265923820436001,0.00493240759242326,0.3029638111591339,1.357927429676056,1.1589249521493912,1.267538607120514
40,1,layer_25.mlp_down,0.2844013571739197,0.015462245760663426,0.026801053434610367,0.003265923820436001,0.008198522590100765,0.15902490206062794,1.357927429676056,1.1589249521493912,1.267538607120514
60,1,layer_0.attn_o,0.10468555241823196,0.005135732578280648,0.14339610934257507,0.0027042666915804148,0.012346614984562621,0.19702076902613044,1.3596444010734559,1.147693619132042,1.2898797169327736
60,1,layer_0.mlp_down,0.34403181076049805,0.01056798021532963,-0.0037425532937049866,0.0027042666915804148,-0.0008496019756421447,0.11776204220950603,1.3596444010734559,1.147693619132042,1.2898797169327736
60,1,layer_1.attn_o,0.09796549379825592,0.0040592817687252186,0.20335084199905396,0.0027042666915804148,-0.0066596923628821966,0.18913346920162438,1.3596444010734559,1.147693619132042,1.2898797169327736
60,1,layer_1.mlp_down,0.39988118410110474,0.0212729765763056,0.0009151567937806249,0.0027042666915804148,0.004641999385785312,0.11966655254364014,1.3596444010734559,1.147693619132042,1.2898797169327736
60,1,layer_2.attn_o,0.10205575823783875,0.004484472138901699,0.03937949612736702,0.0027042666915804148,0.006933031533844769,0.18807268515229225,1.3596444010734559,1.147693619132042,1.2898797169327736
60,1,layer_2.mlp_down,0.403196781873703,0.02188938200574579,-0.00600353954359889,0.0027042666915804148,0.008629383891820908,0.16405833698809147,1.3596444010734559,1.147693619132042,1.2898797169327736
60,1,layer_3.attn_o,0.10276622325181961,0.004565835239927526,0.003092837054282427,0.0027042666915804148,0.010678204987198115,0.20045039057731628,1.3596444010734559,1.147693619132042,1.2898797169327736
60,1,layer_3.mlp_down,0.38910219073295593,0.017742110660931957,-0.0016413041157647967,0.0027042666915804148,0.0076577850850299,0.13728861548006535,1.3596444010734559,1.147693619132042,1.2898797169327736
60,1,layer_4.attn_o,0.11717388778924942,0.006371901223357003,-0.003689661854878068,0.0027042666915804148,0.016514414266566746,0.17322636283934117,1.3596444010734559,1.147693619132042,1.2898797169327736
60,1,layer_4.mlp_down,0.34127670526504517,0.010788399050934122,0.017753947526216507,0.0027042666915804148,0.006149181118234992,0.1921991929411888,1.3596444010734559,1.147693619132042,1.2898797169327736
60,1,layer_5.attn_o,0.09674666076898575,0.00383041351059548,0.19751675426959991,0.0027042666915804148,-0.017676017433404922,0.3030124709010124,1.3596444010734559,1.147693619132042,1.2898797169327736
60,1,layer_5.mlp_down,0.36919400095939636,0.014890471923083189,0.005101780407130718,0.0027042666915804148,0.0029271637089550496,0.12445081770420074,1.3596444010734559,1.147693619132042,1.2898797169327736
60,1,layer_6.attn_o,0.11229535192251205,0.0061078734594826245,-0.0010296915424987674,0.0027042666915804148,-0.0005607226841675584,0.17770372293889522,1.3596444010734559,1.147693619132042,1.2898797169327736
60,1,layer_6.mlp_down,0.3742072880268097,0.01601616426927756,0.006837315391749144,0.0027042666915804148,0.0022582536446861924,0.17603643909096717,1.3596444010734559,1.147693619132042,1.2898797169327736
60,1,layer_7.attn_o,0.0889395922422409,0.002813659209860024,-0.0004721103177871555,0.0027042666915804148,0.010961470473557711,0.2552119709551334,1.3596444010734559,1.147693619132042,1.2898797169327736
60,1,layer_7.mlp_down,0.33756691217422485,0.011040070062807085,-0.0018591434927657247,0.0027042666915804148,0.0028127855155617,0.21312499940395355,1.3596444010734559,1.147693619132042,1.2898797169327736
60,1,layer_8.attn_o,0.09113439172506332,0.0029051270378696974,-0.014605273492634296,0.0027042666915804148,0.0052650838624686,0.24460608139634132,1.3596444010734559,1.147693619132042,1.2898797169327736
60,1,layer_8.mlp_down,0.33298563957214355,0.01079694258800849,-0.008069422096014023,0.0027042666915804148,0.003828398510813713,0.2641349799931049,1.3596444010734559,1.147693619132042,1.2898797169327736
60,1,layer_9.attn_o,0.08854300528764725,0.002951375527776742,-0.0008093774667941034,0.0027042666915804148,0.009676125179976226,0.3288579940795898,1.3596444010734559,1.147693619132042,1.2898797169327736
60,1,layer_9.mlp_down,0.3847271800041199,0.019506953010572686,6.294736522249877e-05,0.0027042666915804148,0.00732239147182554,0.33725610971450803,1.3596444010734559,1.147693619132042,1.2898797169327736
60,1,layer_10.attn_o,0.10731082409620285,0.00583689489322554,0.0011696037836372852,0.0027042666915804148,0.007152717979624868,0.41095479130744933,1.3596444010734559,1.147693619132042,1.2898797169327736
60,1,layer_10.mlp_down,0.3191607892513275,0.00953084408788306,-0.05247547850012779,0.0027042666915804148,-0.007868621684610843,0.42557458877563475,1.3596444010734559,1.147693619132042,1.2898797169327736
60,1,layer_11.attn_o,0.09164699167013168,0.0038175785508080175,0.03550604730844498,0.0027042666915804148,-0.013544447446474806,0.5411975651979446,1.3596444010734559,1.147693619132042,1.2898797169327736
60,1,layer_11.mlp_down,0.394182026386261,0.022006696224394873,0.01985040307044983,0.0027042666915804148,0.008382060285657644,0.4153554648160934,1.3596444010734559,1.147693619132042,1.2898797169327736
60,1,layer_12.attn_o,0.09731419384479523,0.003506452666047868,0.005003741011023521,0.0027042666915804148,0.01083729211241007,0.38345064371824267,1.3596444010734559,1.147693619132042,1.2898797169327736
60,1,layer_12.mlp_down,0.36137786507606506,0.013430496195405038,0.006977211218327284,0.0027042666915804148,0.007485967082902789,0.3112215831875801,1.3596444010734559,1.147693619132042,1.2898797169327736
60,1,layer_13.attn_o,0.11174632608890533,0.00580249956050837,0.003997736144810915,0.0027042666915804148,0.011009906721301376,0.27265560403466227,1.3596444010734559,1.147693619132042,1.2898797169327736
60,1,layer_13.mlp_down,0.3905949890613556,0.018582073892012278,0.0049180034548044205,0.0027042666915804148,0.01312624819111079,0.2891790434718132,1.3596444010734559,1.147693619132042,1.2898797169327736
60,1,layer_14.attn_o,0.0979921966791153,0.00342280551621486,0.00350151932798326,0.0027042666915804148,0.013914952566847206,0.3183501407504082,1.3596444010734559,1.147693619132042,1.2898797169327736
60,1,layer_14.mlp_down,0.38666537404060364,0.01732456453793681,0.008140050806105137,0.0027042666915804148,0.01148811699822545,0.35036310702562334,1.3596444010734559,1.147693619132042,1.2898797169327736
60,1,layer_15.attn_o,0.11286180466413498,0.006138643355212578,0.01030726358294487,0.0027042666915804148,-0.0012595709413290024,0.42801686376333237,1.3596444010734559,1.147693619132042,1.2898797169327736
60,1,layer_15.mlp_down,0.3724614977836609,0.014634852357637432,0.013423114083707333,0.0027042666915804148,0.011797219573054463,0.20435337200760842,1.3596444010734559,1.147693619132042,1.2898797169327736
60,1,layer_16.attn_o,0.10598672181367874,0.004734491871112534,0.004003442358225584,0.0027042666915804148,0.009811895689927042,0.2349901057779789,1.3596444010734559,1.147693619132042,1.2898797169327736
60,1,layer_16.mlp_down,0.34778934717178345,0.01059637107473457,-0.0037681630346924067,0.0027042666915804148,0.006247797631658614,0.18462046831846238,1.3596444010734559,1.147693619132042,1.2898797169327736
60,1,layer_17.attn_o,0.11809759587049484,0.006840382555796527,-0.0014894064515829086,0.0027042666915804148,0.008972317952429875,0.42036966383457186,1.3596444010734559,1.147693619132042,1.2898797169327736
60,1,layer_17.mlp_down,0.37690019607543945,0.015277096684237167,-0.002584312576800585,0.0027042666915804148,0.0026914255839074032,0.19430213794112206,1.3596444010734559,1.147693619132042,1.2898797169327736
60,1,layer_18.attn_o,0.10858152061700821,0.005636358587770209,-4.9409602070227265e-05,0.0027042666915804148,0.00276680076494813,0.2199521116912365,1.3596444010734559,1.147693619132042,1.2898797169327736
60,1,layer_18.mlp_down,0.3732816278934479,0.014825123511082856,0.0018143249908462167,0.0027042666915804148,0.0013212299323640763,0.2408750794827938,1.3596444010734559,1.147693619132042,1.2898797169327736
60,1,layer_19.attn_o,0.1141098365187645,0.0065623067586314705,0.008623871952295303,0.0027042666915804148,-0.001458595204167068,0.19883675873279572,1.3596444010734559,1.147693619132042,1.2898797169327736
60,1,layer_19.mlp_down,0.3776074945926666,0.015648964257929276,0.004658196121454239,0.0027042666915804148,0.003922942304052412,0.22475162893533707,1.3596444010734559,1.147693619132042,1.2898797169327736
60,1,layer_20.attn_o,0.09547345340251923,0.003116934450524195,0.009644017554819584,0.0027042666915804148,-0.000654166466119932,0.33490426987409594,1.3596444010734559,1.147693619132042,1.2898797169327736
60,1,layer_20.mlp_down,0.4109421670436859,0.022176430160295458,-0.0012148830574005842,0.0027042666915804148,0.005023779219482094,0.2612262822687626,1.3596444010734559,1.147693619132042,1.2898797169327736
60,1,layer_21.attn_o,0.09137846529483795,0.003691206388819869,0.003682805458083749,0.0027042666915804148,-0.00032429625280201436,0.5048769026994705,1.3596444010734559,1.147693619132042,1.2898797169327736
60,1,layer_21.mlp_down,0.35337868332862854,0.011920292245068936,0.005390973761677742,0.0027042666915804148,0.004206191143020987,0.18168349526822566,1.3596444010734559,1.147693619132042,1.2898797169327736
60,1,layer_22.attn_o,0.09192821383476257,0.0032678885416699407,0.003451434662565589,0.0027042666915804148,0.0038911605486646296,0.18898515179753303,1.3596444010734559,1.147693619132042,1.2898797169327736
60,1,layer_22.mlp_down,0.36251649260520935,0.012623998568182374,0.007388239726424217,0.0027042666915804148,0.005082436511293054,0.2082904599606991,1.3596444010734559,1.147693619132042,1.2898797169327736
60,1,layer_23.attn_o,0.10332395881414413,0.004721215245303953,0.009511248208582401,0.0027042666915804148,0.005900234857108444,0.30874001532793044,1.3596444010734559,1.147693619132042,1.2898797169327736
60,1,layer_23.mlp_down,0.3446190059185028,0.010632263834124227,0.01008690893650055,0.0027042666915804148,0.007961738083395176,0.22052726224064828,1.3596444010734559,1.147693619132042,1.2898797169327736
60,1,layer_24.attn_o,0.10808912664651871,0.0056499480447749035,0.0012949430383741856,0.0027042666915804148,0.0005640584975481033,0.43366439938545226,1.3596444010734559,1.147693619132042,1.2898797169327736
60,1,layer_24.mlp_down,0.39350634813308716,0.01745573332418351,0.0040996018797159195,0.0027042666915804148,0.006146292295306921,0.2430761657655239,1.3596444010734559,1.147693619132042,1.2898797169327736
60,1,layer_25.attn_o,0.10415284335613251,0.00478764815177025,0.011441039852797985,0.0027042666915804148,0.000751316174864769,0.2849698841571808,1.3596444010734559,1.147693619132042,1.2898797169327736
60,1,layer_25.mlp_down,0.4154055118560791,0.022583419354937833,-0.009917560033500195,0.0027042666915804148,0.01769586615264416,0.1555517517030239,1.3596444010734559,1.147693619132042,1.2898797169327736
80,1,layer_0.attn_o,0.1135384812951088,0.00557002817735454,0.03811294585466385,0.008701790124177933,0.025861838669516145,0.15340190124697983,1.3641044199466705,1.0981597527861595,1.2980270832777023
80,1,layer_0.mlp_down,0.37392786145210266,0.011486107326432462,-0.0034756178501993418,0.008701790124177933,0.006874830776359886,0.09759765539783985,1.3641044199466705,1.0981597527861595,1.2980270832777023
80,1,layer_1.attn_o,0.10704643279314041,0.004435554528187553,-0.005495431367307901,0.008701790124177933,0.02646994418464601,0.11858251951634884,1.3641044199466705,1.0981597527861595,1.2980270832777023
80,1,layer_1.mlp_down,0.4396146237850189,0.023382941458712492,-0.0010766879422590137,0.008701790124177933,0.005863001622492448,0.09244522424414754,1.3641044199466705,1.0981597527861595,1.2980270832777023
80,1,layer_2.attn_o,0.10957777500152588,0.004814984695639515,-0.0017009656876325607,0.008701790124177933,0.01492898516007699,0.16229394041001796,1.3641044199466705,1.0981597527861595,1.2980270832777023
80,1,layer_2.mlp_down,0.4366360008716583,0.023700696778570635,0.03000878170132637,0.008701790124177933,0.00691731569750118,0.1294269287958741,1.3641044199466705,1.0981597527861595,1.2980270832777023
80,1,layer_3.attn_o,0.10791417956352234,0.004794512461954043,-0.0026218739803880453,0.008701790124177933,0.0117924032965675,0.14761704774573445,1.3641044199466705,1.0981597527861595,1.2980270832777023
80,1,layer_3.mlp_down,0.41108861565589905,0.018742602064818484,0.008201324380934238,0.008701790124177933,0.002115790906827897,0.10508968122303486,1.3641044199466705,1.0981597527861595,1.2980270832777023
80,1,layer_4.attn_o,0.12338896840810776,0.006709805535753261,-0.008885759860277176,0.008701790124177933,0.012248076335527002,0.12849533641710878,1.3641044199466705,1.0981597527861595,1.2980270832777023
80,1,layer_4.mlp_down,0.36224669218063354,0.011451044347342013,-0.01441503968089819,0.008701790124177933,0.011163038096856325,0.15778383128345014,1.3641044199466705,1.0981597527861595,1.2980270832777023
80,1,layer_5.attn_o,0.10130634158849716,0.004010937082419651,-0.050878554582595825,0.008701790124177933,0.012365755811333656,0.2266133740544319,1.3641044199466705,1.0981597527861595,1.2980270832777023
80,1,layer_5.mlp_down,0.38718149065971375,0.015614936319751914,-0.007482542656362057,0.008701790124177933,0.008012588683050126,0.10069595659151673,1.3641044199466705,1.0981597527861595,1.2980270832777023
80,1,layer_6.attn_o,0.11951916664838791,0.006500741221724713,-0.00654294528067112,0.008701790124177933,0.011451254363964835,0.13167312182486057,1.3641044199466705,1.0981597527861595,1.2980270832777023
80,1,layer_6.mlp_down,0.3925482928752899,0.01679999531243589,0.001878994982689619,0.008701790124177933,0.009644630365073681,0.14270070269703866,1.3641044199466705,1.0981597527861595,1.2980270832777023
80,1,layer_7.attn_o,0.09279761463403702,0.0029357032346018896,0.0056959595531225204,0.008701790124177933,0.006126330851111561,0.20804582312703132,1.3641044199466705,1.0981597527861595,1.2980270832777023
80,1,layer_7.mlp_down,0.3514731526374817,0.011494639757722443,0.023374740034341812,0.008701790124177933,0.010682756174355745,0.1802222415804863,1.3641044199466705,1.0981597527861595,1.2980270832777023
80,1,layer_8.attn_o,0.09469625353813171,0.0030186660608633935,0.0029141344130039215,0.008701790124177933,0.011781696369871498,0.19448140189051627,1.3641044199466705,1.0981597527861595,1.2980270832777023
80,1,layer_8.mlp_down,0.34503576159477234,0.011187462228778148,0.022839780896902084,0.008701790124177933,0.018350946437567472,0.22010039761662484,1.3641044199466705,1.0981597527861595,1.2980270832777023
80,1,layer_9.attn_o,0.0909401997923851,0.0030312794778818994,0.003562866011634469,0.008701790124177933,0.015089400508441032,0.28032235354185103,1.3641044199466705,1.0981597527861595,1.2980270832777023
80,1,layer_9.mlp_down,0.39628955721855164,0.020090548160393164,0.008457295596599579,0.008701790124177933,0.021557561121881008,0.28666729032993316,1.3641044199466705,1.0981597527861595,1.2980270832777023
80,1,layer_10.attn_o,0.11135215312242508,0.00605666289966219,0.003308614483103156,0.008701790124177933,0.02231915129814297,0.3622751206159592,1.3641044199466705,1.0981597527861595,1.2980270832777023
80,1,layer_10.mlp_down,0.33031192421913147,0.009863642656680154,0.002566366223618388,0.008701790124177933,0.04160450361669064,0.37706714272499087,1.3641044199466705,1.0981597527861595,1.2980270832777023
80,1,layer_11.attn_o,0.10119935870170593,0.00421546538300236,0.005331797059625387,0.008701790124177933,0.021914472058415412,0.5134084731340408,1.3641044199466705,1.0981597527861595,1.2980270832777023
80,1,layer_11.mlp_down,0.4047371745109558,0.02259198365085125,0.011998492293059826,0.008701790124177933,0.025862205494195222,0.39114209413528445,1.3641044199466705,1.0981597527861595,1.2980270832777023
80,1,layer_12.attn_o,0.09973597526550293,0.0035937102892361497,0.005343434400856495,0.008701790124177933,0.02199291908182204,0.35540794730186465,1.3641044199466705,1.0981597527861595,1.2980270832777023
80,1,layer_12.mlp_down,0.36971214413642883,0.01373978030352759,0.004951372276991606,0.008701790124177933,0.023731427104212343,0.28956726640462876,1.3641044199466705,1.0981597527861595,1.2980270832777023
80,1,layer_13.attn_o,0.11298210173845291,0.0058666348837820076,0.002262386027723551,0.008701790124177933,0.013797501195222139,0.22183057367801667,1.3641044199466705,1.0981597527861595,1.2980270832777023
80,1,layer_13.mlp_down,0.39756983518600464,0.018911667872606407,0.005526202730834484,0.008701790124177933,0.022765114810317753,0.2609438091516495,1.3641044199466705,1.0981597527861595,1.2980270832777023
80,1,layer_14.attn_o,0.10073927044868469,0.0035187506279152703,0.009778635576367378,0.008701790124177933,0.0171509368243278,0.2503990277647972,1.3641044199466705,1.0981597527861595,1.2980270832777023
80,1,layer_14.mlp_down,0.39178481698036194,0.017552237482601478,-0.007431390695273876,0.008701790124177933,0.01854809414362535,0.3117099851369858,1.3641044199466705,1.0981597527861595,1.2980270832777023
80,1,layer_15.attn_o,0.11455820500850677,0.0062308608538408465,0.0022755980025976896,0.008701790124177933,0.02323953527957201,0.3864668071269989,1.3641044199466705,1.0981597527861595,1.2980270832777023
80,1,layer_15.mlp_down,0.3781316876411438,0.014856814061319232,-0.0029278192669153214,0.008701790124177933,0.011984953819774092,0.1813228316605091,1.3641044199466705,1.0981597527861595,1.2980270832777023
80,1,layer_16.attn_o,0.1069924533367157,0.00477939408215871,0.0022676349617540836,0.008701790124177933,0.0049022157210856674,0.21498279720544816,1.3641044199466705,1.0981597527861595,1.2980270832777023
80,1,layer_16.mlp_down,0.3543722331523895,0.010796709901693666,0.002655836520716548,0.008701790124177933,0.0037931672763079406,0.16456249356269836,1.3641044199466705,1.0981597527861595,1.2980270832777023
80,1,layer_17.attn_o,0.11858165264129639,0.006868356840280511,0.009187916293740273,0.008701790124177933,0.0037560399970971046,0.38191055953502656,1.3641044199466705,1.0981597527861595,1.2980270832777023
80,1,layer_17.mlp_down,0.3859604299068451,0.01564348370372638,8.534805238014087e-05,0.008701790124177933,0.008823667740216479,0.16704064682126046,1.3641044199466705,1.0981597527861595,1.2980270832777023
80,1,layer_18.attn_o,0.11357452720403671,0.005895497392504404,0.0007556771161034703,0.008701790124177933,0.004267465393058956,0.20263884142041205,1.3641044199466705,1.0981597527861595,1.2980270832777023
80,1,layer_18.mlp_down,0.38400277495384216,0.015250062538890916,-0.002285200636833906,0.008701790124177933,0.01275800783187151,0.2055409662425518,1.3641044199466705,1.0981597527861595,1.2980270832777023
80,1,layer_19.attn_o,0.12175757437944412,0.007002070494766531,0.004302869085222483,0.008701790124177933,0.002929448854411021,0.17250635623931884,1.3641044199466705,1.0981597527861595,1.2980270832777023
80,1,layer_19.mlp_down,0.3895573914051056,0.01614313383196916,0.008253716863691807,0.008701790124177933,0.012434677488636225,0.1860605299472809,1.3641044199466705,1.0981597527861595,1.2980270832777023
80,1,layer_20.attn_o,0.09496096521615982,0.0031001991269738304,0.005235254764556885,0.008701790124177933,0.008759705582633615,0.2921901926398277,1.3641044199466705,1.0981597527861595,1.2980270832777023
80,1,layer_20.mlp_down,0.4208223819732666,0.022705835321861673,0.015537652187049389,0.008701790124177933,0.019728482305072247,0.21874639242887498,1.3641044199466705,1.0981597527861595,1.2980270832777023
80,1,layer_21.attn_o,0.09527961164712906,0.0038487810832831043,0.042020659893751144,0.008701790124177933,0.01028850006405264,0.49910515546798706,1.3641044199466705,1.0981597527861595,1.2980270832777023
80,1,layer_21.mlp_down,0.36046016216278076,0.012158888646906596,0.011048308573663235,0.008701790124177933,0.020733621294493788,0.1506585381925106,1.3641044199466705,1.0981597527861595,1.2980270832777023
80,1,layer_22.attn_o,0.0949397161602974,0.0033749390219115984,0.009834680706262589,0.008701790124177933,0.01046930245065596,0.14915935769677163,1.3641044199466705,1.0981597527861595,1.2980270832777023
80,1,layer_22.mlp_down,0.3688715994358063,0.012844943939721055,0.004487345460802317,0.008701790124177933,0.02221820798877161,0.17194140553474427,1.3641044199466705,1.0981597527861595,1.2980270832777023
80,1,layer_23.attn_o,0.10088636726140976,0.0046098203238310225,0.007755620405077934,0.008701790124177933,0.017875635933160085,0.2623513892292976,1.3641044199466705,1.0981597527861595,1.2980270832777023
80,1,layer_23.mlp_down,0.35007622838020325,0.010800473680942741,0.012685645371675491,0.008701790124177933,0.0157570147770457,0.1842484474182129,1.3641044199466705,1.0981597527861595,1.2980270832777023
80,1,layer_24.attn_o,0.10868694633245468,0.005681166209339393,0.016868602484464645,0.008701790124177933,0.014406766556203366,0.380405193567276,1.3641044199466705,1.0981597527861595,1.2980270832777023
80,1,layer_24.mlp_down,0.39983227849006653,0.017734457623753936,0.015200939029455185,0.008701790124177933,0.027870023529976605,0.2019621342420578,1.3641044199466705,1.0981597527861595,1.2980270832777023
80,1,layer_25.attn_o,0.1084459200501442,0.0049849548485583735,0.00169656693469733,0.008701790124177933,0.02677802909165621,0.23893803879618644,1.3641044199466705,1.0981597527861595,1.2980270832777023
80,1,layer_25.mlp_down,0.4224780201911926,0.02296360227545687,0.03325137123465538,0.008701790124177933,0.04494280843064189,0.16702066585421563,1.3641044199466705,1.0981597527861595,1.2980270832777023
100,1,layer_0.attn_o,0.1066332757472992,0.005231243171640781,0.019672248512506485,0.011364763602614403,-0.005646971706300974,0.21446350067853928,1.3683911502361297,1.0788420140743256,1.3034439012408257
100,1,layer_0.mlp_down,0.3573113679885864,0.010975320769100278,-0.0014421911910176277,0.011364763602614403,0.00229259564075619,0.15305374059826135,1.3683911502361297,1.0788420140743256,1.3034439012408257
100,1,layer_1.attn_o,0.09659618884325027,0.004002537468004531,0.08844136446714401,0.011364763602614403,-0.02008985262364149,0.23665354102849961,1.3683911502361297,1.0788420140743256,1.3034439012408257
100,1,layer_1.mlp_down,0.40966758131980896,0.021785120722812273,0.004157216753810644,0.011364763602614403,-0.002096638473449275,0.15692234877496958,1.3683911502361297,1.0788420140743256,1.3034439012408257
100,1,layer_2.attn_o,0.10175540298223495,0.004471247129261837,0.018635142594575882,0.011364763602614403,-0.013610249315388501,0.20015344060957432,1.3683911502361297,1.0788420140743256,1.3034439012408257
100,1,layer_2.mlp_down,0.4041939079761505,0.021934736893721742,0.0067680529318749905,0.011364763602614403,-0.005584019562229514,0.1867924088612199,1.3683911502361297,1.0788420140743256,1.3034439012408257
100,1,layer_3.attn_o,0.09902194887399673,0.004399419585565925,0.02646161988377571,0.011364763602614403,-0.012049400014802814,0.20754440389573575,1.3683911502361297,1.0788420140743256,1.3034439012408257
100,1,layer_3.mlp_down,0.38327839970588684,0.017472451034760684,0.004268196411430836,0.011364763602614403,-0.0009249379392713309,0.16538140848278998,1.3683911502361297,1.0788420140743256,1.3034439012408257
100,1,layer_4.attn_o,0.11601313948631287,0.006308649663176622,0.015050919726490974,0.011364763602614403,-0.0016798179596662522,0.19786098040640354,1.3683911502361297,1.0788420140743256,1.3034439012408257
100,1,layer_4.mlp_down,0.34050700068473816,0.010763447463663686,0.03180575743317604,0.011364763602614403,0.01230681448651012,0.20163632407784463,1.3683911502361297,1.0788420140743256,1.3034439012408257
100,1,layer_5.attn_o,0.09252353757619858,0.003663190562464344,0.30733543634414673,0.011364763602614403,-0.008107445342466236,0.36318740956485274,1.3683911502361297,1.0788420140743256,1.3034439012408257
100,1,layer_5.mlp_down,0.3646843135356903,0.014706559267669717,0.013359665870666504,0.011364763602614403,0.006801437545800581,0.1588354477658868,1.3683911502361297,1.0788420140743256,1.3034439012408257
100,1,layer_6.attn_o,0.11504879593849182,0.0062575455645109785,0.004914053715765476,0.011364763602614403,0.008547616144642233,0.19136818274855613,1.3683911502361297,1.0788420140743256,1.3034439012408257
100,1,layer_6.mlp_down,0.3731321394443512,0.01596746633693231,0.007404323201626539,0.011364763602614403,0.012962509031058288,0.1928625550121069,1.3683911502361297,1.0788420140743256,1.3034439012408257
100,1,layer_7.attn_o,0.08791007101535797,0.0027810770809747103,0.00245031644590199,0.011364763602614403,0.01486975678417366,0.2760572321712971,1.3683911502361297,1.0788420140743256,1.3034439012408257
100,1,layer_7.mlp_down,0.3347017168998718,0.010945768930499786,0.021250499412417412,0.011364763602614403,0.027708808658644557,0.2234124019742012,1.3683911502361297,1.0788420140743256,1.3034439012408257
100,1,layer_8.attn_o,0.09269215166568756,0.002954773588160719,0.0020601002033799887,0.011364763602614403,0.02522728350595571,0.2366374395787716,1.3683911502361297,1.0788420140743256,1.3034439012408257
100,1,layer_8.mlp_down,0.33082616329193115,0.010726372390146104,0.017954938113689423,0.011364763602614403,0.018145687971264125,0.2620498605072498,1.3683911502361297,1.0788420140743256,1.3034439012408257
100,1,layer_9.attn_o,0.08866501599550247,0.002955436270843749,-0.0030580481979995966,0.011364763602614403,0.01507686940021813,0.3318390518426895,1.3683911502361297,1.0788420140743256,1.3034439012408257
100,1,layer_9.mlp_down,0.3782500922679901,0.019173288145406336,0.008236977271735668,0.011364763602614403,0.018348185456125064,0.32324566394090654,1.3683911502361297,1.0788420140743256,1.3034439012408257
100,1,layer_10.attn_o,0.10771755874156952,0.005858943408854479,0.006024224683642387,0.011364763602614403,0.017879743711091578,0.3965283423662186,1.3683911502361297,1.0788420140743256,1.3034439012408257
100,1,layer_10.mlp_down,0.3151121735572815,0.00940953940398877,0.00695568835362792,0.011364763602614403,0.022005733847618104,0.41284075379371643,1.3683911502361297,1.0788420140743256,1.3034439012408257
100,1,layer_11.attn_o,0.09490341693162918,0.003953195614098832,0.024609040468931198,0.011364763602614403,0.0040900553576648235,0.552006471157074,1.3683911502361297,1.0788420140743256,1.3034439012408257
100,1,layer_11.mlp_down,0.3885149359703064,0.02168197939371278,0.010060576722025871,0.011364763602614403,0.024474066018592568,0.4090349018573761,1.3683911502361297,1.0788420140743256,1.3034439012408257
100,1,layer_12.attn_o,0.09547039866447449,0.0034400056393044443,0.006856313906610012,0.011364763602614403,0.01702587688341737,0.37471680492162707,1.3683911502361297,1.0788420140743256,1.3034439012408257
100,1,layer_12.mlp_down,0.3557976484298706,0.013221988219741718,0.015168905258178711,0.011364763602614403,0.017819708201568574,0.3065761476755142,1.3683911502361297,1.0788420140743256,1.3034439012408257
100,1,layer_13.attn_o,0.11078538000583649,0.005752556240826167,0.007393688894808292,0.011364763602614403,0.016287703765556216,0.2557677000761032,1.3683911502361297,1.0788420140743256,1.3034439012408257
100,1,layer_13.mlp_down,0.3830849528312683,0.018220527617981288,0.0056791724637150764,0.011364763602614403,0.017736403457820415,0.26180684715509417,1.3683911502361297,1.0788420140743256,1.3034439012408257
100,1,layer_14.attn_o,0.09650560468435287,0.003370864301402739,0.0002550525823608041,0.011364763602614403,0.014755245529522653,0.2620447538793087,1.3683911502361297,1.0788420140743256,1.3034439012408257
100,1,layer_14.mlp_down,0.37940144538879395,0.01699570800232394,-0.0037564567755907774,0.011364763602614403,0.020255662850104272,0.31146874129772184,1.3683911502361297,1.0788420140743256,1.3034439012408257
100,1,layer_15.attn_o,0.11301319301128387,0.006146787574800596,0.0026308295782655478,0.011364763602614403,0.024008998833596706,0.4070611119270325,1.3683911502361297,1.0788420140743256,1.3034439012408257
100,1,layer_15.mlp_down,0.36570826172828674,0.014367852846380388,0.006272030528634787,0.011364763602614403,0.020299141702707857,0.17159220278263093,1.3683911502361297,1.0788420140743256,1.3034439012408257
100,1,layer_16.attn_o,0.10334068536758423,0.004616261514713604,0.0014854264445602894,0.011364763602614403,0.021423731883987784,0.18949505165219308,1.3683911502361297,1.0788420140743256,1.3034439012408257
100,1,layer_16.mlp_down,0.34147539734840393,0.010403466984034503,9.272882743971422e-05,0.011364763602614403,0.020927458947926424,0.1677100121974945,1.3683911502361297,1.0788420140743256,1.3034439012408257
100,1,layer_17.attn_o,0.10598518699407578,0.006138708621786426,0.014703555032610893,0.011364763602614403,0.02904286989942193,0.40156873464584353,1.3683911502361297,1.0788420140743256,1.3034439012408257
100,1,layer_17.mlp_down,0.3759843111038208,0.015238046473537274,-0.007278734818100929,0.011364763602614403,0.01970661417581141,0.17075763866305352,1.3683911502361297,1.0788420140743256,1.3034439012408257
100,1,layer_18.attn_o,0.10669322311878204,0.005538257243483436,0.008646523579955101,0.011364763602614403,0.01717858122428879,0.22172400504350662,1.3683911502361297,1.0788420140743256,1.3034439012408257
100,1,layer_18.mlp_down,0.3728332817554474,0.014805623611631466,-0.001545880688354373,0.011364763602614403,0.021988584962673485,0.21081129908561708,1.3683911502361297,1.0788420140743256,1.3034439012408257
100,1,layer_19.attn_o,0.12038904428482056,0.006923319301000107,-0.0008634115802124143,0.011364763602614403,0.01357472367817536,0.16893348693847657,1.3683911502361297,1.0788420140743256,1.3034439012408257
100,1,layer_19.mlp_down,0.37683695554733276,0.015614815739949975,-0.009592927992343903,0.011364763602614403,0.013589850155403838,0.18883249685168266,1.3683911502361297,1.0788420140743256,1.3034439012408257
100,1,layer_20.attn_o,0.09247909486293793,0.0030191689594738008,-0.0009254376636818051,0.011364763602614403,0.02833563117310405,0.30153897404670715,1.3683911502361297,1.0788420140743256,1.3034439012408257
100,1,layer_20.mlp_down,0.4085690379142761,0.02204058093942205,-0.0004901096108369529,0.011364763602614403,0.017617834557313472,0.23028198778629302,1.3683911502361297,1.0788420140743256,1.3034439012408257
100,1,layer_21.attn_o,0.09108010679483414,0.0036791347253237257,0.02475569024682045,0.011364763602614403,0.051839531678706405,0.46664505898952485,1.3683911502361297,1.0788420140743256,1.3034439012408257
100,1,layer_21.mlp_down,0.35277947783470154,0.011899319402374162,0.00021924979228060693,0.011364763602614403,0.01724107770714909,0.17458479404449462,1.3683911502361297,1.0788420140743256,1.3034439012408257
100,1,layer_22.attn_o,0.09219755232334137,0.003277459279976934,0.015953609719872475,0.011364763602614403,0.024178577796556057,0.17932235971093177,1.3683911502361297,1.0788420140743256,1.3034439012408257
100,1,layer_22.mlp_down,0.36253172159194946,0.012623583108944006,0.002139994641765952,0.011364763602614403,0.02175322314724326,0.20114877671003342,1.3683911502361297,1.0788420140743256,1.3034439012408257
100,1,layer_23.attn_o,0.09951959550380707,0.004547347548784687,0.016328491270542145,0.011364763602614403,0.03365959194488823,0.2969088345766068,1.3683911502361297,1.0788420140743256,1.3034439012408257
100,1,layer_23.mlp_down,0.34578126668930054,0.010667686508750648,0.005470506381243467,0.011364763602614403,0.03049899307079613,0.20585169792175292,1.3683911502361297,1.0788420140743256,1.3034439012408257
100,1,layer_24.attn_o,0.1075546070933342,0.005621927915946139,0.030223481357097626,0.011364763602614403,0.05919320898246951,0.3880606099963188,1.3683911502361297,1.0788420140743256,1.3034439012408257
100,1,layer_24.mlp_down,0.3931441903114319,0.017435941745801382,0.020704952999949455,0.011364763602614403,0.05199301149696112,0.2408834755420685,1.3683911502361297,1.0788420140743256,1.3034439012408257
100,1,layer_25.attn_o,0.10817134380340576,0.004972316346386126,0.001783317537046969,0.011364763602614403,0.10560124970506876,0.29420613348484037,1.3683911502361297,1.0788420140743256,1.3034439012408257
100,1,layer_25.mlp_down,0.4150792062282562,0.0225563779116253,0.04680463671684265,0.011364763602614403,0.08362625527661294,0.15818796472158284,1.3683911502361297,1.0788420140743256,1.3034439012408257
120,1,layer_0.attn_o,0.10124459117650986,0.004966858111009822,0.20510011911392212,0.00828442070633173,-0.03638790793484077,0.10944858784787356,1.3052615761756896,1.060398742556572,1.3061982914805412
120,1,layer_0.mlp_down,0.33293458819389343,0.010226238583962955,0.0008947184542194009,0.00828442070633173,-0.004206415642693173,0.08029670733958483,1.3052615761756896,1.060398742556572,1.3061982914805412
120,1,layer_1.attn_o,0.09254883974790573,0.0038348197124435635,0.09655497968196869,0.00828442070633173,-0.04327418790198863,0.13686150796711444,1.3052615761756896,1.060398742556572,1.3061982914805412
120,1,layer_1.mlp_down,0.4053104519844055,0.021549526451634788,-0.00014524547441396862,0.00828442070633173,-0.0029119668470229954,0.0808982003480196,1.3052615761756896,1.060398742556572,1.3061982914805412
120,1,layer_2.attn_o,0.09713399410247803,0.004268165765742021,0.0569639690220356,0.00828442070633173,-0.011134150816360489,0.1299766767770052,1.3052615761756896,1.060398742556572,1.3061982914805412
120,1,layer_2.mlp_down,0.4097180664539337,0.02223043911867231,0.02859640121459961,0.00828442070633173,-0.014484050683677197,0.12139003425836563,1.3052615761756896,1.060398742556572,1.3061982914805412
120,1,layer_3.attn_o,0.09561812877655029,0.004248181016302003,0.013670726679265499,0.00828442070633173,-0.00600339537486434,0.13438220508396626,1.3052615761756896,1.060398742556572,1.3061982914805412
120,1,layer_3.mlp_down,0.37563446164131165,0.017122106252607978,-0.005329151637852192,0.00828442070633173,-0.009733051375951618,0.09092765771783888,1.3052615761756896,1.060398742556572,1.3061982914805412
120,1,layer_4.attn_o,0.11144369840621948,0.006060140878070187,0.010451072826981544,0.00828442070633173,-0.006219011929351837,0.13432435430586337,1.3052615761756896,1.060398742556572,1.3061982914805412
120,1,layer_4.mlp_down,0.3242543339729309,0.010249396244631337,0.005697594955563545,0.00828442070633173,-0.008869814651552588,0.14856840521097184,1.3052615761756896,1.060398742556572,1.3061982914805412
120,1,layer_5.attn_o,0.08837618678808212,0.003498979197797799,0.09420894086360931,0.00828442070633173,0.024372654501348734,0.3150554083287716,1.3052615761756896,1.060398742556572,1.3061982914805412
120,1,layer_5.mlp_down,0.34894829988479614,0.014071116495762433,0.011388585902750492,0.00828442070633173,-0.009616336738690733,0.1019483208656311,1.3052615761756896,1.060398742556572,1.3061982914805412
120,1,layer_6.attn_o,0.10740652680397034,0.0058418252425317995,0.009965957142412663,0.00828442070633173,-0.0084844418335706,0.1580209717154503,1.3052615761756896,1.060398742556572,1.3061982914805412
120,1,layer_6.mlp_down,0.35441848635673523,0.015165496949268812,0.04036731272935867,0.00828442070633173,-0.0074800698494073,0.15713510289788246,1.3052615761756896,1.060398742556572,1.3061982914805412
120,1,layer_7.attn_o,0.08211063593626022,0.0025976062044867263,0.027103418484330177,0.00828442070633173,-0.005140981869772077,0.23188942298293114,1.3052615761756896,1.060398742556572,1.3061982914805412
120,1,layer_7.mlp_down,0.3160441517829895,0.010335320721606436,0.03935801610350609,0.00828442070633173,-0.00678159617818892,0.19524175599217414,1.3052615761756896,1.060398742556572,1.3061982914805412
120,1,layer_8.attn_o,0.08598940074443817,0.002741104626464062,0.015786919742822647,0.00828442070633173,-0.0027469641529023646,0.22861921340227126,1.3052615761756896,1.060398742556572,1.3061982914805412
120,1,layer_8.mlp_down,0.31235459446907043,0.010127185247412138,0.009677095338702202,0.00828442070633173,-0.004519223980605602,0.24781398028135299,1.3052615761756896,1.060398742556572,1.3061982914805412
120,1,layer_9.attn_o,0.08564621210098267,0.002854808213820986,0.00267704832367599,0.00828442070633173,-0.0010697392746806145,0.33049101531505587,1.3052615761756896,1.060398742556572,1.3061982914805412
120,1,layer_9.mlp_down,0.36258384585380554,0.018376753117258848,0.005327667109668255,0.00828442070633173,-0.0034002672880887987,0.31594237238168715,1.3052615761756896,1.060398742556572,1.3061982914805412
120,1,layer_10.attn_o,0.10240228474140167,0.0055698168616663095,0.0010543469106778502,0.00828442070633173,0.001345374039374292,0.3866738125681877,1.3052615761756896,1.060398742556572,1.3061982914805412
120,1,layer_10.mlp_down,0.3007713854312897,0.008981122037196155,-0.006591584999114275,0.00828442070633173,-0.030595551803708078,0.41705420762300494,1.3052615761756896,1.060398742556572,1.3061982914805412
120,1,layer_11.attn_o,0.08948856592178345,0.003727624653507819,0.026956956833600998,0.00828442070633173,-0.011510314606130122,0.5418295711278915,1.3052615761756896,1.060398742556572,1.3061982914805412
120,1,layer_11.mlp_down,0.3741607069969177,0.02087733486252915,0.014051126316189766,0.00828442070633173,-0.00018177470192313195,0.4168043792247772,1.3052615761756896,1.060398742556572,1.3061982914805412
120,1,layer_12.attn_o,0.09040103107690811,0.003257344428893567,0.0035908245481550694,0.00828442070633173,-0.005953596057952382,0.3727786660194397,1.3052615761756896,1.060398742556572,1.3061982914805412
120,1,layer_12.mlp_down,0.3391140401363373,0.012601388718390883,-0.0020174800883978605,0.00828442070633173,-0.00046144202351570127,0.2986084073781967,1.3052615761756896,1.060398742556572,1.3061982914805412
120,1,layer_13.attn_o,0.10546410828828812,0.005476215445937338,0.000128246407257393,0.00828442070633173,-0.0033911437029019,0.277676972001791,1.3052615761756896,1.060398742556572,1.3061982914805412
120,1,layer_13.mlp_down,0.3648785650730133,0.01735279248349419,0.002436099573969841,0.00828442070633173,-0.003487775195389986,0.2781264320015907,1.3052615761756896,1.060398742556572,1.3061982914805412
120,1,layer_14.attn_o,0.09105659276247025,0.0031805297591644215,-0.0008020093664526939,0.00828442070633173,-0.0045157519372878594,0.2958648480474949,1.3052615761756896,1.060398742556572,1.3061982914805412
120,1,layer_14.mlp_down,0.3602587878704071,0.01613684440536591,-0.008516166359186172,0.00828442070633173,-0.008774850677582435,0.32355635315179826,1.3052615761756896,1.060398742556572,1.3061982914805412
120,1,layer_15.attn_o,0.10782643407583237,0.005864656028248366,-0.0007191059412434697,0.00828442070633173,-0.013734375219792127,0.4144629940390587,1.3052615761756896,1.060398742556572,1.3061982914805412
120,1,layer_15.mlp_down,0.34680208563804626,0.013624230573084458,-0.010852065868675709,0.00828442070633173,-0.012770459474995732,0.1945963315665722,1.3052615761756896,1.060398742556572,1.3061982914805412
120,1,layer_16.attn_o,0.09865231066942215,0.004406818300277314,-0.008706849999725819,0.00828442070633173,-0.016442446457222103,0.23133156821131706,1.3052615761756896,1.060398742556572,1.3061982914805412
120,1,layer_16.mlp_down,0.32451945543289185,0.009886680030657754,-0.011587237939238548,0.00828442070633173,-0.003921907569747418,0.17792373895645142,1.3052615761756896,1.060398742556572,1.3061982914805412
120,1,layer_17.attn_o,0.11001122742891312,0.0063718620493589,-0.02939383126795292,0.00828442070633173,-0.01394982890560641,0.3919228434562683,1.3052615761756896,1.060398742556572,1.3061982914805412
120,1,layer_17.mlp_down,0.35561230778694153,0.014411484712104442,-0.0071237459778785706,0.00828442070633173,-0.001975884521380067,0.1857571095228195,1.3052615761756896,1.060398742556572,1.3061982914805412
120,1,layer_18.attn_o,0.1058846116065979,0.005496251538561174,-0.007621591445058584,0.00828442070633173,-0.003731789765879512,0.1952382531017065,1.3052615761756896,1.060398742556572,1.3061982914805412
120,1,layer_18.mlp_down,0.34824860095977783,0.013828601255629123,0.006991679780185223,0.00828442070633173,-0.0008914883830584586,0.23454660810530187,1.3052615761756896,1.060398742556572,1.3061982914805412
120,1,layer_19.attn_o,0.11590620130300522,0.006665427631250228,0.00041618378600105643,0.00828442070633173,0.0005029953550547362,0.20681401677429676,1.3052615761756896,1.060398742556572,1.3061982914805412
120,1,layer_19.mlp_down,0.34968477487564087,0.014488781174872678,0.006283404305577278,0.00828442070633173,0.0012363023968646302,0.21698674708604812,1.3052615761756896,1.060398742556572,1.3061982914805412
120,1,layer_20.attn_o,0.08489391207695007,0.0027715287876189597,0.003335068002343178,0.00828442070633173,-0.0016169850016012788,0.31634709164500235,1.3052615761756896,1.060398742556572,1.3061982914805412
120,1,layer_20.mlp_down,0.3783167898654938,0.020405156141191375,0.014751050621271133,0.00828442070633173,0.00438045768532902,0.2580938257277012,1.3052615761756896,1.060398742556572,1.3061982914805412
120,1,layer_21.attn_o,0.08597034215927124,0.003472718206846135,0.04971887171268463,0.00828442070633173,0.0009860423568170517,0.48092188537120817,1.3052615761756896,1.060398742556572,1.3061982914805412
120,1,layer_21.mlp_down,0.32128652930259705,0.010836759908496845,0.010940167121589184,0.00828442070633173,-0.0016513159032911062,0.1826930157840252,1.3052615761756896,1.060398742556572,1.3061982914805412
120,1,layer_22.attn_o,0.08487559109926224,0.003017167762645699,0.013170484453439713,0.00828442070633173,0.0013779735250864177,0.20826019980013372,1.3052615761756896,1.060398742556572,1.3061982914805412
120,1,layer_22.mlp_down,0.32770809531211853,0.011410607654059662,0.015272530727088451,0.00828442070633173,-0.0009118418209254741,0.20378633737564086,1.3052615761756896,1.060398742556572,1.3061982914805412
120,1,layer_23.attn_o,0.0986313745379448,0.004506743619681806,0.018010860309004784,0.00828442070633173,-0.006763037759810686,0.29635956734418867,1.3052615761756896,1.060398742556572,1.3061982914805412
120,1,layer_23.mlp_down,0.31098365783691406,0.009593903868312112,0.0022246241569519043,0.00828442070633173,0.0012284886208362878,0.21308853849768639,1.3052615761756896,1.060398742556572,1.3061982914805412
120,1,layer_24.attn_o,0.09917708486318588,0.005184006751988521,0.023420752957463264,0.00828442070633173,0.0029153159237466754,0.40968164056539536,1.3052615761756896,1.060398742556572,1.3061982914805412
120,1,layer_24.mlp_down,0.35532718896865845,0.015757302480525103,0.0407366007566452,0.00828442070633173,0.02071947609074414,0.23339945524930955,1.3052615761756896,1.060398742556572,1.3061982914805412
120,1,layer_25.attn_o,0.09579116106033325,0.004403216704536126,0.03319477662444115,0.00828442070633173,0.0420727841090411,0.25463588871061804,1.3052615761756896,1.060398742556572,1.3061982914805412
120,1,layer_25.mlp_down,0.3801443576812744,0.020654005799967127,0.014161283150315285,0.00828442070633173,0.019563357066363096,0.1370188970118761,1.3052615761756896,1.060398742556572,1.3061982914805412
140,1,layer_0.attn_o,0.09510792046785355,0.004665798276059952,-0.04446848854422569,0.0334516279399395,-0.0009403939067851752,0.14848866797983645,1.2986102461814881,1.0356058850884438,1.3025438413023949
140,1,layer_0.mlp_down,0.30830517411231995,0.009469550648518161,0.006725062616169453,0.0334516279399395,-0.0009189036936732009,0.0754652819596231,1.2986102461814881,1.0356058850884438,1.3025438413023949
140,1,layer_1.attn_o,0.08852806687355042,0.0036682106471057608,-0.05961833521723747,0.0334516279399395,0.0027105165645480156,0.13977868109941483,1.2986102461814881,1.0356058850884438,1.3025438413023949
140,1,layer_1.mlp_down,0.36829182505607605,0.019577998328947403,-0.0022532856091856956,0.0334516279399395,-0.002419817255122325,0.07884052386507392,1.2986102461814881,1.0356058850884438,1.3025438413023949
140,1,layer_2.attn_o,0.09097958356142044,0.003997730397486475,-0.018462074920535088,0.0334516279399395,-0.007374315115157515,0.12447145022451878,1.2986102461814881,1.0356058850884438,1.3025438413023949
140,1,layer_2.mlp_down,0.3685868978500366,0.019995088031049782,0.018658870831131935,0.0334516279399395,-0.007912000334181357,0.1148201672360301,1.2986102461814881,1.0356058850884438,1.3025438413023949
140,1,layer_3.attn_o,0.08943776786327362,0.0039735863766099805,-0.0041465614922344685,0.0334516279399395,-0.0032494239159859715,0.13417139146476983,1.2986102461814881,1.0356058850884438,1.3025438413023949
140,1,layer_3.mlp_down,0.3518865704536438,0.016038048526921717,0.010446678847074509,0.0334516279399395,-0.00622939394088462,0.09489388279616832,1.2986102461814881,1.0356058850884438,1.3025438413023949
140,1,layer_4.attn_o,0.10663165152072906,0.005798440732281627,-0.02651168592274189,0.0334516279399395,-0.0019528455217368902,0.1405513972043991,1.2986102461814881,1.0356058850884438,1.3025438413023949
140,1,layer_4.mlp_down,0.30930477380752563,0.00977662088261033,-0.0073664006777107716,0.0334516279399395,-0.012126981187611819,0.154522368311882,1.2986102461814881,1.0356058850884438,1.3025438413023949
140,1,layer_5.attn_o,0.08638016134500504,0.0034199497030315985,-0.17881348729133606,0.0334516279399395,0.01528294151648879,0.26793293133378027,1.2986102461814881,1.0356058850884438,1.3025438413023949
140,1,layer_5.mlp_down,0.3382503092288971,0.013639129987621677,0.008064549416303635,0.0334516279399395,-0.004151495383121073,0.09670880939811469,1.2986102461814881,1.0356058850884438,1.3025438413023949
140,1,layer_6.attn_o,0.10439576208591461,0.005678044862185318,0.0002347789704799652,0.0334516279399395,0.002454384829616174,0.14424760155379773,1.2986102461814881,1.0356058850884438,1.3025438413023949
140,1,layer_6.mlp_down,0.34484854340553284,0.014754990634087096,0.00983307883143425,0.0334516279399395,-0.001714669121429324,0.13883260563015937,1.2986102461814881,1.0356058850884438,1.3025438413023949
140,1,layer_7.attn_o,0.07917116582393646,0.002504613561228181,0.0017069302266463637,0.0334516279399395,0.0044116363045759496,0.20447771959006786,1.2986102461814881,1.0356058850884438,1.3025438413023949
140,1,layer_7.mlp_down,0.3062995672225952,0.010016432639975802,0.020646270364522934,0.0334516279399395,-0.006270129699259996,0.1701878637075424,1.2986102461814881,1.0356058850884438,1.3025438413023949
140,1,layer_8.attn_o,0.08241607248783112,0.0026271934353296464,0.012613809667527676,0.0334516279399395,0.003841990738874301,0.2051976475864649,1.2986102461814881,1.0356058850884438,1.3025438413023949
140,1,layer_8.mlp_down,0.2998376786708832,0.00972116844728897,0.031131519004702568,0.0334516279399395,-0.00593162786681205,0.2148314319550991,1.2986102461814881,1.0356058850884438,1.3025438413023949
140,1,layer_9.attn_o,0.0813111811876297,0.0027103061920362125,0.011088606901466846,0.0334516279399395,0.006410665926887304,0.288419683277607,1.2986102461814881,1.0356058850884438,1.3025438413023949
140,1,layer_9.mlp_down,0.3504367172718048,0.01775923515478486,0.01941322721540928,0.0334516279399395,0.006122688122559339,0.28661057651042937,1.2986102461814881,1.0356058850884438,1.3025438413023949
140,1,layer_10.attn_o,0.09769311547279358,0.00531365038097539,0.009254260919988155,0.0334516279399395,0.01341334180906415,0.3619536504149437,1.2986102461814881,1.0356058850884438,1.3025438413023949
140,1,layer_10.mlp_down,0.29089727997779846,0.008686140814520044,0.24273419380187988,0.0334516279399395,-0.005770659446716309,0.3879177510738373,1.2986102461814881,1.0356058850884438,1.3025438413023949
140,1,layer_11.attn_o,0.08498828858137131,0.003540163872453388,0.07157652080059052,0.0334516279399395,0.02309459538664669,0.5699970990419387,1.2986102461814881,1.0356058850884438,1.3025438413023949
140,1,layer_11.mlp_down,0.3611873388290405,0.020150200867612468,0.037684857845306396,0.0334516279399395,0.017581836227327584,0.3853306084871292,1.2986102461814881,1.0356058850884438,1.3025438413023949
140,1,layer_12.attn_o,0.08767689019441605,0.003159184057360785,0.009693815372884274,0.0334516279399395,0.015304770250804723,0.34684005528688433,1.2986102461814881,1.0356058850884438,1.3025438413023949
140,1,layer_12.mlp_down,0.32633617520332336,0.012126136881983038,0.029586344957351685,0.0334516279399395,0.019640145357698202,0.2761565789580345,1.2986102461814881,1.0356058850884438,1.3025438413023949
140,1,layer_13.attn_o,0.10088638216257095,0.005238524125096155,0.0074168299324810505,0.0334516279399395,0.008587355900090188,0.2403770789504051,1.2986102461814881,1.0356058850884438,1.3025438413023949
140,1,layer_13.mlp_down,0.35107919573783875,0.016694923729539908,0.018889153376221657,0.0334516279399395,0.014589660137426108,0.24265882521867752,1.2986102461814881,1.0356058850884438,1.3025438413023949
140,1,layer_14.attn_o,0.08523747324943542,0.0029772664897942157,0.011907149106264114,0.0334516279399395,0.005206334521062672,0.2708033561706543,1.2986102461814881,1.0356058850884438,1.3025438413023949
140,1,layer_14.mlp_down,0.34893089532852173,0.01562831035364075,0.02467232011258602,0.0334516279399395,0.01393454778008163,0.2905817970633507,1.2986102461814881,1.0356058850884438,1.3025438413023949
140,1,layer_15.attn_o,0.10224296152591705,0.00556094103233619,0.03976713493466377,0.0334516279399395,0.020818778406828643,0.43219042420387266,1.2986102461814881,1.0356058850884438,1.3025438413023949
140,1,layer_15.mlp_down,0.33581966161727905,0.01319216176423707,0.02306162752211094,0.0334516279399395,0.01582056828774512,0.1807289108633995,1.2986102461814881,1.0356058850884438,1.3025438413023949
140,1,layer_16.attn_o,0.09790176898241043,0.004373283256694405,0.01312587782740593,0.0334516279399395,0.012008997891098262,0.2088370904326439,1.2986102461814881,1.0356058850884438,1.3025438413023949
140,1,layer_16.mlp_down,0.3137865662574768,0.009559503919514982,0.03166200965642929,0.0334516279399395,0.009782404208090156,0.16061134189367293,1.2986102461814881,1.0356058850884438,1.3025438413023949
140,1,layer_17.attn_o,0.10575126856565475,0.006125092973607363,0.028864486142992973,0.0334516279399395,0.0020933616673573852,0.4479126065969467,1.2986102461814881,1.0356058850884438,1.3025438413023949
140,1,layer_17.mlp_down,0.34472623467445374,0.013969613505265368,0.04292619600892067,0.0334516279399395,0.007699080670136027,0.17408133223652839,1.2986102461814881,1.0356058850884438,1.3025438413023949
140,1,layer_18.attn_o,0.10322234779596329,0.005358024440519903,0.011364107020199299,0.0334516279399395,0.002316679559169188,0.21729417368769646,1.2986102461814881,1.0356058850884438,1.3025438413023949
140,1,layer_18.mlp_down,0.3423738479614258,0.013594753391956796,0.034004222601652145,0.0334516279399395,0.010354767320677638,0.21520016491413116,1.2986102461814881,1.0356058850884438,1.3025438413023949
140,1,layer_19.attn_o,0.1130952388048172,0.006503713885669261,0.024109849706292152,0.0334516279399395,0.0025706316402647643,0.18460842445492745,1.2986102461814881,1.0356058850884438,1.3025438413023949
140,1,layer_19.mlp_down,0.34518304467201233,0.01430150336601284,0.02550731599330902,0.0334516279399395,0.012513850163668395,0.18863828480243683,1.2986102461814881,1.0356058850884438,1.3025438413023949
140,1,layer_20.attn_o,0.08155601471662521,0.0026625544056787303,0.023292988538742065,0.0334516279399395,0.0026249507442116736,0.3177669197320938,1.2986102461814881,1.0356058850884438,1.3025438413023949
140,1,layer_20.mlp_down,0.3741146922111511,0.02017557194372813,0.03653491288423538,0.0334516279399395,0.007562328618951142,0.25210372656583785,1.2986102461814881,1.0356058850884438,1.3025438413023949
140,1,layer_21.attn_o,0.08026538789272308,0.0032422634023433,0.08483607321977615,0.0334516279399395,0.018721971195191145,0.5348391503095626,1.2986102461814881,1.0356058850884438,1.3025438413023949
140,1,layer_21.mlp_down,0.3212803900241852,0.010836340207594542,0.03131813928484917,0.0334516279399395,0.006495919765802683,0.17334446609020232,1.2986102461814881,1.0356058850884438,1.3025438413023949
140,1,layer_22.attn_o,0.08098891377449036,0.0028789986124209163,0.028336316347122192,0.0334516279399395,0.005225235530815553,0.1715143010020256,1.2986102461814881,1.0356058850884438,1.3025438413023949
140,1,layer_22.mlp_down,0.32594504952430725,0.01134889380893843,0.030618097633123398,0.0334516279399395,0.0053024216264020655,0.19868434816598893,1.2986102461814881,1.0356058850884438,1.3025438413023949
140,1,layer_23.attn_o,0.09134101122617722,0.004173606141347274,0.035170599818229675,0.0334516279399395,0.003822628172929399,0.3147667035460472,1.2986102461814881,1.0356058850884438,1.3025438413023949
140,1,layer_23.mlp_down,0.3097575604915619,0.009555907600492792,0.028938036412000656,0.0334516279399395,0.00894385778810829,0.20842395275831221,1.2986102461814881,1.0356058850884438,1.3025438413023949
140,1,layer_24.attn_o,0.09735498577356339,0.0050887175662119675,0.05146380886435509,0.0334516279399395,0.012047089223051444,0.40309501588344576,1.2986102461814881,1.0356058850884438,1.3025438413023949
140,1,layer_24.mlp_down,0.3524106442928314,0.015626675664012626,0.04610219597816467,0.0334516279399395,0.022617867030203343,0.22346211969852448,1.2986102461814881,1.0356058850884438,1.3025438413023949
140,1,layer_25.attn_o,0.09455913305282593,0.004346566362743081,0.0415840670466423,0.0334516279399395,0.03372326474636793,0.28169531673192977,1.2986102461814881,1.0356058850884438,1.3025438413023949
140,1,layer_25.mlp_down,0.37174034118652344,0.02019406502812309,0.027409346774220467,0.0334516279399395,0.05168894366361201,0.12203999231569469,1.2986102461814881,1.0356058850884438,1.3025438413023949
160,1,layer_0.attn_o,0.09227070212364197,0.004526594528516064,-0.08579964190721512,-0.019906485453248024,-0.05020071417093277,0.13092294458765535,1.1839049577713012,1.0244217365980148,1.2982673570513725
160,1,layer_0.mlp_down,0.2979241609573364,0.009150547024377148,-0.004423166625201702,-0.019906485453248024,-0.008992093009874224,0.07962637357413768,1.1839049577713012,1.0244217365980148,1.2982673570513725
160,1,layer_1.attn_o,0.08841906487941742,0.0036636816370946585,0.009477835148572922,-0.019906485453248024,-0.02546927221119404,0.13663874007761478,1.1839049577713012,1.0244217365980148,1.2982673570513725
160,1,layer_1.mlp_down,0.3641483187675476,0.01935524751875901,0.0010723322629928589,-0.019906485453248024,-0.0009603855520254001,0.07592244260013103,1.1839049577713012,1.0244217365980148,1.2982673570513725
160,1,layer_2.attn_o,0.08946876227855682,0.003931343786837267,0.011494824662804604,-0.019906485453248024,-0.008783638197928666,0.11733313202857971,1.1839049577713012,1.0244217365980148,1.2982673570513725
160,1,layer_2.mlp_down,0.37153390049934387,0.02015190222853459,-0.018091930076479912,-0.019906485453248024,-0.003980586817488074,0.11958667896687984,1.1839049577713012,1.0244217365980148,1.2982673570513725
160,1,layer_3.attn_o,0.08634606748819351,0.0038362169964607303,0.0012890794314444065,-0.019906485453248024,-0.0048796807182952765,0.1298678144812584,1.1839049577713012,1.0244217365980148,1.2982673570513725
160,1,layer_3.mlp_down,0.34042856097221375,0.015514618704785746,-0.006206025369465351,-0.019906485453248024,-0.0076448311097919944,0.08659898079931735,1.1839049577713012,1.0244217365980148,1.2982673570513725
160,1,layer_4.attn_o,0.10110361129045486,0.005497814577403399,0.012680022045969963,-0.019906485453248024,-0.01481026332185138,0.1202416643500328,1.1839049577713012,1.0244217365980148,1.2982673570513725
160,1,layer_4.mlp_down,0.2947838008403778,0.009317443868335436,0.003838441800326109,-0.019906485453248024,-0.011509099719114601,0.1270718526095152,1.1839049577713012,1.0244217365980148,1.2982673570513725
160,1,layer_5.attn_o,0.08025365322828293,0.003177384202842905,0.13293597102165222,-0.019906485453248024,-0.04848210215568542,0.2997461408376694,1.1839049577713012,1.0244217365980148,1.2982673570513725
160,1,layer_5.mlp_down,0.3203815221786499,0.012918041871229267,0.00480633182451129,-0.019906485453248024,-0.0010371193231549114,0.07731382995843887,1.1839049577713012,1.0244217365980148,1.2982673570513725
160,1,layer_6.attn_o,0.09774870425462723,0.005316497979748074,0.0013992340536788106,-0.019906485453248024,0.0012503397651016713,0.11813523930031807,1.1839049577713012,1.0244217365980148,1.2982673570513725
160,1,layer_6.mlp_down,0.32162532210350037,0.0137604870343228,0.01549589354544878,-0.019906485453248024,-0.0017595478799194097,0.11296311486512423,1.1839049577713012,1.0244217365980148,1.2982673570513725
160,1,layer_7.attn_o,0.07441288232803345,0.0023540835196876842,0.011781304143369198,-0.019906485453248024,-0.0027219976211199535,0.19228251832537352,1.1839049577713012,1.0244217365980148,1.2982673570513725
160,1,layer_7.mlp_down,0.2859199643135071,0.00934986284672034,0.004834019113332033,-0.019906485453248024,-0.006494896585354582,0.14167374856770037,1.1839049577713012,1.0244217365980148,1.2982673570513725
160,1,layer_8.attn_o,0.07720465213060379,0.0024610681080043887,-0.0006600292399525642,-0.019906485453248024,-0.00464553136844188,0.16846639476716518,1.1839049577713012,1.0244217365980148,1.2982673570513725
160,1,layer_8.mlp_down,0.2820424437522888,0.0091440652903396,0.010883363895118237,-0.019906485453248024,-0.007455333962570876,0.17987224459648132,1.1839049577713012,1.0244217365980148,1.2982673570513725
160,1,layer_9.attn_o,0.07560712099075317,0.0025201745568321486,-0.0011662698816508055,-0.019906485453248024,-0.004924539756029844,0.2315909905359149,1.1839049577713012,1.0244217365980148,1.2982673570513725
160,1,layer_9.mlp_down,0.32789546251296997,0.016615239872904575,-0.02144763432443142,-0.019906485453248024,-0.005940241334246821,0.24756709337234498,1.1839049577713012,1.0244217365980148,1.2982673570513725
160,1,layer_10.attn_o,0.09198381006717682,0.005003085593094961,-0.0042429231107234955,-0.019906485453248024,-0.011965171620249748,0.3190359801054001,1.1839049577713012,1.0244217365980148,1.2982673570513725
160,1,layer_10.mlp_down,0.2712370455265045,0.008098961495366014,0.0021213542204350233,-0.019906485453248024,-0.010620131599716842,0.3360932171344757,1.1839049577713012,1.0244217365980148,1.2982673570513725
160,1,layer_11.attn_o,0.08067142963409424,0.0033603342818578795,-0.019549593329429626,-0.019906485453248024,-0.01898641192819923,0.4915869563817978,1.1839049577713012,1.0244217365980148,1.2982673570513725
160,1,layer_11.mlp_down,0.3378962576389313,0.018848214579246535,-0.022170331329107285,-0.019906485453248024,-0.0027545175049453973,0.33334067463874817,1.1839049577713012,1.0244217365980148,1.2982673570513725
160,1,layer_12.attn_o,0.0799836665391922,0.0028819828951302845,-0.011194291524589062,-0.019906485453248024,-0.003984873497392983,0.2883734002709389,1.1839049577713012,1.0244217365980148,1.2982673570513725
160,1,layer_12.mlp_down,0.30567651987075806,0.011358077566237152,-0.02806292660534382,-0.019906485453248024,-0.0018773010233417153,0.22260033935308457,1.1839049577713012,1.0244217365980148,1.2982673570513725
160,1,layer_13.attn_o,0.09399545192718506,0.004880713626043062,-0.001370298326946795,-0.019906485453248024,-0.009112137206830084,0.18015194684267044,1.1839049577713012,1.0244217365980148,1.2982673570513725
160,1,layer_13.mlp_down,0.3281847834587097,0.015605133736189832,-0.01880706287920475,-0.019906485453248024,-0.007753960369154811,0.19852216988801957,1.1839049577713012,1.0244217365980148,1.2982673570513725
160,1,layer_14.attn_o,0.07967796176671982,0.002783072864392736,-0.008562969975173473,-0.019906485453248024,-0.006020254176110029,0.2174009844660759,1.1839049577713012,1.0244217365980148,1.2982673570513725
160,1,layer_14.mlp_down,0.325168639421463,0.014563062931368822,-0.014649261720478535,-0.019906485453248024,0.0023379374528303743,0.24498597532510757,1.1839049577713012,1.0244217365980148,1.2982673570513725
160,1,layer_15.attn_o,0.09449317306280136,0.005139403713874273,-0.013992738910019398,-0.019906485453248024,-0.005026509001618251,0.35234209448099135,1.1839049577713012,1.0244217365980148,1.2982673570513725
160,1,layer_15.mlp_down,0.3093797266483307,0.012152998517775572,-0.028399929404258728,-0.019906485453248024,0.011300577502697706,0.13193173483014106,1.1839049577713012,1.0244217365980148,1.2982673570513725
160,1,layer_16.attn_o,0.08897722512483597,0.003974618794579855,-0.006101127248257399,-0.019906485453248024,0.012430446804501116,0.17055389881134034,1.1839049577713012,1.0244217365980148,1.2982673570513725
160,1,layer_16.mlp_down,0.28892242908477783,0.008801883259470067,-0.028010010719299316,-0.019906485453248024,0.00040672749746590854,0.10859768092632294,1.1839049577713012,1.0244217365980148,1.2982673570513725
160,1,layer_17.attn_o,0.09979589283466339,0.0057801198143505985,0.0013477810425683856,-0.019906485453248024,0.0005995999206788837,0.3431187242269516,1.1839049577713012,1.0244217365980148,1.2982673570513725
160,1,layer_17.mlp_down,0.3190021812915802,0.012926528935267677,-0.03641609102487564,-0.019906485453248024,-0.0020019992720335723,0.11739768236875534,1.1839049577713012,1.0244217365980148,1.2982673570513725
160,1,layer_18.attn_o,0.09657604992389679,0.005013010713631311,-0.006446971092373133,-0.019906485453248024,-0.0007879038865212351,0.13651590831577778,1.1839049577713012,1.0244217365980148,1.2982673570513725
160,1,layer_18.mlp_down,0.31705501675605774,0.012588885670464182,-0.02284589223563671,-0.019906485453248024,-0.0028513531666249036,0.15713352039456369,1.1839049577713012,1.0244217365980148,1.2982673570513725
160,1,layer_19.attn_o,0.10782582312822342,0.006200648668086868,-0.006995290983468294,-0.019906485453248024,-0.0019849229662213474,0.1347015306353569,1.1839049577713012,1.0244217365980148,1.2982673570513725
160,1,layer_19.mlp_down,0.32016289234161377,0.013264238797378742,-0.010825105011463165,-0.019906485453248024,0.0008956243982538581,0.14295821636915207,1.1839049577713012,1.0244217365980148,1.2982673570513725
160,1,layer_20.attn_o,0.07672138512134552,0.0025047165106629014,-0.020749876275658607,-0.019906485453248024,0.001370968436822295,0.2531604677438736,1.1839049577713012,1.0244217365980148,1.2982673570513725
160,1,layer_20.mlp_down,0.34764790534973145,0.018745855869465988,-0.02640528231859207,-0.019906485453248024,0.0015767951146699489,0.18485156893730165,1.1839049577713012,1.0244217365980148,1.2982673570513725
160,1,layer_21.attn_o,0.07501119375228882,0.0030300167204817593,-0.14966745674610138,-0.019906485453248024,0.019551680341828616,0.4868118494749069,1.1839049577713012,1.0244217365980148,1.2982673570513725
160,1,layer_21.mlp_down,0.2972623407840729,0.010025952023014997,-0.04661845788359642,-0.019906485453248024,-0.00037315235240384934,0.12639835029840468,1.1839049577713012,1.0244217365980148,1.2982673570513725
160,1,layer_22.attn_o,0.07762035727500916,0.0027592535315128677,-0.03974296897649765,-0.019906485453248024,0.007240944012301043,0.13665198683738708,1.1839049577713012,1.0244217365980148,1.2982673570513725
160,1,layer_22.mlp_down,0.3019507825374603,0.010513188663613691,-0.05164952576160431,-0.019906485453248024,0.0011976941488683224,0.14361351504921913,1.1839049577713012,1.0244217365980148,1.2982673570513725
160,1,layer_23.attn_o,0.08393605053424835,0.0038352450496443474,-0.08367078006267548,-0.019906485453248024,-0.0015550731914117932,0.23891032487154007,1.1839049577713012,1.0244217365980148,1.2982673570513725
160,1,layer_23.mlp_down,0.28666943311691284,0.008843493277472733,-0.06933458149433136,-0.019906485453248024,0.0011409538565203547,0.1695130929350853,1.1839049577713012,1.0244217365980148,1.2982673570513725
160,1,layer_24.attn_o,0.08960773050785065,0.004683738505313148,-0.0981253981590271,-0.019906485453248024,0.01143590670544654,0.35823715180158616,1.1839049577713012,1.0244217365980148,1.2982673570513725
160,1,layer_24.mlp_down,0.32909342646598816,0.014591719966330265,-0.0983283668756485,-0.019906485453248024,-0.00047848057001829145,0.1844130903482437,1.1839049577713012,1.0244217365980148,1.2982673570513725
160,1,layer_25.attn_o,0.08608587831258774,0.003957069879396044,-0.11056816577911377,-0.019906485453248024,-0.005167307518422604,0.23345386534929274,1.1839049577713012,1.0244217365980148,1.2982673570513725
160,1,layer_25.mlp_down,0.3539811670780182,0.019226420261741633,-0.032275669276714325,-0.019906485453248024,-0.00624698493629694,0.10687955906614661,1.1839049577713012,1.0244217365980148,1.2982673570513725
180,1,layer_0.attn_o,0.08005524426698685,0.003927320061513656,0.08428823202848434,0.006102947983890772,0.04718068204820156,0.18601497411727905,1.3413711965084076,1.017204463481903,1.2972711324691772
180,1,layer_0.mlp_down,0.26531901955604553,0.008148999129760581,-0.004982000216841698,0.006102947983890772,-0.002086076212799526,0.08428303003311158,1.3413711965084076,1.017204463481903,1.2972711324691772
180,1,layer_1.attn_o,0.07701896876096725,0.0031913135435406585,-0.10567550361156464,0.006102947983890772,-0.0478506269864738,0.1529058158863336,1.3413711965084076,1.017204463481903,1.2972711324691772
180,1,layer_1.mlp_down,0.32812079787254333,0.017438148818652553,0.009543743915855885,0.006102947983890772,-0.001220541571819922,0.09346407447010278,1.3413711965084076,1.017204463481903,1.2972711324691772
180,1,layer_2.attn_o,0.07933700084686279,0.003486142363186437,0.021715927869081497,0.006102947983890772,0.00014619806315749884,0.15726206451654434,1.3413711965084076,1.017204463481903,1.2972711324691772
180,1,layer_2.mlp_down,0.3295551538467407,0.017872545253175078,0.024564441293478012,0.006102947983890772,-0.005893582059070468,0.11976920496672391,1.3413711965084076,1.017204463481903,1.2972711324691772
180,1,layer_3.attn_o,0.07706798613071442,0.003424007044345623,0.023997168987989426,0.006102947983890772,-0.0067011557672231,0.14118848964571953,1.3413711965084076,1.017204463481903,1.2972711324691772
180,1,layer_3.mlp_down,0.3096460700035095,0.014110676902365601,-0.0006824470474384725,0.006102947983890772,0.004249135524150916,0.09823075626045466,1.3413711965084076,1.017204463481903,1.2972711324691772
180,1,layer_4.attn_o,0.09086941927671432,0.0049412707409858215,0.00974656268954277,0.006102947983890772,-0.009532360779121517,0.15554715506732464,1.3413711965084076,1.017204463481903,1.2972711324691772
180,1,layer_4.mlp_down,0.26883336901664734,0.008497095647805259,-0.013682289980351925,0.006102947983890772,0.0006491578184068203,0.14622625652700663,1.3413711965084076,1.017204463481903,1.2972711324691772
180,1,layer_5.attn_o,0.0720619484782219,0.002853057955671377,-0.04060681536793709,0.006102947983890772,-0.010754420794546605,0.3017136126756668,1.3413711965084076,1.017204463481903,1.2972711324691772
180,1,layer_5.mlp_down,0.291692316532135,0.011760781500822309,0.001528240041807294,0.006102947983890772,0.000981129938736558,0.10810708552598954,1.3413711965084076,1.017204463481903,1.2972711324691772
180,1,layer_6.attn_o,0.08751135319471359,0.00475968621547823,0.004665957763791084,0.006102947983890772,0.0031507103121839464,0.15729305595159532,1.3413711965084076,1.017204463481903,1.2972711324691772
180,1,layer_6.mlp_down,0.2948686182498932,0.012615033758310825,0.010849091224372387,0.006102947983890772,0.008171208965359255,0.15737722665071488,1.3413711965084076,1.017204463481903,1.2972711324691772
180,1,layer_7.attn_o,0.06847962737083435,0.0021663829715146544,-0.002546402160078287,0.006102947983890772,0.011381033668294549,0.23764870539307595,1.3413711965084076,1.017204463481903,1.2972711324691772
180,1,layer_7.mlp_down,0.26312705874443054,0.008604398200773685,0.013583016581833363,0.006102947983890772,0.021189101379422936,0.19506423324346542,1.3413711965084076,1.017204463481903,1.2972711324691772
180,1,layer_8.attn_o,0.07197383046150208,0.0022943224874883202,0.004053665790706873,0.006102947983890772,0.023825546354055406,0.2423012897372246,1.3413711965084076,1.017204463481903,1.2972711324691772
180,1,layer_8.mlp_down,0.2606521546840668,0.008450454593602856,0.007339221425354481,0.006102947983890772,0.016489098267629742,0.23807251825928688,1.3413711965084076,1.017204463481903,1.2972711324691772
180,1,layer_9.attn_o,0.06966730952262878,0.0023221809036327833,0.009910877794027328,0.006102947983890772,0.018606542330235242,0.30821565091609954,1.3413711965084076,1.017204463481903,1.2972711324691772
180,1,layer_9.mlp_down,0.30360472202301025,0.01538301308968297,0.017909718677401543,0.006102947983890772,0.0009671744192019105,0.305649995803833,1.3413711965084076,1.017204463481903,1.2972711324691772
180,1,layer_10.attn_o,0.08497098833322525,0.004621639183931452,-0.0013184667332097888,0.006102947983890772,-0.0038563079899176953,0.38555329442024233,1.3413711965084076,1.017204463481903,1.2972711324691772
180,1,layer_10.mlp_down,0.2500210106372833,0.00746539308507938,0.006430360022932291,0.006102947983890772,0.019868350774049758,0.3905875951051712,1.3413711965084076,1.017204463481903,1.2972711324691772
180,1,layer_11.attn_o,0.07530831545591354,0.0031369357798373392,-0.0017273693811148405,0.006102947983890772,-0.012920260708779097,0.522601306438446,1.3413711965084076,1.017204463481903,1.2972711324691772
180,1,layer_11.mlp_down,0.3123601973056793,0.017421565275164135,0.03943740203976631,0.006102947983890772,0.002505212277173996,0.3902400374412537,1.3413711965084076,1.017204463481903,1.2972711324691772
180,1,layer_12.attn_o,0.07425929605960846,0.0026757160437916555,-0.0005614247638732195,0.006102947983890772,-0.00021542957983911037,0.375647796690464,1.3413711965084076,1.017204463481903,1.2972711324691772
180,1,layer_12.mlp_down,0.2841329574584961,0.010557284737305762,0.027858231216669083,0.006102947983890772,0.004219555016607046,0.2798393160104752,1.3413711965084076,1.017204463481903,1.2972711324691772
180,1,layer_13.attn_o,0.08845975995063782,0.004593261460030167,0.004251684527844191,0.006102947983890772,0.013724721706239507,0.2457699693739414,1.3413711965084076,1.017204463481903,1.2972711324691772
180,1,layer_13.mlp_down,0.30836790800094604,0.014661957545928563,0.023127596825361252,0.006102947983890772,0.008688062941655517,0.2450959026813507,1.3413711965084076,1.017204463481903,1.2972711324691772
180,1,layer_14.attn_o,0.07449115812778473,0.0026018989261045737,0.008186240680515766,0.006102947983890772,0.016126436699414624,0.2753837026655674,1.3413711965084076,1.017204463481903,1.2972711324691772
180,1,layer_14.mlp_down,0.30548277497291565,0.013680641531227855,0.0069615524262189865,0.006102947983890772,0.007969718822278083,0.29580761343240736,1.3413711965084076,1.017204463481903,1.2972711324691772
180,1,layer_15.attn_o,0.08905362337827682,0.0048435240770046155,0.013127371668815613,0.006102947983890772,0.011534985341131686,0.4032087713479996,1.3413711965084076,1.017204463481903,1.2972711324691772
180,1,layer_15.mlp_down,0.290571004152298,0.011413785681357187,0.013368087820708752,0.006102947983890772,0.008771833172068,0.16769933626055716,1.3413711965084076,1.017204463481903,1.2972711324691772
180,1,layer_16.attn_o,0.08245281130075455,0.0036831690124928184,0.014155798591673374,0.006102947983890772,0.01093807111028582,0.20139399394392968,1.3413711965084076,1.017204463481903,1.2972711324691772
180,1,layer_16.mlp_down,0.26843544840812683,0.008177653628923106,0.0063218362629413605,0.006102947983890772,0.0030191683035809547,0.16009445153176785,1.3413711965084076,1.017204463481903,1.2972711324691772
180,1,layer_17.attn_o,0.085677370429039,0.004962371183832497,0.01425281260162592,0.006102947983890772,0.004423621614114382,0.3955716133117676,1.3413711965084076,1.017204463481903,1.2972711324691772
180,1,layer_17.mlp_down,0.2949140667915344,0.011949940234804933,0.0027253562584519386,0.006102947983890772,0.006124400068074465,0.16629941277205945,1.3413711965084076,1.017204463481903,1.2972711324691772
180,1,layer_18.attn_o,0.08175830543041229,0.004243852284235294,-9.419347043149173e-05,0.006102947983890772,0.0004577222920488566,0.21483705788850785,1.3413711965084076,1.017204463481903,1.2972711324691772
180,1,layer_18.mlp_down,0.29098743200302124,0.011553502699291517,-0.00551488297060132,0.006102947983890772,0.003664799663238227,0.2097797580063343,1.3413711965084076,1.017204463481903,1.2972711324691772
180,1,layer_19.attn_o,0.09143535047769547,0.005258085777039594,0.0001503519742982462,0.006102947983890772,0.0018585321726277471,0.1857968769967556,1.3413711965084076,1.017204463481903,1.2972711324691772
180,1,layer_19.mlp_down,0.2939923405647278,0.012179535033358033,-0.005766777787357569,0.006102947983890772,0.0024965284974314272,0.1935865931212902,1.3413711965084076,1.017204463481903,1.2972711324691772
180,1,layer_20.attn_o,0.06779749691486359,0.002213377440283177,-0.003978307358920574,0.006102947983890772,-5.751620628871024e-05,0.2991201087832451,1.3413711965084076,1.017204463481903,1.2972711324691772
180,1,layer_20.mlp_down,0.32129910588264465,0.0173233701590491,-0.011525582522153854,0.006102947983890772,0.003111088962032227,0.2280491314828396,1.3413711965084076,1.017204463481903,1.2972711324691772
180,1,layer_21.attn_o,0.06536024808883667,0.0026401749548837857,0.010911430232226849,0.006102947983890772,0.0006003499031066895,0.511245048046112,1.3413711965084076,1.017204463481903,1.2972711324691772
180,1,layer_21.mlp_down,0.2732279896736145,0.009215152063995298,-0.005064718425273895,0.006102947983890772,0.004993518115952611,0.16976197436451912,1.3413711965084076,1.017204463481903,1.2972711324691772
180,1,layer_22.attn_o,0.06496667116880417,0.002309436965746037,0.005023698788136244,0.006102947983890772,0.0020852211106102913,0.16695932298898697,1.3413711965084076,1.017204463481903,1.2972711324691772
180,1,layer_22.mlp_down,0.27673301100730896,0.009634961427360953,0.005113730672746897,0.006102947983890772,0.0031433815835043787,0.18107254542410373,1.3413711965084076,1.017204463481903,1.2972711324691772
180,1,layer_23.attn_o,0.07317358255386353,0.0033434717425272847,0.003275556256994605,0.006102947983890772,0.0085280473344028,0.2804801225662231,1.3413711965084076,1.017204463481903,1.2972711324691772
180,1,layer_23.mlp_down,0.2614131271839142,0.008064248950514705,0.0007602614932693541,0.006102947983890772,0.0037560782351647505,0.20029501989483833,1.3413711965084076,1.017204463481903,1.2972711324691772
180,1,layer_24.attn_o,0.08146793395280838,0.004258259163011359,0.0005303994985297322,0.006102947983890772,0.0016609541373327375,0.4041388988494873,1.3413711965084076,1.017204463481903,1.2972711324691772
180,1,layer_24.mlp_down,0.3002055883407593,0.013310165756583007,0.0030022207647562027,0.006102947983890772,0.015510042104870081,0.22101549059152603,1.3413711965084076,1.017204463481903,1.2972711324691772
180,1,layer_25.attn_o,0.07898429781198502,0.0036306249349567017,-0.002914248965680599,0.006102947983890772,0.03265887016314082,0.27979025840759275,1.3413711965084076,1.017204463481903,1.2972711324691772
180,1,layer_25.mlp_down,0.31853407621383667,0.017298865524412725,-0.031829096376895905,0.006102947983890772,0.011829750100150704,0.13719657380133868,1.3413711965084076,1.017204463481903,1.2972711324691772
200,1,layer_0.attn_o,0.07126675546169281,0.0034961645979352893,0.41675201058387756,-0.018840976059436798,-0.02606010971358046,0.14830505438148975,1.3043902218341827,1.0191353037953377,1.290367215871811
200,1,layer_0.mlp_down,0.23370206356048584,0.00717784471902813,0.007286184933036566,-0.018840976059436798,0.004093287809519097,0.08859641291201115,1.3043902218341827,1.0191353037953377,1.290367215871811
200,1,layer_1.attn_o,0.06866050511598587,0.0028449730202621047,0.2903117835521698,-0.018840976059436798,-0.0025870917248539626,0.15864535025320947,1.3043902218341827,1.0191353037953377,1.290367215871811
200,1,layer_1.mlp_down,0.2901405692100525,0.01541821494410257,0.004220133181661367,-0.018840976059436798,0.002833646861836314,0.09085245504975319,1.3043902218341827,1.0191353037953377,1.290367215871811
200,1,layer_2.attn_o,0.069974884390831,0.003074760365469579,0.09562885761260986,-0.018840976059436798,0.004176096594892442,0.14497804492712021,1.3043902218341827,1.0191353037953377,1.290367215871811
200,1,layer_2.mlp_down,0.29853370785713196,0.016188562215871456,0.027274880558252335,-0.018840976059436798,0.0063838878966635095,0.1160743247717619,1.3043902218341827,1.0191353037953377,1.290367215871811
200,1,layer_3.attn_o,0.06764164566993713,0.003005205268999937,0.0518459789454937,-0.018840976059436798,0.010036261868663132,0.133439552038908,1.3043902218341827,1.0191353037953377,1.290367215871811
200,1,layer_3.mlp_down,0.27511289715766907,0.012536427282173534,0.010555361397564411,-0.018840976059436798,0.007070929813198745,0.09530726447701454,1.3043902218341827,1.0191353037953377,1.290367215871811
200,1,layer_4.attn_o,0.08101443946361542,0.004405377242508087,0.04005127772688866,-0.018840976059436798,0.018587817798834293,0.14198474204167724,1.3043902218341827,1.0191353037953377,1.290367215871811
200,1,layer_4.mlp_down,0.23706279695034027,0.0074928275212844415,0.04597080871462822,-0.018840976059436798,0.01481812692945823,0.1493130274116993,1.3043902218341827,1.0191353037953377,1.290367215871811
200,1,layer_5.attn_o,0.06744986027479172,0.002670450903783124,0.21862871944904327,-0.018840976059436798,0.021986249648034573,0.3171022653579712,1.3043902218341827,1.0191353037953377,1.290367215871811
200,1,layer_5.mlp_down,0.25955846905708313,0.010464861161021157,-0.012995749711990356,-0.018840976059436798,0.006173356878571212,0.10026305131614208,1.3043902218341827,1.0191353037953377,1.290367215871811
200,1,layer_6.attn_o,0.07825327664613724,0.004256127283866255,0.0032597060780972242,-0.018840976059436798,0.01350787958363071,0.13566813990473747,1.3043902218341827,1.0191353037953377,1.290367215871811
200,1,layer_6.mlp_down,0.265291690826416,0.011349234532473645,-0.005429900251328945,-0.018840976059436798,0.013095307257026434,0.1441146694123745,1.3043902218341827,1.0191353037953377,1.290367215871811
200,1,layer_7.attn_o,0.06047317758202553,0.0019130962376981558,0.007292891386896372,-0.018840976059436798,0.023992631467990577,0.22840750068426133,1.3043902218341827,1.0191353037953377,1.290367215871811
200,1,layer_7.mlp_down,0.23680785298347473,0.007743662757854912,-0.0010232318891212344,-0.018840976059436798,0.018827849347144366,0.18658326417207718,1.3043902218341827,1.0191353037953377,1.290367215871811
200,1,layer_8.attn_o,0.06361281871795654,0.0020277944524001662,0.005083367228507996,-0.018840976059436798,0.023338292294647546,0.20532977283000947,1.3043902218341827,1.0191353037953377,1.290367215871811
200,1,layer_8.mlp_down,0.2334168255329132,0.007567388848973268,0.0019384187180548906,-0.018840976059436798,0.016384695796296,0.22793408781290053,1.3043902218341827,1.0191353037953377,1.290367215871811
200,1,layer_9.attn_o,0.061844244599342346,0.00206141898778344,0.0026127933524549007,-0.018840976059436798,0.015403805836103856,0.3145265027880669,1.3043902218341827,1.0191353037953377,1.290367215871811
200,1,layer_9.mlp_down,0.27544984221458435,0.01395553796665541,0.002896523103117943,-0.018840976059436798,0.012553873044089415,0.3022463947534561,1.3043902218341827,1.0191353037953377,1.290367215871811
200,1,layer_10.attn_o,0.07589097321033478,0.004127756284914745,0.012625823728740215,-0.018840976059436798,0.009601955249672755,0.3948411554098129,1.3043902218341827,1.0191353037953377,1.290367215871811
200,1,layer_10.mlp_down,0.2259088009595871,0.006745360560675384,-0.06509973853826523,-0.018840976059436798,0.01842847834341228,0.39620253145694734,1.3043902218341827,1.0191353037953377,1.290367215871811
200,1,layer_11.attn_o,0.06701909750699997,0.002791647059981275,-0.04090623930096626,-0.018840976059436798,0.015097899083048105,0.5502454191446304,1.3043902218341827,1.0191353037953377,1.290367215871811
200,1,layer_11.mlp_down,0.286638468503952,0.015985394700605452,-0.03429354354739189,-0.018840976059436798,0.002652987535111606,0.3765811502933502,1.3043902218341827,1.0191353037953377,1.290367215871811
200,1,layer_12.attn_o,0.0673493891954422,0.0024267356380732936,-0.00031431508250534534,-0.018840976059436798,-0.0034399349242448807,0.34976952970027925,1.3043902218341827,1.0191353037953377,1.290367215871811
200,1,layer_12.mlp_down,0.2579239010810852,0.00958323996459677,-0.025674641132354736,-0.018840976059436798,0.0004362850188044831,0.25763451159000395,1.3043902218341827,1.0191353037953377,1.290367215871811
200,1,layer_13.attn_o,0.08030392974615097,0.004169761545622956,-0.0020439685322344303,-0.018840976059436798,-0.0043768702074885365,0.21323409005999566,1.3043902218341827,1.0191353037953377,1.290367215871811
200,1,layer_13.mlp_down,0.28147628903388977,0.013382695851004415,-0.012598591856658459,-0.018840976059436798,0.00277962681138888,0.22313909530639647,1.3043902218341827,1.0191353037953377,1.290367215871811
200,1,layer_14.attn_o,0.06728692352771759,0.0023502609145941403,-0.007714206352829933,-0.018840976059436798,-0.003676138445734978,0.2518328219652176,1.3043902218341827,1.0191353037953377,1.290367215871811
200,1,layer_14.mlp_down,0.27699095010757446,0.01240414311683879,-0.022520851343870163,-0.018840976059436798,0.005641880084294826,0.26880256086587906,1.3043902218341827,1.0191353037953377,1.290367215871811
200,1,layer_15.attn_o,0.07851023226976395,0.004270070095531265,-0.048079922795295715,-0.018840976059436798,-0.0009668520127888769,0.40029591619968413,1.3043902218341827,1.0191353037953377,1.290367215871811
200,1,layer_15.mlp_down,0.2627943754196167,0.010322420129881741,-0.028125958517193794,-0.018840976059436798,0.006991521781310439,0.1498896736651659,1.3043902218341827,1.0191353037953377,1.290367215871811
200,1,layer_16.attn_o,0.07401321828365326,0.0033061679693502546,-0.01410129014402628,-0.018840976059436798,0.007128119352273643,0.17811412438750268,1.3043902218341827,1.0191353037953377,1.290367215871811
200,1,layer_16.mlp_down,0.24195687472820282,0.007370946835407582,-0.00945359468460083,-0.018840976059436798,0.004385137477220269,0.14807213619351386,1.3043902218341827,1.0191353037953377,1.290367215871811
200,1,layer_17.attn_o,0.07681204378604889,0.004448899365988242,0.012464684434235096,-0.018840976059436798,0.0019026534166187048,0.40839824080467224,1.3043902218341827,1.0191353037953377,1.290367215871811
200,1,layer_17.mlp_down,0.263906329870224,0.010693203573553165,-0.015416109003126621,-0.018840976059436798,0.0023132439237087965,0.15217472314834596,1.3043902218341827,1.0191353037953377,1.290367215871811
200,1,layer_18.attn_o,0.0755147710442543,0.003919763049008359,0.003489353461191058,-0.018840976059436798,-0.001089805585797876,0.18361633494496346,1.3043902218341827,1.0191353037953377,1.290367215871811
200,1,layer_18.mlp_down,0.2600567936897278,0.0103251834202327,-0.020783210173249245,-0.018840976059436798,-0.0007648565457202494,0.19455603659152984,1.3043902218341827,1.0191353037953377,1.290367215871811
200,1,layer_19.attn_o,0.08177564293146133,0.004702590547569681,-0.004889419302344322,-0.018840976059436798,-0.0020183693035505713,0.1538829706609249,1.3043902218341827,1.0191353037953377,1.290367215871811
200,1,layer_19.mlp_down,0.26244521141052246,0.010872343228074727,-0.015022536739706993,-0.018840976059436798,-0.0024889606575015932,0.1737247496843338,1.3043902218341827,1.0191353037953377,1.290367215871811
200,1,layer_20.attn_o,0.0614297017455101,0.002005490978161113,-0.011033192276954651,-0.018840976059436798,-0.0016730082221329211,0.3060035467147827,1.3043902218341827,1.0191353037953377,1.290367215871811
200,1,layer_20.mlp_down,0.28901124000549316,0.015581121095313281,-0.01291428692638874,-0.018840976059436798,0.0020069506019353865,0.2262614756822586,1.3043902218341827,1.0191353037953377,1.290367215871811
200,1,layer_21.attn_o,0.05747491121292114,0.002321652004211229,-0.14231890439987183,-0.018840976059436798,0.008664362784475087,0.5345654428005219,1.3043902218341827,1.0191353037953377,1.290367215871811
200,1,layer_21.mlp_down,0.24626046419143677,0.008305519778288308,-0.025649119168519974,-0.018840976059436798,0.0038485580123960974,0.15703975409269333,1.3043902218341827,1.0191353037953377,1.290367215871811
200,1,layer_22.attn_o,0.05877760425209999,0.0020894274243161005,-0.03219879791140556,-0.018840976059436798,0.0009242407977581024,0.16384344175457954,1.3043902218341827,1.0191353037953377,1.290367215871811
200,1,layer_22.mlp_down,0.25125566124916077,0.00874781151690681,-0.026270035654306412,-0.018840976059436798,0.008107883343473076,0.1714232601225376,1.3043902218341827,1.0191353037953377,1.290367215871811
200,1,layer_23.attn_o,0.06719451397657394,0.0030702647814536163,-0.04906335845589638,-0.018840976059436798,0.010118711064569652,0.27082434445619585,1.3043902218341827,1.0191353037953377,1.290367215871811
200,1,layer_23.mlp_down,0.2366103231906891,0.007299044844848825,-0.0348225012421608,-0.018840976059436798,0.005514339031651616,0.19000056833028794,1.3043902218341827,1.0191353037953377,1.290367215871811
200,1,layer_24.attn_o,0.07466001808643341,0.0039024066697822724,-0.06996332854032516,-0.018840976059436798,0.00561678265221417,0.4110024094581604,1.3043902218341827,1.0191353037953377,1.290367215871811
200,1,layer_24.mlp_down,0.27348026633262634,0.0121247184293532,-0.0648207738995552,-0.018840976059436798,-0.006654877262189984,0.22003568857908248,1.3043902218341827,1.0191353037953377,1.290367215871811
200,1,layer_25.attn_o,0.06916007399559021,0.0031790403167869467,-0.08522605895996094,-0.018840976059436798,-0.03609612723812461,0.2619556158781052,1.3043902218341827,1.0191353037953377,1.290367215871811
200,1,layer_25.mlp_down,0.29033491015434265,0.01576586643792718,-0.08929721266031265,-0.018840976059436798,0.004091955628246069,0.15374241769313812,1.3043902218341827,1.0191353037953377,1.290367215871811
220,1,layer_0.attn_o,0.06422686576843262,0.0031508029765599218,0.16204729676246643,0.030727971345186234,0.0622448543086648,0.0911750964296516,1.2094991266727448,0.9947089850902557,1.2808973789215088
220,1,layer_0.mlp_down,0.21249672770500183,0.006526506218984692,0.012275372631847858,0.030727971345186234,0.0036565296002663674,0.05939336586743593,1.2094991266727448,0.9947089850902557,1.2808973789215088
220,1,layer_1.attn_o,0.06135369464755058,0.002542209856186492,0.18877720832824707,0.030727971345186234,0.08146419650875032,0.08684056010097266,1.2094991266727448,0.9947089850902557,1.2808973789215088
220,1,layer_1.mlp_down,0.2632966935634613,0.013990835924879466,0.016393642872571945,0.030727971345186234,0.0009932514396496118,0.053926954977214336,1.2094991266727448,0.9947089850902557,1.2808973789215088
220,1,layer_2.attn_o,0.062402017414569855,0.002742001900008244,0.05802560970187187,0.030727971345186234,0.007865418482106179,0.10218810848891735,1.2094991266727448,0.9947089850902557,1.2808973789215088
220,1,layer_2.mlp_down,0.26959678530693054,0.014618227364226145,0.011678634211421013,0.030727971345186234,0.006057695462368428,0.08103032801300288,1.2094991266727448,0.9947089850902557,1.2808973789215088
220,1,layer_3.attn_o,0.060602571815252304,0.0026924700692551483,0.032716091722249985,0.030727971345186234,0.0050213120703119785,0.09375357776880264,1.2094991266727448,0.9947089850902557,1.2808973789215088
220,1,layer_3.mlp_down,0.2461480349302292,0.011216197752570106,0.015452391467988491,0.030727971345186234,0.0013523106928914786,0.07373550459742546,1.2094991266727448,0.9947089850902557,1.2808973789215088
220,1,layer_4.attn_o,0.07319803535938263,0.003980339323502318,0.03878816217184067,0.030727971345186234,0.004862984427018091,0.10717673040926456,1.2094991266727448,0.9947089850902557,1.2808973789215088
220,1,layer_4.mlp_down,0.21457801759243011,0.006782089681682371,0.004700124729424715,0.030727971345186234,-0.005176704796031118,0.11059110201895236,1.2094991266727448,0.9947089850902557,1.2808973789215088
220,1,layer_5.attn_o,0.0600007064640522,0.0023755239618954227,0.0920260101556778,0.030727971345186234,0.05887139346450567,0.25199340730905534,1.2094991266727448,0.9947089850902557,1.2808973789215088
220,1,layer_5.mlp_down,0.23452281951904297,0.00945527918056029,0.015133797191083431,0.030727971345186234,-0.004057622700929642,0.07335617206990719,1.2094991266727448,0.9947089850902557,1.2808973789215088
220,1,layer_6.attn_o,0.07015509903430939,0.0038156657771236473,0.00929715670645237,0.030727971345186234,-0.000735329173039645,0.1204751268029213,1.2094991266727448,0.9947089850902557,1.2808973789215088
220,1,layer_6.mlp_down,0.24130256474018097,0.010322703434391109,0.0061604660004377365,0.030727971345186234,0.0012457158416509628,0.12575363069772721,1.2094991266727448,0.9947089850902557,1.2808973789215088
220,1,layer_7.attn_o,0.05460957810282707,0.0017275994584602338,0.017260517925024033,0.030727971345186234,0.006182311792508699,0.21427562832832336,1.2094991266727448,0.9947089850902557,1.2808973789215088
220,1,layer_7.mlp_down,0.214547798037529,0.007015699068482474,-0.0390380322933197,0.030727971345186234,0.005159032274968922,0.17081938907504082,1.2094991266727448,0.9947089850902557,1.2808973789215088
220,1,layer_8.attn_o,0.05773353949189186,0.0018403783043388112,-0.013098093681037426,0.030727971345186234,0.014184962632134557,0.20943029671907426,1.2094991266727448,0.9947089850902557,1.2808973789215088
220,1,layer_8.mlp_down,0.21183645725250244,0.006867690735825602,-0.013455398380756378,0.030727971345186234,0.0010191431108978577,0.21272752434015274,1.2094991266727448,0.9947089850902557,1.2808973789215088
220,1,layer_9.attn_o,0.05587080493569374,0.0018623104354693813,0.00021586709772236645,0.030727971345186234,-0.0020626788726076485,0.30316202342510223,1.2094991266727448,0.9947089850902557,1.2808973789215088
220,1,layer_9.mlp_down,0.24845868349075317,0.012587485157532437,-0.014047413133084774,0.030727971345186234,0.0031691669835709037,0.28494376689195633,1.2094991266727448,0.9947089850902557,1.2808973789215088
220,1,layer_10.attn_o,0.06735754758119583,0.0036636051418688803,0.012690454721450806,0.030727971345186234,0.010209218750242144,0.3574449449777603,1.2094991266727448,0.9947089850902557,1.2808973789215088
220,1,layer_10.mlp_down,0.20379605889320374,0.006085051911360023,-0.04646185785531998,0.030727971345186234,0.01092205346285482,0.390919229388237,1.2094991266727448,0.9947089850902557,1.2808973789215088
220,1,layer_11.attn_o,0.062329988926649094,0.002596326644994397,0.0035519106313586235,0.030727971345186234,0.012287106551229953,0.506645143032074,1.2094991266727448,0.9947089850902557,1.2808973789215088
220,1,layer_11.mlp_down,0.2556443512439728,0.014255886613536438,0.010605165734887123,0.030727971345186234,0.011477636825293302,0.3806977152824402,1.2094991266727448,0.9947089850902557,1.2808973789215088
220,1,layer_12.attn_o,0.059083037078380585,0.0021288816993754135,0.003060777671635151,0.030727971345186234,0.011952023927369737,0.3650590658187866,1.2094991266727448,0.9947089850902557,1.2808973789215088
220,1,layer_12.mlp_down,0.2299327850341797,0.008543117511147632,0.004650524817407131,0.030727971345186234,0.013776533189229667,0.25893846750259397,1.2094991266727448,0.9947089850902557,1.2808973789215088
220,1,layer_13.attn_o,0.07096976041793823,0.0036850878586471335,0.0026169801130890846,0.030727971345186234,0.006958179362118244,0.25573397129774095,1.2094991266727448,0.9947089850902557,1.2808973789215088
220,1,layer_13.mlp_down,0.24867774546146393,0.011822857289597637,0.0015924248145893216,0.030727971345186234,-0.0004828253760933876,0.2385866031050682,1.2094991266727448,0.9947089850902557,1.2808973789215088
220,1,layer_14.attn_o,0.05916408449411392,0.0020665399964576517,0.004396948032081127,0.030727971345186234,0.004048581246752292,0.2841474488377571,1.2094991266727448,0.9947089850902557,1.2808973789215088
220,1,layer_14.mlp_down,0.2433868944644928,0.01089899077327671,-0.005911064334213734,0.030727971345186234,0.009505425625684438,0.30187960267066954,1.2094991266727448,0.9947089850902557,1.2808973789215088
220,1,layer_15.attn_o,0.06889281421899796,0.003746991153748357,0.018338551744818687,0.030727971345186234,0.009787259297445417,0.4014308571815491,1.2094991266727448,0.9947089850902557,1.2808973789215088
220,1,layer_15.mlp_down,0.23116160929203033,0.00907973425997909,0.015460885129868984,0.030727971345186234,0.0070657779462635515,0.16417625397443772,1.2094991266727448,0.9947089850902557,1.2808973789215088
220,1,layer_16.attn_o,0.06468018889427185,0.002889258168164501,0.005509596783667803,0.030727971345186234,0.010433629882754758,0.19186293110251426,1.2094991266727448,0.9947089850902557,1.2808973789215088
220,1,layer_16.mlp_down,0.21232758462429047,0.006468270878877599,0.011172281578183174,0.030727971345186234,0.01261646959464997,0.14368969798088074,1.2094991266727448,0.9947089850902557,1.2808973789215088
220,1,layer_17.attn_o,0.06529252231121063,0.0037816834433889,0.012390500865876675,0.030727971345186234,0.0021692176698707042,0.3779416710138321,1.2094991266727448,0.9947089850902557,1.2808973789215088
220,1,layer_17.mlp_down,0.2337840050458908,0.009472490893258212,-0.0105909937992692,0.030727971345186234,0.013403365400154143,0.14578139930963516,1.2094991266727448,0.9947089850902557,1.2808973789215088
220,1,layer_18.attn_o,0.06325480341911316,0.003283374863447211,-0.0004106468695681542,0.030727971345186234,-0.0004941578954458237,0.17854949831962585,1.2094991266727448,0.9947089850902557,1.2808973789215088
220,1,layer_18.mlp_down,0.2337738573551178,0.009281506571276122,0.019320717081427574,0.030727971345186234,0.015127987693995237,0.1813935473561287,1.2094991266727448,0.9947089850902557,1.2808973789215088
220,1,layer_19.attn_o,0.07410474121570587,0.004261461089824891,0.004786832723766565,0.030727971345186234,0.00479669728083536,0.1354508690536022,1.2094991266727448,0.9947089850902557,1.2808973789215088
220,1,layer_19.mlp_down,0.23666925728321075,0.00980432117915388,0.00542358448728919,0.030727971345186234,0.012060566945001483,0.17256343513727188,1.2094991266727448,0.9947089850902557,1.2808973789215088
220,1,layer_20.attn_o,0.05630054324865341,0.0018380386859308615,0.014321330934762955,0.030727971345186234,0.01855162321589887,0.3042008578777313,1.2094991266727448,0.9947089850902557,1.2808973789215088
220,1,layer_20.mlp_down,0.2601659297943115,0.014025144043651802,0.004379733931273222,0.030727971345186234,0.01594173971679993,0.21622737348079682,1.2094991266727448,0.9947089850902557,1.2808973789215088
220,1,layer_21.attn_o,0.054142192006111145,0.002187026169139038,0.0446830689907074,0.030727971345186234,0.020432405360043048,0.5064801722764969,1.2094991266727448,0.9947089850902557,1.2808973789215088
220,1,layer_21.mlp_down,0.219737708568573,0.007410927756060851,0.009064829908311367,0.030727971345186234,0.015686702087987215,0.1358794689178467,1.2094991266727448,0.9947089850902557,1.2808973789215088
220,1,layer_22.attn_o,0.052636221051216125,0.0018711118919123128,0.011023757979273796,0.030727971345186234,0.014073170186020435,0.13468879833817482,1.2094991266727448,0.9947089850902557,1.2808973789215088
220,1,layer_22.mlp_down,0.22408252954483032,0.007801653478281011,0.012691249139606953,0.030727971345186234,0.015551051520742477,0.15663262829184532,1.2094991266727448,0.9947089850902557,1.2808973789215088
220,1,layer_23.attn_o,0.058634329587221146,0.0026791251032953003,0.034192439168691635,0.030727971345186234,0.022590955486521125,0.25181513875722883,1.2094991266727448,0.9947089850902557,1.2808973789215088
220,1,layer_23.mlp_down,0.21029755473136902,0.0064872729470325215,0.0235960241407156,0.030727971345186234,0.02575936387293041,0.1814800500869751,1.2094991266727448,0.9947089850902557,1.2808973789215088
220,1,layer_24.attn_o,0.06486053764820099,0.003390189904351402,0.04658373072743416,0.030727971345186234,0.039550235867500304,0.3978967249393463,1.2094991266727448,0.9947089850902557,1.2808973789215088
220,1,layer_24.mlp_down,0.2460268884897232,0.010907251188082773,0.047951020300388336,0.030727971345186234,0.029446829250082372,0.19661211222410202,1.2094991266727448,0.9947089850902557,1.2808973789215088
220,1,layer_25.attn_o,0.05983596295118332,0.00275044271765541,0.10869097709655762,0.030727971345186234,0.05821317476220429,0.2505613029003143,1.2094991266727448,0.9947089850902557,1.2808973789215088
220,1,layer_25.mlp_down,0.262535035610199,0.01425507952021219,0.19055888056755066,0.030727971345186234,0.0322907870169729,0.13681741952896118,1.2094991266727448,0.9947089850902557,1.2808973789215088
240,1,layer_0.attn_o,0.05435514077544212,0.002666520078833578,0.021654363721609116,0.052308518439531326,0.01390957497060299,0.15108534172177315,1.2242772221565246,0.9939743727445602,1.279963567852974
240,1,layer_0.mlp_down,0.17974719405174255,0.005520641687704922,-0.0075014811009168625,0.052308518439531326,0.0012563692114781588,0.09601270742714405,1.2242772221565246,0.9939743727445602,1.279963567852974
240,1,layer_1.attn_o,0.05271812155842781,0.0021843924832738574,0.35834282636642456,0.052308518439531326,-0.004656789172440767,0.19098071120679377,1.2242772221565246,0.9939743727445602,1.279963567852974
240,1,layer_1.mlp_down,0.2187708169221878,0.011624311079491573,0.010733318515121937,0.052308518439531326,0.0007042630197247491,0.09763675648719072,1.2242772221565246,0.9939743727445602,1.279963567852974
240,1,layer_2.attn_o,0.053123679012060165,0.002334303980141712,0.050573594868183136,0.052308518439531326,-0.0065457644173875455,0.1427584132179618,1.2242772221565246,0.9939743727445602,1.279963567852974
240,1,layer_2.mlp_down,0.22618930041790009,0.012263866169806471,0.012782882899045944,0.052308518439531326,0.001562017947435379,0.12949209809303283,1.2242772221565246,0.9939743727445602,1.279963567852974
240,1,layer_3.attn_o,0.052668843418359756,0.0023399867057921206,0.041473668068647385,0.052308518439531326,-0.004854553798213601,0.14542958829551936,1.2242772221565246,0.9939743727445602,1.279963567852974
240,1,layer_3.mlp_down,0.21181902289390564,0.009651704483037012,0.01756984554231167,0.052308518439531326,0.0031657890765927734,0.11550480462610721,1.2242772221565246,0.9939743727445602,1.279963567852974
240,1,layer_4.attn_o,0.06289359927177429,0.0034200094170062675,0.05076228827238083,0.052308518439531326,-0.014456215576501563,0.15184008553624154,1.2242772221565246,0.9939743727445602,1.279963567852974
240,1,layer_4.mlp_down,0.18537800014019012,0.00585915835184859,0.053008824586868286,0.052308518439531326,-0.0048081001965329054,0.18247707635164262,1.2242772221565246,0.9939743727445602,1.279963567852974
240,1,layer_5.attn_o,0.05070322006940842,0.0020074188721919657,0.3077201247215271,0.052308518439531326,-0.047665820177644494,0.3829422354698181,1.2242772221565246,0.9939743727445602,1.279963567852974
240,1,layer_5.mlp_down,0.20447856187820435,0.008243872903257772,0.028087111189961433,0.052308518439531326,-0.0003720427863299847,0.09757310152053833,1.2242772221565246,0.9939743727445602,1.279963567852974
240,1,layer_6.attn_o,0.06121215969324112,0.0033292651287317536,0.008838287554681301,0.052308518439531326,-0.00503905147779733,0.14718663692474365,1.2242772221565246,0.9939743727445602,1.279963567852974
240,1,layer_6.mlp_down,0.20893964171409607,0.008938062619079428,0.03379465639591217,0.052308518439531326,-0.009359141893219203,0.14584612771868705,1.2242772221565246,0.9939743727445602,1.279963567852974
240,1,layer_7.attn_o,0.04790094867348671,0.00151536774212283,0.023515667766332626,0.052308518439531326,-0.018822257686406375,0.23919050693511962,1.2242772221565246,0.9939743727445602,1.279963567852974
240,1,layer_7.mlp_down,0.18545719981193542,0.006064407379389284,0.01835499331355095,0.052308518439531326,-0.012242247955873609,0.1978713408112526,1.2242772221565246,0.9939743727445602,1.279963567852974
240,1,layer_8.attn_o,0.0500139482319355,0.0015943000559199276,0.015946341678500175,0.052308518439531326,-0.017238229198846967,0.23336185812950133,1.2242772221565246,0.9939743727445602,1.279963567852974
240,1,layer_8.mlp_down,0.1835903525352478,0.005951944329962375,0.0345996618270874,0.052308518439531326,-0.0070452843327075245,0.24830103814601898,1.2242772221565246,0.9939743727445602,1.279963567852974
240,1,layer_9.attn_o,0.04791652038693428,0.0015971731739230796,0.01590002328157425,0.052308518439531326,-0.008261767803924158,0.3435913652181625,1.2242772221565246,0.9939743727445602,1.279963567852974
240,1,layer_9.mlp_down,0.21694988012313843,0.010990804335862643,0.029411278665065765,0.052308518439531326,-0.0032363149570301176,0.3311384439468384,1.2242772221565246,0.9939743727445602,1.279963567852974
240,1,layer_10.attn_o,0.05899777263402939,0.0032089094966343003,0.020514758303761482,0.052308518439531326,-0.008165533561259508,0.42149690389633176,1.2242772221565246,0.9939743727445602,1.279963567852974
240,1,layer_10.mlp_down,0.1758144199848175,0.005249545599328921,0.27014777064323425,0.052308518439531326,0.01834781849756837,0.44995897114276884,1.2242772221565246,0.9939743727445602,1.279963567852974
240,1,layer_11.attn_o,0.0520966537296772,0.0021700630426417893,0.05418400093913078,0.052308518439531326,0.012941780500113964,0.5951381504535675,1.2242772221565246,0.9939743727445602,1.279963567852974
240,1,layer_11.mlp_down,0.2240958958864212,0.012496023726065416,0.07749935239553452,0.052308518439531326,-0.004385182703845203,0.42959658801555634,1.2242772221565246,0.9939743727445602,1.279963567852974
240,1,layer_12.attn_o,0.05068511143326759,0.0018262866467731705,0.025414226576685905,0.052308518439531326,-0.010150402784347534,0.3910263150930405,1.2242772221565246,0.9939743727445602,1.279963567852974
240,1,layer_12.mlp_down,0.19837254285812378,0.0073704404214069005,0.03973928466439247,0.052308518439531326,0.0014530787826515733,0.3040717765688896,1.2242772221565246,0.9939743727445602,1.279963567852974
240,1,layer_13.attn_o,0.058112792670726776,0.003017491683853831,0.012693156488239765,0.052308518439531326,-0.003107128749252297,0.2734483629465103,1.2242772221565246,0.9939743727445602,1.279963567852974
240,1,layer_13.mlp_down,0.2145531326532364,0.010200212080055953,0.04599121958017349,0.052308518439531326,-0.0008919829269871116,0.2713236540555954,1.2242772221565246,0.9939743727445602,1.279963567852974
240,1,layer_14.attn_o,0.05063951388001442,0.0017687832456442336,0.014893188141286373,0.052308518439531326,-0.0012950440985150635,0.2959428787231445,1.2242772221565246,0.9939743727445602,1.279963567852974
240,1,layer_14.mlp_down,0.2106533944606781,0.0094329808255437,0.03893264755606651,0.052308518439531326,-0.004164700699038804,0.3239333987236023,1.2242772221565246,0.9939743727445602,1.279963567852974
240,1,layer_15.attn_o,0.059762563556432724,0.0032504082795829286,0.06452629715204239,0.052308518439531326,-0.00335235632956028,0.45788364112377167,1.2242772221565246,0.9939743727445602,1.279963567852974
240,1,layer_15.mlp_down,0.20097851753234863,0.007894105662018449,0.04643828421831131,0.052308518439531326,-0.0035536328912712635,0.18545615524053574,1.2242772221565246,0.9939743727445602,1.279963567852974
240,1,layer_16.attn_o,0.05621761456131935,0.0025112323173364544,0.033588558435440063,0.052308518439531326,-0.010125315142795443,0.2221675843000412,1.2242772221565246,0.9939743727445602,1.279963567852974
240,1,layer_16.mlp_down,0.18581673502922058,0.005660628931206628,0.08119862526655197,0.052308518439531326,0.002107196277938783,0.1611154668033123,1.2242772221565246,0.9939743727445602,1.279963567852974
240,1,layer_17.attn_o,0.06011638790369034,0.003481883374176397,0.0878944844007492,0.052308518439531326,0.009671991830691696,0.41710505783557894,1.2242772221565246,0.9939743727445602,1.279963567852974
240,1,layer_17.mlp_down,0.2045571506023407,0.008288183067715678,0.0403376966714859,0.052308518439531326,-0.00013857764424756168,0.1742918886244297,1.2242772221565246,0.9939743727445602,1.279963567852974
240,1,layer_18.attn_o,0.0578027181327343,0.0030003719105503564,0.018578846007585526,0.052308518439531326,-1.952627208083868e-05,0.18491587340831755,1.2242772221565246,0.9939743727445602,1.279963567852974
240,1,layer_18.mlp_down,0.20261600613594055,0.008044366416016514,0.02604680322110653,0.052308518439531326,-0.0018749487921013498,0.21417613029479982,1.2242772221565246,0.9939743727445602,1.279963567852974
240,1,layer_19.attn_o,0.06376414746046066,0.003666820590989119,0.01815955340862274,0.052308518439531326,-0.00326897302584257,0.17049697637557984,1.2242772221565246,0.9939743727445602,1.279963567852974
240,1,layer_19.mlp_down,0.20490355789661407,0.00848827652772146,0.020993422716856003,0.052308518439531326,-0.0035960070614237337,0.1980593480169773,1.2242772221565246,0.9939743727445602,1.279963567852974
240,1,layer_20.attn_o,0.04889759421348572,0.0015963556835018001,0.02335110865533352,0.052308518439531326,-0.0057931527961045505,0.34701891243457794,1.2242772221565246,0.9939743727445602,1.279963567852974
240,1,layer_20.mlp_down,0.22526037693023682,0.012142917621757732,0.026867041364312172,0.052308518439531326,-0.002058332005981356,0.2451007440686226,1.2242772221565246,0.9939743727445602,1.279963567852974
240,1,layer_21.attn_o,0.0487469844520092,0.0019690901455556523,0.10575282573699951,0.052308518439531326,-0.008173386182170362,0.5505692571401596,1.2242772221565246,0.9939743727445602,1.279963567852974
240,1,layer_21.mlp_down,0.188228040933609,0.006348206206292857,0.02387346886098385,0.052308518439531326,-0.0034595021163113414,0.16642272844910622,1.2242772221565246,0.9939743727445602,1.279963567852974
240,1,layer_22.attn_o,0.046566203236579895,0.0016553348433719745,0.018893936648964882,0.052308518439531326,-0.002664940769318491,0.15878971442580223,1.2242772221565246,0.9939743727445602,1.279963567852974
240,1,layer_22.mlp_down,0.1917608678340912,0.006676306264515257,0.014933186583220959,0.052308518439531326,0.0005339139141142368,0.18031415492296218,1.2242772221565246,0.9939743727445602,1.279963567852974
240,1,layer_23.attn_o,0.05222168192267418,0.002386116369172582,0.029689572751522064,0.052308518439531326,-0.004433062672615051,0.2775138676166534,1.2242772221565246,0.9939743727445602,1.279963567852974
240,1,layer_23.mlp_down,0.1792997270822525,0.005531034278373,0.01487651839852333,0.052308518439531326,-0.005177187640219927,0.2030662253499031,1.2242772221565246,0.9939743727445602,1.279963567852974
240,1,layer_24.attn_o,0.057392872869968414,0.002999858984674045,0.023550881072878838,0.052308518439531326,-0.010935064312070608,0.40497412383556364,1.2242772221565246,0.9939743727445602,1.279963567852974
240,1,layer_24.mlp_down,0.2098676711320877,0.009304012351093969,0.020880721509456635,0.052308518439531326,-0.0049538998631760475,0.2178184598684311,1.2242772221565246,0.9939743727445602,1.279963567852974
240,1,layer_25.attn_o,0.052110813558101654,0.002395344921257337,0.03827477619051933,0.052308518439531326,0.00030175505671650173,0.26525186747312546,1.2242772221565246,0.9939743727445602,1.279963567852974
240,1,layer_25.mlp_down,0.22623716294765472,0.012283676654377157,0.05580338463187218,0.052308518439531326,0.0033843111246824264,0.12117404751479625,1.2242772221565246,0.9939743727445602,1.279963567852974
260,2,layer_0.attn_o,0.0484590120613575,0.0023772706400089524,-0.1435641646385193,0.03009340912103653,0.004916772805154323,0.11183427497744561,1.2222574710845948,0.9841655865311623,1.2665011882781982
260,2,layer_0.mlp_down,0.16967065632343292,0.005211146288092413,0.005002597812563181,0.03009340912103653,-0.009377965703606606,0.07337750270962715,1.2222574710845948,0.9841655865311623,1.2665011882781982
260,2,layer_1.attn_o,0.046534210443496704,0.0019281592041235347,-0.10291895270347595,0.03009340912103653,-0.026281214505434036,0.15158939436078073,1.2222574710845948,0.9841655865311623,1.2665011882781982
260,2,layer_1.mlp_down,0.21450558304786682,0.011397382508488194,0.011571235954761505,0.03009340912103653,-0.002569406933616847,0.08191274143755436,1.2222574710845948,0.9841655865311623,1.2665011882781982
260,2,layer_2.attn_o,0.04790394753217697,0.002104944642090931,0.032656215131282806,0.03009340912103653,-0.006837783590890467,0.1333228185772896,1.2222574710845948,0.9841655865311623,1.2665011882781982
260,2,layer_2.mlp_down,0.22133997082710266,0.012000512366600737,0.047342874109745026,0.03009340912103653,-0.007591435844369698,0.11529374048113823,1.2222574710845948,0.9841655865311623,1.2665011882781982
260,2,layer_3.attn_o,0.044980183243751526,0.001998391996227616,0.040768448263406754,0.03009340912103653,-0.008134075114503503,0.13788890168070794,1.2222574710845948,0.9841655865311623,1.2665011882781982
260,2,layer_3.mlp_down,0.19260965287685394,0.008776237864039301,0.036179374903440475,0.03009340912103653,0.0007349512656219303,0.09606401398777961,1.2222574710845948,0.9841655865311623,1.2665011882781982
260,2,layer_4.attn_o,0.05414090305566788,0.002944053938412836,0.021587105467915535,0.03009340912103653,-0.016182897984981535,0.13104661405086518,1.2222574710845948,0.9841655865311623,1.2665011882781982
260,2,layer_4.mlp_down,0.16300050914287567,0.00515184711867041,0.026531320065259933,0.03009340912103653,-0.008148642629384995,0.14814720675349236,1.2222574710845948,0.9841655865311623,1.2665011882781982
260,2,layer_5.attn_o,0.04214292764663696,0.0016685035345491979,-0.02553737163543701,0.03009340912103653,-0.03745004301890731,0.31243630349636076,1.2222574710845948,0.9841655865311623,1.2665011882781982
260,2,layer_5.mlp_down,0.17708264291286469,0.007139314738727581,0.013833207078278065,0.03009340912103653,-0.00014489984605461358,0.10647703781723976,1.2222574710845948,0.9841655865311623,1.2665011882781982
260,2,layer_6.attn_o,0.052011143416166306,0.0028288329764070623,0.0015506941126659513,0.03009340912103653,-0.0034510533791035415,0.15592791885137558,1.2222574710845948,0.9841655865311623,1.2665011882781982
260,2,layer_6.mlp_down,0.18062765896320343,0.007726827863642954,0.01604613848030567,0.03009340912103653,-0.004027543403208256,0.14897663071751593,1.2222574710845948,0.9841655865311623,1.2665011882781982
260,2,layer_7.attn_o,0.040000639855861664,0.0012654373602228358,0.008218033239245415,0.03009340912103653,-0.0017908846028149128,0.2442343294620514,1.2222574710845948,0.9841655865311623,1.2665011882781982
260,2,layer_7.mlp_down,0.1576831042766571,0.005156184502112511,0.03050728142261505,0.03009340912103653,0.016422596434131263,0.19531659483909608,1.2222574710845948,0.9841655865311623,1.2665011882781982
260,2,layer_8.attn_o,0.04150528460741043,0.0013230678185475976,0.005256160162389278,0.03009340912103653,0.008393967038136907,0.24571525901556016,1.2222574710845948,0.9841655865311623,1.2665011882781982
260,2,layer_8.mlp_down,0.1553846299648285,0.005037497072868903,0.03144250810146332,0.03009340912103653,0.024486513575538993,0.2439392700791359,1.2222574710845948,0.9841655865311623,1.2665011882781982
260,2,layer_9.attn_o,0.04007100686430931,0.0013356644778015866,0.011144920252263546,0.03009340912103653,0.02003024861915037,0.3412025421857834,1.2222574710845948,0.9841655865311623,1.2665011882781982
260,2,layer_9.mlp_down,0.18374653160572052,0.009308464558378882,0.03334662690758705,0.03009340912103653,0.017861211160197853,0.3174625739455223,1.2222574710845948,0.9841655865311623,1.2665011882781982
260,2,layer_10.attn_o,0.04910863935947418,0.002671036354762559,-0.004054106771945953,0.03009340912103653,0.024211034085601567,0.41030360460281373,1.2222574710845948,0.9841655865311623,1.2665011882781982
260,2,layer_10.mlp_down,0.14787697792053223,0.004415366395658885,0.1360664665699005,0.03009340912103653,0.02710795314051211,0.42550861537456514,1.2222574710845948,0.9841655865311623,1.2665011882781982
260,2,layer_11.attn_o,0.043243370950222015,0.0018012813220384288,0.09221672266721725,0.03009340912103653,0.014604594325646758,0.5837980896234513,1.2222574710845948,0.9841655865311623,1.2665011882781982
260,2,layer_11.mlp_down,0.19209401309490204,0.01071118210163869,0.06012890115380287,0.03009340912103653,0.016651397477835415,0.4256565660238266,1.2222574710845948,0.9841655865311623,1.2665011882781982
260,2,layer_12.attn_o,0.04229970648884773,0.0015241435133385892,0.007167773321270943,0.03009340912103653,0.018447528430260717,0.3871110439300537,1.2222574710845948,0.9841655865311623,1.2665011882781982
260,2,layer_12.mlp_down,0.16794835031032562,0.00623999757690937,0.046941932290792465,0.03009340912103653,0.007328157359734177,0.2977833554148674,1.2222574710845948,0.9841655865311623,1.2665011882781982
260,2,layer_13.attn_o,0.04900046065449715,0.002544340491618813,0.008396413177251816,0.03009340912103653,0.005459017009707167,0.2696570709347725,1.2222574710845948,0.9841655865311623,1.2665011882781982
260,2,layer_13.mlp_down,0.1799548715353012,0.008555236947684241,0.025479961186647415,0.03009340912103653,0.002578116627410054,0.2748026117682457,1.2222574710845948,0.9841655865311623,1.2665011882781982
260,2,layer_14.attn_o,0.042546842247247696,0.0014861156049491234,0.014401471242308617,0.03009340912103653,-0.00013860666804248466,0.29747187048196794,1.2222574710845948,0.9841655865311623,1.2665011882781982
260,2,layer_14.mlp_down,0.1761733740568161,0.007888876565636836,0.02290535345673561,0.03009340912103653,0.002481387241277844,0.3311863407492638,1.2222574710845948,0.9841655865311623,1.2665011882781982
260,2,layer_15.attn_o,0.05001223087310791,0.0027200986446090213,0.06591327488422394,0.03009340912103653,-0.00287860898533836,0.4599323570728302,1.2222574710845948,0.9841655865311623,1.2665011882781982
260,2,layer_15.mlp_down,0.16963714361190796,0.006663008133796428,0.033526841551065445,0.03009340912103653,-0.003040651947958395,0.18099768906831742,1.2222574710845948,0.9841655865311623,1.2665011882781982
260,2,layer_16.attn_o,0.04689781740307808,0.002094920354959852,0.0196961872279644,0.03009340912103653,-0.003705795475980267,0.21405817195773125,1.2222574710845948,0.9841655865311623,1.2665011882781982
260,2,layer_16.mlp_down,0.15758654475212097,0.004800631710046135,0.023183828219771385,0.03009340912103653,-0.0094132324680686,0.1640038564801216,1.2222574710845948,0.9841655865311623,1.2665011882781982
260,2,layer_17.attn_o,0.04957682266831398,0.0028714428431565625,-0.0022792175877839327,0.03009340912103653,-0.0046122724190354345,0.4119326651096344,1.2222574710845948,0.9841655865311623,1.2665011882781982
260,2,layer_17.mlp_down,0.1787915974855423,0.0072441563315380425,0.026966091245412827,0.03009340912103653,-0.010231210477650165,0.1686003439128399,1.2222574710845948,0.9841655865311623,1.2665011882781982
260,2,layer_18.attn_o,0.04904055595397949,0.0025455534153984052,0.0028084025252610445,0.03009340912103653,-0.005341509915888309,0.17436332181096076,1.2222574710845948,0.9841655865311623,1.2665011882781982
260,2,layer_18.mlp_down,0.179693341255188,0.0071342237066191515,0.014272837899625301,0.03009340912103653,-0.006609590630978346,0.2038116857409477,1.2222574710845948,0.9841655865311623,1.2665011882781982
260,2,layer_19.attn_o,0.053327687084674835,0.0030666635961986576,0.011072934605181217,0.03009340912103653,-0.009305347327608616,0.1563715659081936,1.2222574710845948,0.9841655865311623,1.2665011882781982
260,2,layer_19.mlp_down,0.18064135313034058,0.00748313406615395,0.026896629482507706,0.03009340912103653,-0.005863991728983819,0.18543184101581572,1.2222574710845948,0.9841655865311623,1.2665011882781982
260,2,layer_20.attn_o,0.04189373552799225,0.001367700951987664,0.02646743506193161,0.03009340912103653,-0.015655851969495416,0.3196040913462639,1.2222574710845948,0.9841655865311623,1.2665011882781982
260,2,layer_20.mlp_down,0.2008926272392273,0.01082906235088538,0.02002432942390442,0.03009340912103653,-0.008526286482810974,0.22422140836715698,1.2222574710845948,0.9841655865311623,1.2665011882781982
260,2,layer_21.attn_o,0.04465067759156227,0.0018036220232488071,0.11112189292907715,0.03009340912103653,-0.01651123436167836,0.5377547800540924,1.2222574710845948,0.9841655865311623,1.2665011882781982
260,2,layer_21.mlp_down,0.16578952968120575,0.00559143632640169,0.01586039923131466,0.03009340912103653,-0.009927475987933577,0.1509892649948597,1.2222574710845948,0.9841655865311623,1.2665011882781982
260,2,layer_22.attn_o,0.040753044188022614,0.0014486888323088554,0.019009655341506004,0.03009340912103653,-0.01290322260465473,0.14049050360918044,1.2222574710845948,0.9841655865311623,1.2665011882781982
260,2,layer_22.mlp_down,0.16792073845863342,0.005846268848474697,0.022636374458670616,0.03009340912103653,-0.008669892512261867,0.16911322996020317,1.2222574710845948,0.9841655865311623,1.2665011882781982
260,2,layer_23.attn_o,0.04612215980887413,0.00210741331586202,0.04815104231238365,0.03009340912103653,-0.009468425577506424,0.24296607747673987,1.2222574710845948,0.9841655865311623,1.2665011882781982
260,2,layer_23.mlp_down,0.15766951441764832,0.0048637676096611295,0.024550849571824074,0.03009340912103653,-0.011602724250406028,0.190167436003685,1.2222574710845948,0.9841655865311623,1.2665011882781982
260,2,layer_24.attn_o,0.050279900431632996,0.0026280703204988156,0.048548825085163116,0.03009340912103653,-0.005184454098343849,0.38767318725585936,1.2222574710845948,0.9841655865311623,1.2665011882781982
260,2,layer_24.mlp_down,0.18617019057273865,0.008253285578801735,0.03588840365409851,0.03009340912103653,-0.01897001371253282,0.21789486557245255,1.2222574710845948,0.9841655865311623,1.2665011882781982
260,2,layer_25.attn_o,0.04548650234937668,0.0020908486499933987,0.05249229073524475,0.03009340912103653,-0.02188125445973128,0.2649890437722206,1.2222574710845948,0.9841655865311623,1.2665011882781982
260,2,layer_25.mlp_down,0.20258678495883942,0.01099924116276202,-0.015230047516524792,0.03009340912103653,-0.0452953364700079,0.15425662249326705,1.2222574710845948,0.9841655865311623,1.2665011882781982
280,2,layer_0.attn_o,0.03822273761034012,0.0018751052802206795,0.21873047947883606,0.03268180042505264,-0.010990663757547736,0.1243550468236208,0.8106860041618347,0.9783642366528511,1.257365621626377
280,2,layer_0.mlp_down,0.12571217119693756,0.0038610278697528526,0.03200520947575569,0.03268180042505264,0.0026329828426241873,0.08631346635520458,0.8106860041618347,0.9783642366528511,1.257365621626377
280,2,layer_1.attn_o,0.03659317269921303,0.0015162491530285218,0.33201390504837036,0.03268180042505264,0.06348807718604803,0.15252231834456326,0.8106860041618347,0.9783642366528511,1.257365621626377
280,2,layer_1.mlp_down,0.1546727865934372,0.008218067318448652,0.020154321566224098,0.03268180042505264,-0.001153150136815384,0.08470291271805763,0.8106860041618347,0.9783642366528511,1.257365621626377
280,2,layer_2.attn_o,0.03718853369355202,0.0016340988393666247,0.09819923341274261,0.03268180042505264,0.01337730223312974,0.15296743512153627,0.8106860041618347,0.9783642366528511,1.257365621626377
280,2,layer_2.mlp_down,0.15871524810791016,0.008604851269598352,0.02218465507030487,0.03268180042505264,0.003894654125906527,0.12525531388819217,0.8106860041618347,0.9783642366528511,1.257365621626377
280,2,layer_3.attn_o,0.03636119142174721,0.0016154650486136929,0.04115906357765198,0.03268180042505264,0.009282238781452179,0.13345426097512245,0.8106860041618347,0.9783642366528511,1.257365621626377
280,2,layer_3.mlp_down,0.15107737481594086,0.00688376610502728,0.004954848438501358,0.03268180042505264,-0.0037838196381926536,0.10857369154691696,0.8106860041618347,0.9783642366528511,1.257365621626377
280,2,layer_4.attn_o,0.04378734529018402,0.0023810515218197653,0.04517221450805664,0.03268180042505264,0.012126117959269322,0.14715044312179087,0.8106860041618347,0.9783642366528511,1.257365621626377
280,2,layer_4.mlp_down,0.13009098172187805,0.004111687974194884,0.09771350026130676,0.03268180042505264,0.006968006095848978,0.16826617419719697,0.8106860041618347,0.9783642366528511,1.257365621626377
280,2,layer_5.attn_o,0.0355214960873127,0.0014063491426522805,0.367581307888031,0.03268180042505264,0.03198721910594031,0.33754347264766693,0.8106860041618347,0.9783642366528511,1.257365621626377
280,2,layer_5.mlp_down,0.14410166442394257,0.005809618217599461,0.015117336064577103,0.03268180042505264,0.00014835810288786887,0.10540433079004288,0.8106860041618347,0.9783642366528511,1.257365621626377
280,2,layer_6.attn_o,0.04235788434743881,0.002303799683674837,0.0015594332944601774,0.03268180042505264,0.010041400854242965,0.15455708876252175,0.8106860041618347,0.9783642366528511,1.257365621626377
280,2,layer_6.mlp_down,0.14754056930541992,0.006311370204253836,0.032136935740709305,0.03268180042505264,0.011765735130757094,0.15512461438775063,0.8106860041618347,0.9783642366528511,1.257365621626377
280,2,layer_7.attn_o,0.032717060297727585,0.0010350183912319546,0.004421026445925236,0.03268180042505264,0.016151699982583523,0.2385169744491577,0.8106860041618347,0.9783642366528511,1.257365621626377
280,2,layer_7.mlp_down,0.1295333057641983,0.004235681288154762,0.027494868263602257,0.03268180042505264,0.012267342628911137,0.20401798635721208,0.8106860041618347,0.9783642366528511,1.257365621626377
280,2,layer_8.attn_o,0.034760940819978714,0.0011080774747410677,0.01091958861798048,0.03268180042505264,0.01105337617918849,0.242089831084013,0.8106860041618347,0.9783642366528511,1.257365621626377
280,2,layer_8.mlp_down,0.12884016335010529,0.0041769208261848035,0.021162373945116997,0.03268180042505264,0.02333815027959645,0.2571901470422745,0.8106860041618347,0.9783642366528511,1.257365621626377
280,2,layer_9.attn_o,0.03389643505215645,0.0011298508544644562,0.0013169487938284874,0.03268180042505264,0.016807352914474903,0.34764801859855654,0.8106860041618347,0.9783642366528511,1.257365621626377
280,2,layer_9.mlp_down,0.155790314078331,0.007892076663803326,0.03304456174373627,0.03268180042505264,0.01848638104274869,0.32656237185001374,0.8106860041618347,0.9783642366528511,1.257365621626377
280,2,layer_10.attn_o,0.04165929928421974,0.0022658624540982442,0.009876496158540249,0.03268180042505264,0.019028452108614147,0.4179328352212906,0.8106860041618347,0.9783642366528511,1.257365621626377
280,2,layer_10.mlp_down,0.12503200769424438,0.00373324630862802,0.07390572130680084,0.03268180042505264,0.026913009863346816,0.4364803820848465,0.8106860041618347,0.9783642366528511,1.257365621626377
280,2,layer_11.attn_o,0.036719877272844315,0.0015295474331794314,0.08130310475826263,0.03268180042505264,0.024122834508307277,0.613022443652153,0.8106860041618347,0.9783642366528511,1.257365621626377
280,2,layer_11.mlp_down,0.16454090178012848,0.009174581623604015,0.059784725308418274,0.03268180042505264,0.00763986095553264,0.4235462427139282,0.8106860041618347,0.9783642366528511,1.257365621626377
280,2,layer_12.attn_o,0.036975327879190445,0.0013322961742099112,0.009224561974406242,0.03268180042505264,0.005673122592270374,0.40730725824832914,0.8106860041618347,0.9783642366528511,1.257365621626377
280,2,layer_12.mlp_down,0.1439376324415207,0.005347878044167957,0.03621100261807442,0.03268180042505264,0.006584368855692446,0.2936635673046112,0.8106860041618347,0.9783642366528511,1.257365621626377
280,2,layer_13.attn_o,0.04252853989601135,0.0022082860258472036,0.004911407828330994,0.03268180042505264,0.0017318942584097386,0.2706910341978073,0.8106860041618347,0.9783642366528511,1.257365621626377
280,2,layer_13.mlp_down,0.15487149357795715,0.007362680311266536,0.012322977185249329,0.03268180042505264,-0.0028643843717873095,0.25471629202365875,0.8106860041618347,0.9783642366528511,1.257365621626377
280,2,layer_14.attn_o,0.03632819652557373,0.0012689053121647447,0.008692066185176373,0.03268180042505264,-0.0016094148362753914,0.30966634303331375,0.8106860041618347,0.9783642366528511,1.257365621626377
280,2,layer_14.mlp_down,0.15141750872135162,0.006780273911333519,0.014311661012470722,0.03268180042505264,0.006180156907066703,0.31148210912942886,0.8106860041618347,0.9783642366528511,1.257365621626377
280,2,layer_15.attn_o,0.0429571196436882,0.0023363785999312194,0.03764660656452179,0.03268180042505264,0.019538730062777176,0.47877879738807677,0.8106860041618347,0.9783642366528511,1.257365621626377
280,2,layer_15.mlp_down,0.14465592801570892,0.005681762260555723,0.026716861873865128,0.03268180042505264,0.0065943473018705845,0.19773132354021072,0.8106860041618347,0.9783642366528511,1.257365621626377
280,2,layer_16.attn_o,0.03954608365893364,0.001766518312625859,0.013417687267065048,0.03268180042505264,0.007466197991743684,0.23507792353630066,0.8106860041618347,0.9783642366528511,1.257365621626377
280,2,layer_16.mlp_down,0.13177490234375,0.004014309927177757,0.0347086600959301,0.03268180042505264,0.009242158028064296,0.18301988542079925,0.8106860041618347,0.9783642366528511,1.257365621626377
280,2,layer_17.attn_o,0.04176884517073631,0.002419209472913356,0.04691091924905777,0.03268180042505264,0.007728365040384233,0.4609859764575958,0.8106860041618347,0.9783642366528511,1.257365621626377
280,2,layer_17.mlp_down,0.14732448756694794,0.005969141710511869,0.01599987968802452,0.03268180042505264,0.008189881849102677,0.1975911244750023,0.8106860041618347,0.9783642366528511,1.257365621626377
280,2,layer_18.attn_o,0.04235950857400894,0.0021987582639382153,0.011391397565603256,0.03268180042505264,0.002628607803490013,0.2054043985903263,0.8106860041618347,0.9783642366528511,1.257365621626377
280,2,layer_18.mlp_down,0.14589466154575348,0.005792314494579369,0.04515085369348526,0.03268180042505264,0.0070482628419995304,0.24218103289604187,0.8106860041618347,0.9783642366528511,1.257365621626377
280,2,layer_19.attn_o,0.04340619593858719,0.0024961161079620022,0.023244164884090424,0.03268180042505264,0.003867346770130098,0.2213958077132702,0.8106860041618347,0.9783642366528511,1.257365621626377
280,2,layer_19.mlp_down,0.1458922177553177,0.006043599277995061,0.027166767045855522,0.03268180042505264,0.006077278312295676,0.22011846899986268,0.8106860041618347,0.9783642366528511,1.257365621626377
280,2,layer_20.attn_o,0.034756142646074295,0.00113468075131988,0.01764976978302002,0.03268180042505264,0.01454630964435637,0.36634348779916764,0.8106860041618347,0.9783642366528511,1.257365621626377
280,2,layer_20.mlp_down,0.16169048845767975,0.008715717750334188,0.036620236933231354,0.03268180042505264,0.010723967989906668,0.26076958775520326,0.8106860041618347,0.9783642366528511,1.257365621626377
280,2,layer_21.attn_o,0.03628518059849739,0.0014657054336153098,0.05386584252119064,0.03268180042505264,0.03260377356782555,0.5632613331079483,0.8106860041618347,0.9783642366528511,1.257365621626377
280,2,layer_21.mlp_down,0.13272053003311157,0.004476128808627566,0.02417675219476223,0.03268180042505264,0.008834956865757703,0.16928121522068978,0.8106860041618347,0.9783642366528511,1.257365621626377
280,2,layer_22.attn_o,0.033372122794389725,0.0011863114252728488,0.008295559324324131,0.03268180042505264,0.010494756768457592,0.17239930406212806,0.8106860041618347,0.9783642366528511,1.257365621626377
280,2,layer_22.mlp_down,0.1354742795228958,0.004716599390154213,0.006313576363027096,0.03268180042505264,0.010477878077654167,0.18945180773735046,0.8106860041618347,0.9783642366528511,1.257365621626377
280,2,layer_23.attn_o,0.03703383728861809,0.0016921487317792582,0.008573939092457294,0.03268180042505264,0.014919148269109428,0.3154973417520523,0.8106860041618347,0.9783642366528511,1.257365621626377
280,2,layer_23.mlp_down,0.12714748084545135,0.003922221170583046,0.020289523527026176,0.03268180042505264,0.013049251446500421,0.2060166895389557,0.8106860041618347,0.9783642366528511,1.257365621626377
280,2,layer_24.attn_o,0.042140837758779526,0.0022026499216871473,0.026937473565340042,0.03268180042505264,0.03105903244577348,0.43174136579036715,0.8106860041618347,0.9783642366528511,1.257365621626377
280,2,layer_24.mlp_down,0.15106379985809326,0.0066968679575907675,0.02203216962516308,0.03268180042505264,0.018641760211903603,0.237510846555233,0.8106860041618347,0.9783642366528511,1.257365621626377
280,2,layer_25.attn_o,0.03828428313136101,0.0017597892034507455,0.01622937247157097,0.03268180042505264,0.029440002329647542,0.2802900433540344,0.8106860041618347,0.9783642366528511,1.257365621626377
280,2,layer_25.mlp_down,0.16683825850486755,0.0090580677922165,0.024557245895266533,0.03268180042505264,0.027232154831290246,0.1241750568151474,0.8106860041618347,0.9783642366528511,1.257365621626377
300,2,layer_0.attn_o,0.029729671776294708,0.0014584572298892763,-0.048460908234119415,0.006515101063996553,0.05009913425892591,0.14383674934506416,0.9273707449436188,0.9771253019571304,1.2829592004418373
300,2,layer_0.mlp_down,0.08950933068990707,0.002749117537439472,-0.009553259238600731,0.006515101063996553,-0.00012409183618729004,0.06397915603592992,0.9273707449436188,0.9771253019571304,1.2829592004418373
300,2,layer_1.attn_o,0.030442699790000916,0.0012614025517792607,0.11690868437290192,0.006515101063996553,0.011026214249432087,0.14224945344030857,0.9273707449436188,0.9771253019571304,1.2829592004418373
300,2,layer_1.mlp_down,0.11111684888601303,0.0059037852570576095,0.0015192606952041388,0.006515101063996553,0.0007620626856805757,0.06366311786696315,0.9273707449436188,0.9771253019571304,1.2829592004418373
300,2,layer_2.attn_o,0.02863316237926483,0.0012581676372080575,0.0024386306758970022,0.006515101063996553,0.005408773268572986,0.10579025987535715,0.9273707449436188,0.9771253019571304,1.2829592004418373
300,2,layer_2.mlp_down,0.11198274046182632,0.006071136731188376,0.01754421927034855,0.006515101063996553,0.0004545147996395826,0.09407507050782442,0.9273707449436188,0.9771253019571304,1.2829592004418373
300,2,layer_3.attn_o,0.028839770704507828,0.0012813004243638051,0.010174266062676907,0.006515101063996553,0.0013809029245749117,0.11266943784430623,0.9273707449436188,0.9771253019571304,1.2829592004418373
300,2,layer_3.mlp_down,0.11206027120351791,0.0051059448327468995,0.0006709665176458657,0.006515101063996553,-0.0010249213606584816,0.07396748941391706,0.9273707449436188,0.9771253019571304,1.2829592004418373
300,2,layer_4.attn_o,0.03548027202486992,0.0019293302664274666,0.01447973307222128,0.006515101063996553,-0.002593459445051849,0.10164966881275177,0.9273707449436188,0.9771253019571304,1.2829592004418373
300,2,layer_4.mlp_down,0.10154831409454346,0.003209551056430794,0.005772341042757034,0.006515101063996553,-0.0042000950779765844,0.11135156378149987,0.9273707449436188,0.9771253019571304,1.2829592004418373
300,2,layer_5.attn_o,0.03396914526820183,0.0013448903697633038,0.10432752221822739,0.006515101063996553,0.0184563341550529,0.24089958667755126,0.9273707449436188,0.9771253019571304,1.2829592004418373
300,2,layer_5.mlp_down,0.11364586651325226,0.004581730804351537,0.011537214741110802,0.006515101063996553,0.00096166463335976,0.06105978637933731,0.9273707449436188,0.9771253019571304,1.2829592004418373
300,2,layer_6.attn_o,0.034628212451934814,0.001883391158978321,0.008897555992007256,0.006515101063996553,-0.0013958923751488327,0.08491087090224028,0.9273707449436188,0.9771253019571304,1.2829592004418373
300,2,layer_6.mlp_down,0.11935576796531677,0.0051056679221256306,0.01943826489150524,0.006515101063996553,0.0004264555172994733,0.08563226647675037,0.9273707449436188,0.9771253019571304,1.2829592004418373
300,2,layer_7.attn_o,0.028411678969860077,0.0008988156230668356,0.014475105330348015,0.006515101063996553,-0.0012313838815316558,0.1438291732221842,0.9273707449436188,0.9771253019571304,1.2829592004418373
300,2,layer_7.mlp_down,0.10784748196601868,0.0035265493517969903,0.00922739040106535,0.006515101063996553,0.0005546791944652796,0.11145447716116905,0.9273707449436188,0.9771253019571304,1.2829592004418373
300,2,layer_8.attn_o,0.02964062988758087,0.0009448569439649331,0.009249605238437653,0.006515101063996553,0.0010154530173167586,0.12644013650715352,0.9273707449436188,0.9771253019571304,1.2829592004418373
300,2,layer_8.mlp_down,0.10920694470405579,0.0035404046062076505,0.027705729007720947,0.006515101063996553,0.00389668180141598,0.148037126660347,0.9273707449436188,0.9771253019571304,1.2829592004418373
300,2,layer_9.attn_o,0.02961207553744316,0.0009870427021887562,0.013894314877688885,0.006515101063996553,0.01679252224275842,0.2134230487048626,0.9273707449436188,0.9771253019571304,1.2829592004418373
300,2,layer_9.mlp_down,0.1333666741847992,0.006756054900898359,0.0235889982432127,0.006515101063996553,0.00014246236532926558,0.19602311700582503,0.9273707449436188,0.9771253019571304,1.2829592004418373
300,2,layer_10.attn_o,0.03636486083269119,0.00197789668384128,0.0134174395352602,0.006515101063996553,0.001652869302779436,0.2647617027163506,0.9273707449436188,0.9771253019571304,1.2829592004418373
300,2,layer_10.mlp_down,0.11034736782312393,0.0032947732998206344,0.01837005652487278,0.006515101063996553,-0.009063789341598748,0.29116839319467547,0.9273707449436188,0.9771253019571304,1.2829592004418373
300,2,layer_11.attn_o,0.03751824051141739,0.0015628022187766052,-0.004438729956746101,0.006515101063996553,0.006745962472632527,0.4346653878688812,0.9273707449436188,0.9771253019571304,1.2829592004418373
300,2,layer_11.mlp_down,0.14222049713134766,0.00792989148317625,0.010125219821929932,0.006515101063996553,0.013189429324120283,0.2767569303512573,0.9273707449436188,0.9771253019571304,1.2829592004418373
300,2,layer_12.attn_o,0.032789550721645355,0.0011814737143566163,0.006701697129756212,0.006515101063996553,0.01088229394517839,0.252511590719223,0.9273707449436188,0.9771253019571304,1.2829592004418373
300,2,layer_12.mlp_down,0.12373869866132736,0.0045973767903803526,0.00666395016014576,0.006515101063996553,0.00804339125752449,0.1866127610206604,0.9273707449436188,0.9771253019571304,1.2829592004418373
300,2,layer_13.attn_o,0.03604317456483841,0.0018715330450499927,0.006762368138879538,0.006515101063996553,0.003680497221648693,0.16007698886096478,0.9273707449436188,0.9771253019571304,1.2829592004418373
300,2,layer_13.mlp_down,0.130080908536911,0.006184070542708328,0.007608955726027489,0.006515101063996553,0.006796668781316839,0.16637997180223466,0.9273707449436188,0.9771253019571304,1.2829592004418373
300,2,layer_14.attn_o,0.030775923281908035,0.0010749699480194278,0.00484476750716567,0.006515101063996553,0.008364125713706016,0.18411931693553923,0.9273707449436188,0.9771253019571304,1.2829592004418373
300,2,layer_14.mlp_down,0.12763386964797974,0.005715226954194678,0.004922065883874893,0.006515101063996553,0.010008930158801378,0.2019454635679722,0.9273707449436188,0.9771253019571304,1.2829592004418373
300,2,layer_15.attn_o,0.03864027559757233,0.002101590959073671,0.012250740081071854,0.006515101063996553,0.011800473928451538,0.31317068040370943,0.9273707449436188,0.9771253019571304,1.2829592004418373
300,2,layer_15.mlp_down,0.12190887331962585,0.004788265991830552,0.008014769293367863,0.006515101063996553,0.014029789436608552,0.11455497518181801,0.9273707449436188,0.9771253019571304,1.2829592004418373
300,2,layer_16.attn_o,0.03347894549369812,0.0014954998005444018,0.009507838636636734,0.006515101063996553,0.011389630899066106,0.13960893861949444,0.9273707449436188,0.9771253019571304,1.2829592004418373
300,2,layer_16.mlp_down,0.11227196455001831,0.003420172847510088,0.004169348161667585,0.006515101063996553,0.007902178502990864,0.11307467613369226,0.9273707449436188,0.9771253019571304,1.2829592004418373
300,2,layer_17.attn_o,0.036374080926179886,0.002106750157573968,-0.000546253053471446,0.006515101063996553,0.010127149987965822,0.30643257051706313,0.9273707449436188,0.9771253019571304,1.2829592004418373
300,2,layer_17.mlp_down,0.12281002104282379,0.004975850220871968,0.007112471852451563,0.006515101063996553,0.006364988139830529,0.11613560505211354,0.9273707449436188,0.9771253019571304,1.2829592004418373
300,2,layer_18.attn_o,0.03754795715212822,0.0019490045018880212,0.00013890716945752501,0.006515101063996553,0.0029940786655060945,0.13809422589838505,0.9273707449436188,0.9771253019571304,1.2829592004418373
300,2,layer_18.mlp_down,0.11812075972557068,0.004689599003685352,0.002050909912213683,0.006515101063996553,0.009423526655882596,0.1432964913547039,0.9273707449436188,0.9771253019571304,1.2829592004418373
300,2,layer_19.attn_o,0.037269290536642075,0.0021432054295350664,0.0035908387508243322,0.006515101063996553,0.006234665017109365,0.13941934444010257,0.9273707449436188,0.9771253019571304,1.2829592004418373
300,2,layer_19.mlp_down,0.1177935004234314,0.004879571330100296,0.002538942499086261,0.006515101063996553,0.007579210842959583,0.13029385171830654,0.9273707449436188,0.9771253019571304,1.2829592004418373
300,2,layer_20.attn_o,0.028809022158384323,0.000940525335701622,0.0029623014852404594,0.006515101063996553,0.015183318499475717,0.24536528438329697,0.9273707449436188,0.9771253019571304,1.2829592004418373
300,2,layer_20.mlp_down,0.1301325559616089,0.007014520544790061,0.011634214781224728,0.006515101063996553,0.005978912580758333,0.17214065082371235,0.9273707449436188,0.9771253019571304,1.2829592004418373
300,2,layer_21.attn_o,0.03182414174079895,0.001285505903690876,0.002195223467424512,0.006515101063996553,0.0050213741138577465,0.3838551014661789,0.9273707449436188,0.9771253019571304,1.2829592004418373
300,2,layer_21.mlp_down,0.1072208508849144,0.003616117122281845,0.00010485154780326411,0.006515101063996553,0.0026579574798233805,0.11957768611609935,0.9273707449436188,0.9771253019571304,1.2829592004418373
300,2,layer_22.attn_o,0.02815108373761177,0.0010007139176865937,0.002003564266487956,0.006515101063996553,0.0071914694854058325,0.11577267367392778,0.9273707449436188,0.9771253019571304,1.2829592004418373
300,2,layer_22.mlp_down,0.10813659429550171,0.003764804547271493,0.0023602850269526243,0.006515101063996553,0.0007502690423280001,0.14259957596659661,0.9273707449436188,0.9771253019571304,1.2829592004418373
300,2,layer_23.attn_o,0.029956243932247162,0.0013687593577836308,-0.011622438207268715,0.006515101063996553,0.0005937567446380853,0.22418655902147294,0.9273707449436188,0.9771253019571304,1.2829592004418373
300,2,layer_23.mlp_down,0.10145819932222366,0.0031297520787370615,-0.01034366711974144,0.006515101063996553,-0.001319049671292305,0.15187625847756864,0.9273707449436188,0.9771253019571304,1.2829592004418373
300,2,layer_24.attn_o,0.03581389784812927,0.0018719481566339203,-0.0060112145729362965,0.006515101063996553,-0.0017327331006526947,0.31526528894901273,0.9273707449436188,0.9771253019571304,1.2829592004418373
300,2,layer_24.mlp_down,0.11887802183628082,0.0052699840675667605,-0.00893738865852356,0.006515101063996553,0.006410074001178145,0.18180322647094727,0.9273707449436188,0.9771253019571304,1.2829592004418373
300,2,layer_25.attn_o,0.0332634411752224,0.0015289988301568397,-0.012974362820386887,0.006515101063996553,0.007376357913017273,0.19560107141733168,0.9273707449436188,0.9771253019571304,1.2829592004418373
300,2,layer_25.mlp_down,0.12900467216968536,0.007003862684970988,-0.013261892832815647,0.006515101063996553,-0.01411472052859608,0.11977955661714076,0.9273707449436188,0.9771253019571304,1.2829592004418373
320,2,layer_0.attn_o,0.022707315161824226,0.001113957753642712,0.1673763245344162,-0.003162905341014266,-0.011999300494790078,0.09766942970454692,0.9184414088726044,0.9689344018697739,1.2768554836511612
320,2,layer_0.mlp_down,0.07301438599824905,0.0022424885306287193,-0.0012133002746850252,-0.003162905341014266,-0.0023345629015238956,0.05772407447220758,0.9184414088726044,0.9689344018697739,1.2768554836511612
320,2,layer_1.attn_o,0.021556047722697258,0.0008931809891252634,0.08261961489915848,-0.003162905341014266,-0.006898314598947764,0.10153951309621334,0.9184414088726044,0.9689344018697739,1.2768554836511612
320,2,layer_1.mlp_down,0.09122739732265472,0.004846979811931036,-0.00010049258708022535,-0.003162905341014266,-1.8110615201294422e-05,0.052116322598885746,0.9184414088726044,0.9689344018697739,1.2768554836511612
320,2,layer_2.attn_o,0.02140888385474682,0.0009407256841869144,0.024340186268091202,-0.003162905341014266,0.0012156088836491109,0.08777852989733219,0.9184414088726044,0.9689344018697739,1.2768554836511612
320,2,layer_2.mlp_down,0.09038307517766953,0.004900068249797861,0.01367593090981245,-0.003162905341014266,0.002477698866277933,0.07582649001851678,0.9184414088726044,0.9689344018697739,1.2768554836511612
320,2,layer_3.attn_o,0.021475229412317276,0.0009541067729436298,0.008591807447373867,-0.003162905341014266,0.008082253322936595,0.08706780802458525,0.9184414088726044,0.9689344018697739,1.2768554836511612
320,2,layer_3.mlp_down,0.08934355527162552,0.0040708494126514266,-0.0004616987134795636,-0.003162905341014266,-0.002584157646924723,0.06513112867251039,0.9184414088726044,0.9689344018697739,1.2768554836511612
320,2,layer_4.attn_o,0.026581555604934692,0.001445438070273873,0.008181136101484299,-0.003162905341014266,0.006965955352643505,0.09638863727450371,0.9184414088726044,0.9689344018697739,1.2768554836511612
320,2,layer_4.mlp_down,0.07866151630878448,0.0024861720984070607,0.016001205891370773,-0.003162905341014266,-0.005793667305260897,0.11174306347966194,0.9184414088726044,0.9689344018697739,1.2768554836511612
320,2,layer_5.attn_o,0.02207658626139164,0.0008740453235199356,0.020712418481707573,-0.003162905341014266,0.060272813448682426,0.259349599853158,0.9184414088726044,0.9689344018697739,1.2768554836511612
320,2,layer_5.mlp_down,0.0898175910115242,0.0036210447136141694,0.012379842810332775,-0.003162905341014266,0.0013007985253352672,0.059427587687969206,0.9184414088726044,0.9689344018697739,1.2768554836511612
320,2,layer_6.attn_o,0.026691703125834465,0.001451732065720952,0.0015541601460427046,-0.003162905341014266,0.007393934251740575,0.08773629907518625,0.9184414088726044,0.9689344018697739,1.2768554836511612
320,2,layer_6.mlp_down,0.09540827572345734,0.004081217194941544,-0.009100530296564102,-0.003162905341014266,0.0010744102095486597,0.07697120197117328,0.9184414088726044,0.9689344018697739,1.2768554836511612
320,2,layer_7.attn_o,0.0211936105042696,0.0006704684526947338,-0.0033481151331216097,-0.003162905341014266,0.0004811829421669245,0.13478367030620575,0.9184414088726044,0.9689344018697739,1.2768554836511612
320,2,layer_7.mlp_down,0.08580653369426727,0.002805801582312495,-0.008214355446398258,-0.003162905341014266,0.002859084401279688,0.10843498669564725,0.9184414088726044,0.9689344018697739,1.2768554836511612
320,2,layer_8.attn_o,0.02241043746471405,0.0007143787745809239,0.0004342544998507947,-0.003162905341014266,0.003821005718782544,0.12634590920060873,0.9184414088726044,0.9689344018697739,1.2768554836511612
320,2,layer_8.mlp_down,0.0871681496500969,0.002825906108194361,-0.0012756700161844492,-0.003162905341014266,0.011343766425852664,0.1434433214366436,0.9184414088726044,0.9689344018697739,1.2768554836511612
320,2,layer_9.attn_o,0.02259858511388302,0.0007532655292983995,-0.0029464946128427982,-0.003162905341014266,0.006583781470544637,0.20359220467507838,0.9184414088726044,0.9689344018697739,1.2768554836511612
320,2,layer_9.mlp_down,0.10768481343984604,0.005454981741034967,-0.007688713725656271,-0.003162905341014266,0.007368510821834207,0.19751308038830756,0.9184414088726044,0.9689344018697739,1.2768554836511612
320,2,layer_10.attn_o,0.027792369946837425,0.001511633746280538,-0.006621703039854765,-0.003162905341014266,0.00818148348480463,0.2683414317667484,0.9184414088726044,0.9689344018697739,1.2768554836511612
320,2,layer_10.mlp_down,0.08590815961360931,0.002565050660622402,0.01981150358915329,-0.003162905341014266,-0.004934753198176623,0.29254902303218844,0.9184414088726044,0.9689344018697739,1.2768554836511612
320,2,layer_11.attn_o,0.025222333148121834,0.0010506219468789327,0.02534642070531845,-0.003162905341014266,0.010777225065976382,0.4369202718138695,0.9184414088726044,0.9689344018697739,1.2768554836511612
320,2,layer_11.mlp_down,0.11424922943115234,0.006370131554417241,0.002433937508612871,-0.003162905341014266,0.006035942514427006,0.2673835620284081,0.9184414088726044,0.9689344018697739,1.2768554836511612
320,2,layer_12.attn_o,0.025065017864108086,0.000903142206621777,0.00021995702991262078,-0.003162905341014266,0.004951307945884764,0.24909913018345833,0.9184414088726044,0.9689344018697739,1.2768554836511612
320,2,layer_12.mlp_down,0.09933239966630936,0.003690550153978338,0.004444113001227379,-0.003162905341014266,-0.001826556632295251,0.17696340382099152,0.9184414088726044,0.9689344018697739,1.2768554836511612
320,2,layer_13.attn_o,0.028760991990566254,0.0014934060126231736,0.0006874432438053191,-0.003162905341014266,-0.002262172079645097,0.16126426942646505,0.9184414088726044,0.9689344018697739,1.2768554836511612
320,2,layer_13.mlp_down,0.1070321723818779,0.005088269366946604,-0.005884531419724226,-0.003162905341014266,0.002696654200553894,0.15032949447631835,0.9184414088726044,0.9689344018697739,1.2768554836511612
320,2,layer_14.attn_o,0.024124881252646446,0.0008426562490526942,-0.0020145797170698643,-0.003162905341014266,-0.0016879171336768195,0.18218377977609634,0.9184414088726044,0.9689344018697739,1.2768554836511612
320,2,layer_14.mlp_down,0.10562245547771454,0.00472955298250073,0.004201003350317478,-0.003162905341014266,0.0021677908953279257,0.18376867547631265,0.9184414088726044,0.9689344018697739,1.2768554836511612
320,2,layer_15.attn_o,0.02947295270860195,0.0016029906628308537,0.007788785267621279,-0.003162905341014266,0.0008039969950914383,0.3064009487628937,0.9184414088726044,0.9689344018697739,1.2768554836511612
320,2,layer_15.mlp_down,0.09885146468877792,0.0038825952791191045,0.004211785271763802,-0.003162905341014266,0.0030013133073225617,0.11728059127926826,0.9184414088726044,0.9689344018697739,1.2768554836511612
320,2,layer_16.attn_o,0.0261501707136631,0.0011681233640358573,-0.0016362440073862672,-0.003162905341014266,0.0002423759338853415,0.1484501376748085,0.9184414088726044,0.9689344018697739,1.2768554836511612
320,2,layer_16.mlp_down,0.08899330347776413,0.002711017650664428,-0.0037458378355950117,-0.003162905341014266,0.005757719074608758,0.10995360389351845,0.9184414088726044,0.9689344018697739,1.2768554836511612
320,2,layer_17.attn_o,0.02777336724102497,0.0016086044111172978,-0.0016312452498823404,-0.003162905341014266,0.007956073700916022,0.2918425902724266,0.9184414088726044,0.9689344018697739,1.2768554836511612
320,2,layer_17.mlp_down,0.0991673693060875,0.004017891374880384,0.007761531043797731,-0.003162905341014266,0.0041648625861853365,0.11777757555246353,0.9184414088726044,0.9689344018697739,1.2768554836511612
320,2,layer_18.attn_o,0.03007081151008606,0.001560885758413467,-0.0018185413209721446,-0.003162905341014266,0.003480111731914803,0.14399050176143646,0.9184414088726044,0.9689344018697739,1.2768554836511612
320,2,layer_18.mlp_down,0.09546239674091339,0.003789991129830878,-0.002699551871046424,-0.003162905341014266,0.002839461452094838,0.1538947932422161,0.9184414088726044,0.9689344018697739,1.2768554836511612
320,2,layer_19.attn_o,0.030903926119208336,0.0017771570477159975,-0.003193177981302142,-0.003162905341014266,0.0015101923374459148,0.12988730594515802,0.9184414088726044,0.9689344018697739,1.2768554836511612
320,2,layer_19.mlp_down,0.0967717319726944,0.004008718524418713,-0.0040433951653540134,-0.003162905341014266,0.0018283670535311103,0.1282632201910019,0.9184414088726044,0.9689344018697739,1.2768554836511612
320,2,layer_20.attn_o,0.02243218384683132,0.0007323409526724586,0.0018088503275066614,-0.003162905341014266,-0.0010275657754391433,0.2514768406748772,0.9184414088726044,0.9689344018697739,1.2768554836511612
320,2,layer_20.mlp_down,0.10987097024917603,0.005922276105565501,-0.008191781118512154,-0.003162905341014266,0.007179813599213958,0.1702294372022152,0.9184414088726044,0.9689344018697739,1.2768554836511612
320,2,layer_21.attn_o,0.025053808465600014,0.0010120245036178625,-0.009437850676476955,-0.003162905341014266,0.0012061942834407091,0.40154017210006715,0.9184414088726044,0.9689344018697739,1.2768554836511612
320,2,layer_21.mlp_down,0.09063191711902618,0.0030566209400596125,0.00621089106425643,-0.003162905341014266,0.006484642007853836,0.10670185759663582,0.9184414088726044,0.9689344018697739,1.2768554836511612
320,2,layer_22.attn_o,0.022913118824362755,0.0008145141179453102,0.0027844789437949657,-0.003162905341014266,0.0024217622820287945,0.12082236856222153,0.9184414088726044,0.9689344018697739,1.2768554836511612
320,2,layer_22.mlp_down,0.09081440418958664,0.003161707485163315,0.009828861802816391,-0.003162905341014266,0.0026889635249972344,0.1375091589987278,0.9184414088726044,0.9689344018697739,1.2768554836511612
320,2,layer_23.attn_o,0.023126984015107155,0.0010567163823815603,0.026694463565945625,-0.003162905341014266,0.0050299042603001,0.24794369488954543,0.9184414088726044,0.9689344018697739,1.2768554836511612
320,2,layer_23.mlp_down,0.08471088856458664,0.0026131225334787684,0.022881660610437393,-0.003162905341014266,0.007866442308659316,0.1455519750714302,0.9184414088726044,0.9689344018697739,1.2768554836511612
320,2,layer_24.attn_o,0.02904937043786049,0.0015183728567521885,0.0011787457624450326,-0.003162905341014266,-0.006629003630951047,0.3022735953330994,0.9184414088726044,0.9689344018697739,1.2768554836511612
320,2,layer_24.mlp_down,0.0990842953324318,0.004392468224520806,0.031287841498851776,-0.003162905341014266,0.01096813315525651,0.1960857942700386,0.9184414088726044,0.9689344018697739,1.2768554836511612
320,2,layer_25.attn_o,0.027127346023917198,0.0012469441950337572,0.03209648281335831,-0.003162905341014266,0.03639205889776349,0.22099170833826065,0.9184414088726044,0.9689344018697739,1.2768554836511612
320,2,layer_25.mlp_down,0.10788033157587051,0.0058569095847716916,-0.05526435002684593,-0.003162905341014266,0.027676720594172366,0.13050706088542938,0.9184414088726044,0.9689344018697739,1.2768554836511612
340,2,layer_0.attn_o,0.017016973346471786,0.0008348050913496843,-0.02198605053126812,-0.006127147004008293,-0.014772499166429042,0.04361471589654684,0.961888563632965,0.9616027548909187,1.2703524008393288
340,2,layer_0.mlp_down,0.05499842017889023,0.0016891568254355758,-0.010976051911711693,-0.006127147004008293,-0.005254172021523118,0.06046089445007965,0.961888563632965,0.9616027548909187,1.2703524008393288
340,2,layer_1.attn_o,0.016219597309827805,0.0006720632184208679,0.11976901441812515,-0.006127147004008293,-0.01057138149626553,0.12998988227918745,0.961888563632965,0.9616027548909187,1.2703524008393288
340,2,layer_1.mlp_down,0.06696385890245438,0.003557822933102296,-0.0065808906219899654,-0.006127147004008293,-0.002366667299065739,0.05551389781758189,0.961888563632965,0.9616027548909187,1.2703524008393288
340,2,layer_2.attn_o,0.015978503972291946,0.0007021099485331198,-0.01609560288488865,-0.006127147004008293,-0.0057163865014445035,0.09406719789840282,0.961888563632965,0.9616027548909187,1.2703524008393288
340,2,layer_2.mlp_down,0.06831710785627365,0.0037037476538671196,-0.03920522332191467,-0.006127147004008293,0.003020298288902268,0.07077521351166069,0.961888563632965,0.9616027548909187,1.2703524008393288
340,2,layer_3.attn_o,0.01606650836765766,0.00071380636098726,0.005874279886484146,-0.006127147004008293,0.0048304669791832565,0.08067071689292789,0.961888563632965,0.9616027548909187,1.2703524008393288
340,2,layer_3.mlp_down,0.06662058085203171,0.0030354885490564442,-0.010234592482447624,-0.006127147004008293,-0.004591103317216039,0.06612304002046585,0.961888563632965,0.9616027548909187,1.2703524008393288
340,2,layer_4.attn_o,0.019763072952628136,0.0010746655930101267,0.008776453323662281,-0.006127147004008293,-0.00040821528527885677,0.08203966515138746,0.961888563632965,0.9616027548909187,1.2703524008393288
340,2,layer_4.mlp_down,0.059352338314056396,0.0018758792321448368,0.01298772357404232,-0.006127147004008293,-0.005568556825164705,0.09087480474263429,0.961888563632965,0.9616027548909187,1.2703524008393288
340,2,layer_5.attn_o,0.016251232475042343,0.0006434105929024155,0.15333408117294312,-0.006127147004008293,-0.010242219036445021,0.21636027581989764,0.961888563632965,0.9616027548909187,1.2703524008393288
340,2,layer_5.mlp_down,0.06713169068098068,0.002706432277849438,-0.002220657654106617,-0.006127147004008293,-0.003250892819778528,0.0691155007109046,0.961888563632965,0.9616027548909187,1.2703524008393288
340,2,layer_6.attn_o,0.019709015265107155,0.0010719500996627608,-0.0008356387843377888,-0.006127147004008293,-0.002236471034120768,0.08328378889709712,0.961888563632965,0.9616027548909187,1.2703524008393288
340,2,layer_6.mlp_down,0.07124670594930649,0.0030476569217701773,0.01368851587176323,-0.006127147004008293,-0.0050874059670604765,0.08845116272568702,0.961888563632965,0.9616027548909187,1.2703524008393288
340,2,layer_7.attn_o,0.01564328558743,0.0004948814667851401,-0.0010119457729160786,-0.006127147004008293,-0.001527919271029532,0.13125547915697097,0.961888563632965,0.9616027548909187,1.2703524008393288
340,2,layer_7.mlp_down,0.06355024874210358,0.002078025371566676,-0.00738398777320981,-0.006127147004008293,-0.00455435523763299,0.11270681917667388,0.961888563632965,0.9616027548909187,1.2703524008393288
340,2,layer_8.attn_o,0.01659833826124668,0.000529105936428695,0.0015639124903827906,-0.006127147004008293,-0.0028589296620339156,0.13885396383702756,0.961888563632965,0.9616027548909187,1.2703524008393288
340,2,layer_8.mlp_down,0.06479349732398987,0.0021005280080061946,-0.0009814663790166378,-0.006127147004008293,-0.010475346856401302,0.15128349959850312,0.961888563632965,0.9616027548909187,1.2703524008393288
340,2,layer_9.attn_o,0.016578150913119316,0.0005525896071815273,0.008353456854820251,-0.006127147004008293,0.0005910476669669151,0.21321623846888543,0.961888563632965,0.9616027548909187,1.2703524008393288
340,2,layer_9.mlp_down,0.08002883195877075,0.004053976317785987,-0.005176070146262646,-0.006127147004008293,-0.0005405807867646217,0.20805662423372268,0.961888563632965,0.9616027548909187,1.2703524008393288
340,2,layer_10.attn_o,0.020807774737477303,0.00113173921331906,5.106195021653548e-05,-0.006127147004008293,0.004437970073195174,0.28043033480644225,0.961888563632965,0.9616027548909187,1.2703524008393288
340,2,layer_10.mlp_down,0.06391312927007675,0.0019083126788354543,0.03237338736653328,-0.006127147004008293,0.00778335127979517,0.3094014823436737,0.961888563632965,0.9616027548909187,1.2703524008393288
340,2,layer_11.attn_o,0.01840551197528839,0.0007666702230216634,0.011646784842014313,-0.006127147004008293,0.02120375125668943,0.46608258187770846,0.961888563632965,0.9616027548909187,1.2703524008393288
340,2,layer_11.mlp_down,0.08551924675703049,0.004768173623128602,0.004029495175927877,-0.006127147004008293,0.010461643221788108,0.2952294170856476,0.961888563632965,0.9616027548909187,1.2703524008393288
340,2,layer_12.attn_o,0.018358469009399414,0.0006614915674837135,-0.0006789179751649499,-0.006127147004008293,0.008130523981526494,0.27042520642280576,0.961888563632965,0.9616027548909187,1.2703524008393288
340,2,layer_12.mlp_down,0.0734637901186943,0.0027294190724475734,-0.004417662508785725,-0.006127147004008293,0.0073757540318183604,0.2085471607744694,0.961888563632965,0.9616027548909187,1.2703524008393288
340,2,layer_13.attn_o,0.021309535950422287,0.0011064907015145775,0.0005576345138251781,-0.006127147004008293,0.012403910513967276,0.19746062234044076,0.961888563632965,0.9616027548909187,1.2703524008393288
340,2,layer_13.mlp_down,0.07945425063371658,0.0037771869418464126,-0.005793512333184481,-0.006127147004008293,0.010054781334474683,0.19358107075095177,0.961888563632965,0.9616027548909187,1.2703524008393288
340,2,layer_14.attn_o,0.017725341022014618,0.0006191270842828088,-0.0007623988203704357,-0.006127147004008293,0.007838269136846066,0.22574256584048272,0.961888563632965,0.9616027548909187,1.2703524008393288
340,2,layer_14.mlp_down,0.07812853157520294,0.0034984088820123696,0.00030783331021666527,-0.006127147004008293,0.011985111155081541,0.23867947608232498,0.961888563632965,0.9616027548909187,1.2703524008393288
340,2,layer_15.attn_o,0.021253835409879684,0.0011559632510469364,-0.002720816759392619,-0.006127147004008293,0.018349371291697024,0.3599047675728798,0.961888563632965,0.9616027548909187,1.2703524008393288
340,2,layer_15.mlp_down,0.07153163850307465,0.0028095323085302027,-0.0039517260156571865,-0.006127147004008293,0.006575660919770599,0.1681813783943653,0.961888563632965,0.9616027548909187,1.2703524008393288
340,2,layer_16.attn_o,0.018857186660170555,0.000842346950824771,-0.005375653970986605,-0.006127147004008293,0.0069578868802636865,0.2064296543598175,0.961888563632965,0.9616027548909187,1.2703524008393288
340,2,layer_16.mlp_down,0.06412174552679062,0.0019533406186720997,-0.010956293903291225,-0.006127147004008293,0.0037703373469412326,0.17598226964473723,0.961888563632965,0.9616027548909187,1.2703524008393288
340,2,layer_17.attn_o,0.018788229674100876,0.001088194150658994,-0.010645776055753231,-0.006127147004008293,0.00540264054434374,0.3958853244781494,0.961888563632965,0.9616027548909187,1.2703524008393288
340,2,layer_17.mlp_down,0.07211842387914658,0.002921943403070135,-0.001795615185983479,-0.006127147004008293,0.003504579613218084,0.18505633026361465,0.961888563632965,0.9616027548909187,1.2703524008393288
340,2,layer_18.attn_o,0.020806634798645973,0.0010800085961067954,0.001656380482017994,-0.006127147004008293,0.0027380103507312014,0.21559256836771964,0.961888563632965,0.9616027548909187,1.2703524008393288
340,2,layer_18.mlp_down,0.06970114260911942,0.002767218307721975,-0.001276661059819162,-0.006127147004008293,0.0036394117269082926,0.21469103395938874,0.961888563632965,0.9616027548909187,1.2703524008393288
340,2,layer_19.attn_o,0.022622760385274887,0.001300939582102746,0.00546838017180562,-0.006127147004008293,0.005535077292006463,0.21742285266518593,0.961888563632965,0.9616027548909187,1.2703524008393288
340,2,layer_19.mlp_down,0.0709492489695549,0.002939019379039882,0.006166665814816952,-0.006127147004008293,0.0034622828534338623,0.20296555608510972,0.961888563632965,0.9616027548909187,1.2703524008393288
340,2,layer_20.attn_o,0.016156544908881187,0.0005274605541542967,0.006137405522167683,-0.006127147004008293,0.004689442692324519,0.3436961263418198,0.961888563632965,0.9616027548909187,1.2703524008393288
340,2,layer_20.mlp_down,0.08103898167610168,0.004368124648200222,0.015905840322375298,-0.006127147004008293,0.002324290125397965,0.2413344591856003,0.961888563632965,0.9616027548909187,1.2703524008393288
340,2,layer_21.attn_o,0.017523087561130524,0.0007078281098990541,-0.030397506430745125,-0.006127147004008293,0.005324870813637972,0.4774460643529892,0.961888563632965,0.9616027548909187,1.2703524008393288
340,2,layer_21.mlp_down,0.06734418869018555,0.00227121385236689,0.011094542220234871,-0.006127147004008293,0.0025873026461340487,0.17681870833039284,0.961888563632965,0.9616027548909187,1.2703524008393288
340,2,layer_22.attn_o,0.016597997397184372,0.0005900242955478713,-0.0037930377293378115,-0.006127147004008293,0.005718887783586979,0.18892401233315467,0.961888563632965,0.9616027548909187,1.2703524008393288
340,2,layer_22.mlp_down,0.06782263517379761,0.0023612379983638525,0.012155724689364433,-0.006127147004008293,-0.0005996247462462633,0.20781258419156073,0.961888563632965,0.9616027548909187,1.2703524008393288
340,2,layer_23.attn_o,0.01680356077849865,0.0007677866106717123,0.0047425925731658936,-0.006127147004008293,-0.003288334747776389,0.3143254891037941,0.961888563632965,0.9616027548909187,1.2703524008393288
340,2,layer_23.mlp_down,0.06380753219127655,0.0019682959128300296,0.005507499445229769,-0.006127147004008293,-0.0003405216630198993,0.2152243174612522,0.961888563632965,0.9616027548909187,1.2703524008393288
340,2,layer_24.attn_o,0.020165488123893738,0.0010540230279967684,-0.018831057474017143,-0.006127147004008293,-0.0016033994033932686,0.3989753589034081,0.961888563632965,0.9616027548909187,1.2703524008393288
340,2,layer_24.mlp_down,0.0745420828461647,0.003304482763391261,-0.015023136511445045,-0.006127147004008293,0.010412417817860842,0.25958178788423536,0.961888563632965,0.9616027548909187,1.2703524008393288
340,2,layer_25.attn_o,0.019468288868665695,0.0008948842097783953,-0.025232059881091118,-0.006127147004008293,0.03004877165731159,0.2887423813343048,0.961888563632965,0.9616027548909187,1.2703524008393288
340,2,layer_25.mlp_down,0.08132687211036682,0.0044152584879037695,-0.05705009028315544,-0.006127147004008293,0.023396945744752883,0.16117846444249154,0.961888563632965,0.9616027548909187,1.2703524008393288
360,2,layer_0.attn_o,0.013357793912291527,0.0006552959269979973,0.07043057680130005,-0.013327673077583313,0.011210206151008605,0.18587730638682842,0.8520003020763397,0.9594937562942505,1.271565020084381
360,2,layer_0.mlp_down,0.04452391341328621,0.0013674511323976024,0.01956096477806568,-0.013327673077583313,-0.0027426845525042156,0.11406887383200229,0.8520003020763397,0.9594937562942505,1.271565020084381
360,2,layer_1.attn_o,0.012261017225682735,0.000508038225871775,0.1338019222021103,-0.013327673077583313,0.006109100207686425,0.1588079511653632,0.8520003020763397,0.9594937562942505,1.271565020084381
360,2,layer_1.mlp_down,0.055503394454717636,0.002948911733477975,0.011087564751505852,-0.013327673077583313,-0.0025406288186786696,0.11012647822499275,0.8520003020763397,0.9594937562942505,1.271565020084381
360,2,layer_2.attn_o,0.01236233115196228,0.0005432119002847981,0.022883480414748192,-0.013327673077583313,-0.020040820771828293,0.1556166408583522,0.8520003020763397,0.9594937562942505,1.271565020084381
360,2,layer_2.mlp_down,0.057810716331005096,0.0031341412181227456,0.012018226087093353,-0.013327673077583313,-0.0045419841073453425,0.13278770074248314,0.8520003020763397,0.9594937562942505,1.271565020084381
360,2,layer_3.attn_o,0.01204396691173315,0.0005350920060777695,-0.005157299805432558,-0.013327673077583313,-0.01309757309500128,0.15080870762467385,0.8520003020763397,0.9594937562942505,1.271565020084381
360,2,layer_3.mlp_down,0.05187841132283211,0.0023637717129343576,0.006607673596590757,-0.013327673077583313,-0.006056022064876742,0.11954862866550683,0.8520003020763397,0.9594937562942505,1.271565020084381
360,2,layer_4.attn_o,0.014427745714783669,0.0007845438367382592,0.00399461155757308,-0.013327673077583313,-0.0066064671918866225,0.14337148740887642,0.8520003020763397,0.9594937562942505,1.271565020084381
360,2,layer_4.mlp_down,0.044097933918237686,0.0013937453301352933,-0.017335915938019753,-0.013327673077583313,-0.005635877267923206,0.16278181597590446,0.8520003020763397,0.9594937562942505,1.271565020084381
360,2,layer_5.attn_o,0.011724837124347687,0.00046420358761864455,0.23152461647987366,-0.013327673077583313,-0.01963092329679057,0.3277845300734043,0.8520003020763397,0.9594937562942505,1.271565020084381
360,2,layer_5.mlp_down,0.0495556965470314,0.0019978405639814434,0.0021341058891266584,-0.013327673077583313,-0.005562353716231883,0.11332156732678414,0.8520003020763397,0.9594937562942505,1.271565020084381
360,2,layer_6.attn_o,0.01405216846615076,0.0007642804763190518,-0.004831361584365368,-0.013327673077583313,-0.0025199366151355206,0.1343782663345337,0.8520003020763397,0.9594937562942505,1.271565020084381
360,2,layer_6.mlp_down,0.05182051286101341,0.002216671994151222,0.006457185838371515,-0.013327673077583313,-0.005300107580842451,0.13819775450974703,0.8520003020763397,0.9594937562942505,1.271565020084381
360,2,layer_7.attn_o,0.011128467507660389,0.00035205330099222394,0.0069809891283512115,-0.013327673077583313,-0.0038531893864274026,0.20387841612100602,0.8520003020763397,0.9594937562942505,1.271565020084381
360,2,layer_7.mlp_down,0.045866698026657104,0.0014997846356541518,0.00664429971948266,-0.013327673077583313,-0.005446937377564609,0.1668747875839472,0.8520003020763397,0.9594937562942505,1.271565020084381
360,2,layer_8.attn_o,0.011698385700583458,0.0003729098263757753,0.0018782595871016383,-0.013327673077583313,-0.0010033456608653068,0.19251424297690392,0.8520003020763397,0.9594937562942505,1.271565020084381
360,2,layer_8.mlp_down,0.046142444014549255,0.001495875027755526,0.010705203749239445,-0.013327673077583313,-0.009891765704378486,0.20308866016566754,0.8520003020763397,0.9594937562942505,1.271565020084381
360,2,layer_9.attn_o,0.011614951305091381,0.00038715406539474367,0.0033345583360642195,-0.013327673077583313,0.00026573571376502513,0.2749482080340385,0.8520003020763397,0.9594937562942505,1.271565020084381
360,2,layer_9.mlp_down,0.057149067521095276,0.0028949516714494796,0.0014782146317884326,-0.013327673077583313,-0.011453293194063009,0.25345947295427323,0.8520003020763397,0.9594937562942505,1.271565020084381
360,2,layer_10.attn_o,0.014403702691197395,0.0007834200722496319,0.003681466681882739,-0.013327673077583313,-0.020337248919531703,0.33339532613754275,0.8520003020763397,0.9594937562942505,1.271565020084381
360,2,layer_10.mlp_down,0.04515361040830612,0.0013481875218613478,-0.00945744663476944,-0.013327673077583313,-0.020353364513721318,0.35058133602142333,0.8520003020763397,0.9594937562942505,1.271565020084381
360,2,layer_11.attn_o,0.01307158637791872,0.0005444885036278545,0.004786187782883644,-0.013327673077583313,-0.028582990012364463,0.5096546798944473,0.8520003020763397,0.9594937562942505,1.271565020084381
360,2,layer_11.mlp_down,0.06124703213572502,0.003414835068222955,-0.0008368390263058245,-0.013327673077583313,-0.0024408337660133837,0.3288122773170471,0.8520003020763397,0.9594937562942505,1.271565020084381
360,2,layer_12.attn_o,0.013041608966886997,0.0004699145008369735,-0.002351819770410657,-0.013327673077583313,0.00024117471184581518,0.30547108203172685,0.8520003020763397,0.9594937562942505,1.271565020084381
360,2,layer_12.mlp_down,0.051772341132164,0.0019235007347870052,-0.0028808547649532557,-0.013327673077583313,-0.007098060310818255,0.23744544982910157,0.8520003020763397,0.9594937562942505,1.271565020084381
360,2,layer_13.attn_o,0.014773106202483177,0.0007670884915949652,0.0002349444112041965,-0.013327673077583313,-0.0016213434981182217,0.19879029951989652,0.8520003020763397,0.9594937562942505,1.271565020084381
360,2,layer_13.mlp_down,0.055821362882852554,0.0026536886552348993,-0.0024093070533126593,-0.013327673077583313,0.000554899190319702,0.20195063576102257,0.8520003020763397,0.9594937562942505,1.271565020084381
360,2,layer_14.attn_o,0.01235287170857191,0.0004314722835388304,-0.002130386419594288,-0.013327673077583313,0.00239110551738122,0.22954681292176246,0.8520003020763397,0.9594937562942505,1.271565020084381
360,2,layer_14.mlp_down,0.054522544145584106,0.002441380436307743,-0.00840461440384388,-0.013327673077583313,6.433844100683928e-05,0.2387981541454792,0.8520003020763397,0.9594937562942505,1.271565020084381
360,2,layer_15.attn_o,0.014868558384478092,0.0008086774853611416,-0.02983991988003254,-0.013327673077583313,0.006412790284957737,0.3834097430109978,0.8520003020763397,0.9594937562942505,1.271565020084381
360,2,layer_15.mlp_down,0.05086620897054672,0.001997853031096589,-0.015126005746424198,-0.013327673077583313,0.005321659904439002,0.16049062758684157,0.8520003020763397,0.9594937562942505,1.271565020084381
360,2,layer_16.attn_o,0.013312128372490406,0.000594650097040048,-0.015578033402562141,-0.013327673077583313,0.0038923633052036165,0.18776935264468192,0.8520003020763397,0.9594937562942505,1.271565020084381
360,2,layer_16.mlp_down,0.046003308147192,0.0014013923421411496,-0.014204424805939198,-0.013327673077583313,0.005378436739556491,0.15338087640702724,0.8520003020763397,0.9594937562942505,1.271565020084381
360,2,layer_17.attn_o,0.014910333789885044,0.0008635903813766589,-0.004786056000739336,-0.013327673077583313,0.006366948620416224,0.3416426688432693,0.8520003020763397,0.9594937562942505,1.271565020084381
360,2,layer_17.mlp_down,0.05133406072854996,0.0020798360997357655,-0.009232793934643269,-0.013327673077583313,0.00804753138218075,0.15879030339419842,0.8520003020763397,0.9594937562942505,1.271565020084381
360,2,layer_18.attn_o,0.01512203924357891,0.0007849383652875978,-0.0009680839139036834,-0.013327673077583313,0.0031796592520549893,0.193366426974535,0.8520003020763397,0.9594937562942505,1.271565020084381
360,2,layer_18.mlp_down,0.04993809759616852,0.001982592143740651,-0.012619087472558022,-0.013327673077583313,0.006257812085095793,0.18580614142119883,0.8520003020763397,0.9594937562942505,1.271565020084381
360,2,layer_19.attn_o,0.015374024398624897,0.0008840948481547708,-0.008068074472248554,-0.013327673077583313,0.0035170254006516187,0.16361363474279642,0.8520003020763397,0.9594937562942505,1.271565020084381
360,2,layer_19.mlp_down,0.050311487168073654,0.002084108013923328,-0.005763308145105839,-0.013327673077583313,0.0035090155026409773,0.16813603974878788,0.8520003020763397,0.9594937562942505,1.271565020084381
360,2,layer_20.attn_o,0.011496499180793762,0.0003753244794707019,-0.007653709501028061,-0.013327673077583313,0.004299416352296248,0.30033895596861837,0.8520003020763397,0.9594937562942505,1.271565020084381
360,2,layer_20.mlp_down,0.057226721197366714,0.0030845884815691215,-0.0022009173408150673,-0.013327673077583313,0.007457315432839095,0.21165040954947473,0.8520003020763397,0.9594937562942505,1.271565020084381
360,2,layer_21.attn_o,0.012646961025893688,0.0005108617124519916,-0.045475706458091736,-0.013327673077583313,-0.00326533536426723,0.5146147668361664,0.8520003020763397,0.9594937562942505,1.271565020084381
360,2,layer_21.mlp_down,0.04661436006426811,0.0015720826210179903,-0.004243101458996534,-0.013327673077583313,0.005281070567434654,0.1500286042690277,0.8520003020763397,0.9594937562942505,1.271565020084381
360,2,layer_22.attn_o,0.012144089676439762,0.0004316970199266789,-0.006250337231904268,-0.013327673077583313,0.0038364585139788686,0.17608736157417298,0.8520003020763397,0.9594937562942505,1.271565020084381
360,2,layer_22.mlp_down,0.04711471498012543,0.001640285738764949,-0.0056998333893716335,-0.013327673077583313,0.002711296151392162,0.17390530109405516,0.8520003020763397,0.9594937562942505,1.271565020084381
360,2,layer_23.attn_o,0.012759445235133171,0.0005830032896164237,-0.018268443644046783,-0.013327673077583313,0.003352662397082895,0.25925109460949897,0.8520003020763397,0.9594937562942505,1.271565020084381
360,2,layer_23.mlp_down,0.04427490010857582,0.0013657580966348437,-0.016857871785759926,-0.013327673077583313,0.003888634452596307,0.17721872329711913,0.8520003020763397,0.9594937562942505,1.271565020084381
360,2,layer_24.attn_o,0.015094087459146976,0.0007889473213014197,-0.04124578833580017,-0.013327673077583313,-0.003292760858312249,0.382391020655632,0.8520003020763397,0.9594937562942505,1.271565020084381
360,2,layer_24.mlp_down,0.052812360227108,0.0023411838765466492,-0.0421072319149971,-0.013327673077583313,-0.0023458160110749306,0.23290359750390052,0.8520003020763397,0.9594937562942505,1.271565020084381
360,2,layer_25.attn_o,0.014185651205480099,0.0006520610583137068,-0.06422548741102219,-0.013327673077583313,-0.022406618355307727,0.26408675611019133,0.8520003020763397,0.9594937562942505,1.271565020084381
360,2,layer_25.mlp_down,0.05914574861526489,0.0032110248315032233,-0.09748309850692749,-0.013327673077583313,-0.016195093374699356,0.1822519838809967,0.8520003020763397,0.9594937562942505,1.271565020084381
380,2,layer_0.attn_o,0.009747734293341637,0.0004781962974868968,0.006086837965995073,-0.0037972989957779646,-0.037030207365751265,0.1702583495527506,0.9732414782047272,0.9591256082057953,1.27128766477108
380,2,layer_0.mlp_down,0.03274353966116905,0.0010056418735055253,-0.005946602206677198,-0.0037972989957779646,0.001934218977112323,0.07750684972852469,0.9732414782047272,0.9591256082057953,1.27128766477108
380,2,layer_1.attn_o,0.009087320417165756,0.0003765352684820402,0.016559306532144547,-0.0037972989957779646,0.02925895117223263,0.14022409971803426,0.9732414782047272,0.9591256082057953,1.27128766477108
380,2,layer_1.mlp_down,0.040341444313526154,0.002143349153813877,-0.007640018127858639,-0.0037972989957779646,0.0018038114882074296,0.07728118635714054,0.9732414782047272,0.9591256082057953,1.27128766477108
380,2,layer_2.attn_o,0.008712426759302616,0.0003828317689064586,-0.001479052472859621,-0.0037972989957779646,-0.005614642251748592,0.15166159830987452,0.9732414782047272,0.9591256082057953,1.27128766477108
380,2,layer_2.mlp_down,0.039579540491104126,0.0021457506443637604,-0.011807027272880077,-0.0037972989957779646,0.0024923424352891743,0.10402722749859095,0.9732414782047272,0.9591256082057953,1.27128766477108
380,2,layer_3.attn_o,0.00823355931788683,0.00036580231896814186,-0.02731333114206791,-0.0037972989957779646,0.0013569219736382365,0.11765205077826976,0.9732414782047272,0.9591256082057953,1.27128766477108
380,2,layer_3.mlp_down,0.03433097153902054,0.0015642427983219192,-0.014360765926539898,-0.0037972989957779646,-0.00036373063921928405,0.08271909411996603,0.9732414782047272,0.9591256082057953,1.27128766477108
380,2,layer_4.attn_o,0.009669805876910686,0.0005258189347212982,0.0014659003354609013,-0.0037972989957779646,0.004083349066786468,0.12571987733244896,0.9732414782047272,0.9591256082057953,1.27128766477108
380,2,layer_4.mlp_down,0.029566960409283638,0.0009344809425117933,0.0007905670790933073,-0.0037972989957779646,0.001912344538141042,0.12989263720810412,0.9732414782047272,0.9591256082057953,1.27128766477108
380,2,layer_5.attn_o,0.007757212966680527,0.000307119381808961,0.20624540746212006,-0.0037972989957779646,0.007836952526122331,0.27131655551493167,0.9732414782047272,0.9591256082057953,1.27128766477108
380,2,layer_5.mlp_down,0.03308163955807686,0.001333684381037618,-0.0013454166473820806,-0.0037972989957779646,0.0005785272864159196,0.07985998671501875,0.9732414782047272,0.9591256082057953,1.27128766477108
380,2,layer_6.attn_o,0.009488982148468494,0.0005160942285418699,0.002230680314823985,-0.0037972989957779646,0.0004971943562850356,0.11765131019055844,0.9732414782047272,0.9591256082057953,1.27128766477108
380,2,layer_6.mlp_down,0.0345628559589386,0.0014784554770982206,0.01203537080436945,-0.0037972989957779646,-0.004720962175633758,0.11816307231783867,0.9732414782047272,0.9591256082057953,1.27128766477108
380,2,layer_7.attn_o,0.007458008360117674,0.00023593690176494514,0.010695796459913254,-0.0037972989957779646,-0.01413694976363331,0.18521081283688545,0.9732414782047272,0.9591256082057953,1.27128766477108
380,2,layer_7.mlp_down,0.030633388087153435,0.0010016708803424748,0.0023648079950362444,-0.0037972989957779646,-0.012149850325658917,0.15046998262405395,0.9732414782047272,0.9591256082057953,1.27128766477108
380,2,layer_8.attn_o,0.007780156098306179,0.0002480082621014867,0.004932992625981569,-0.0037972989957779646,-0.016719803819432853,0.18908979892730712,0.9732414782047272,0.9591256082057953,1.27128766477108
380,2,layer_8.mlp_down,0.030984578654170036,0.001004474625218943,0.007488944102078676,-0.0037972989957779646,-0.01978601198643446,0.19949932619929314,0.9732414782047272,0.9591256082057953,1.27128766477108
380,2,layer_9.attn_o,0.00768656749278307,0.0002562116350209085,0.0015771986218169332,-0.0037972989957779646,-0.011057648150017484,0.2736548662185669,0.9732414782047272,0.9591256082057953,1.27128766477108
380,2,layer_9.mlp_down,0.038052964955568314,0.001927610324996434,0.0006171055138111115,-0.0037972989957779646,-0.010699875885620713,0.25697842314839364,0.9732414782047272,0.9591256082057953,1.27128766477108
380,2,layer_10.attn_o,0.009594260714948177,0.0005218333566631416,-0.0049641975201666355,-0.0037972989957779646,-0.012661192938685418,0.3426794268190861,0.9732414782047272,0.9591256082057953,1.27128766477108
380,2,layer_10.mlp_down,0.02998567931354046,0.0008953039016685981,-0.04850029572844505,-0.0037972989957779646,-0.029033584892749785,0.3651526764035225,0.9732414782047272,0.9591256082057953,1.27128766477108
380,2,layer_11.attn_o,0.008285596035420895,0.000345131106485632,0.009221925400197506,-0.0037972989957779646,-0.028168228454887867,0.5147014707326889,0.9732414782047272,0.9591256082057953,1.27128766477108
380,2,layer_11.mlp_down,0.04073404148221016,0.00227112013126922,-0.006262172944843769,-0.0037972989957779646,-0.013629480684176087,0.33860632330179213,0.9732414782047272,0.9591256082057953,1.27128766477108
380,2,layer_12.attn_o,0.008519523777067661,0.0003069749463395744,0.00020277025760151446,-0.0037972989957779646,-0.006219843332655728,0.3293571501970291,0.9732414782047272,0.9591256082057953,1.27128766477108
380,2,layer_12.mlp_down,0.03477755934000015,0.0012920872380617493,-0.0105484239757061,-0.0037972989957779646,-0.007730393623933196,0.23540795147418975,0.9732414782047272,0.9591256082057953,1.27128766477108
380,2,layer_13.attn_o,0.009769750759005547,0.0005072909195971706,-0.0005012549227103591,-0.0037972989957779646,-0.0033025186421582475,0.232432459294796,0.9732414782047272,0.9591256082057953,1.27128766477108
380,2,layer_13.mlp_down,0.03762859106063843,0.001788819597984215,0.00029893373721279204,-0.0037972989957779646,-0.009227783873211593,0.2068638138473034,0.9732414782047272,0.9591256082057953,1.27128766477108
380,2,layer_14.attn_o,0.008093605749309063,0.00028270071174457884,-0.0005322451470419765,-0.0037972989957779646,-0.006019412423484027,0.24846864119172096,0.9732414782047272,0.9591256082057953,1.27128766477108
380,2,layer_14.mlp_down,0.036909155547618866,0.001652694863624395,-0.003985464572906494,-0.0037972989957779646,-0.006199536845088005,0.2462270066142082,0.9732414782047272,0.9591256082057953,1.27128766477108
380,2,layer_15.attn_o,0.00999533012509346,0.000543630102284782,-0.0007373959524556994,-0.0037972989957779646,-0.02857185648754239,0.4069007858633995,0.9732414782047272,0.9591256082057953,1.27128766477108
380,2,layer_15.mlp_down,0.03439084812998772,0.0013507509920942817,-0.007057931274175644,-0.0037972989957779646,-0.006861119996756315,0.1678154706954956,0.9732414782047272,0.9591256082057953,1.27128766477108
380,2,layer_16.attn_o,0.00889057107269764,0.0003971399878931513,-0.0005460666725412011,-0.0037972989957779646,-0.011091343173757196,0.21278899982571603,0.9732414782047272,0.9591256082057953,1.27128766477108
380,2,layer_16.mlp_down,0.03071451187133789,0.0009356491612406777,-0.0008746013045310974,-0.0037972989957779646,-0.006146615673787892,0.16833003163337706,0.9732414782047272,0.9591256082057953,1.27128766477108
380,2,layer_17.attn_o,0.008812963962554932,0.0005104373260003485,0.0007177276420406997,-0.0037972989957779646,-0.005080372211523354,0.43307157307863237,0.9732414782047272,0.9591256082057953,1.27128766477108
380,2,layer_17.mlp_down,0.03483250364661217,0.0014112601409674327,-0.005058047361671925,-0.0037972989957779646,-0.006068104295991361,0.16961695849895478,0.9732414782047272,0.9591256082057953,1.27128766477108
380,2,layer_18.attn_o,0.009673546068370342,0.0005021238579915584,0.0012042560847476125,-0.0037972989957779646,-0.005637147152447142,0.2268480822443962,0.9732414782047272,0.9591256082057953,1.27128766477108
380,2,layer_18.mlp_down,0.03379371389746666,0.001341640700859461,-0.0046667493879795074,-0.0037972989957779646,-0.0039617972011910755,0.20905120000243188,0.9732414782047272,0.9591256082057953,1.27128766477108
380,2,layer_19.attn_o,0.010500159114599228,0.0006038194230028099,-0.003652681829407811,-0.0037972989957779646,-0.004598315359908156,0.2211931213736534,0.9732414782047272,0.9591256082057953,1.27128766477108
380,2,layer_19.mlp_down,0.03427741676568985,0.0014199067225263826,-0.0014157869154587388,-0.0037972989957779646,-0.004209082695888355,0.19057494029402733,0.9732414782047272,0.9591256082057953,1.27128766477108
380,2,layer_20.attn_o,0.007951045408844948,0.00025957651882506567,0.0011270273244008422,-0.0037972989957779646,-0.012606368213891984,0.34411729127168655,0.9732414782047272,0.9591256082057953,1.27128766477108
380,2,layer_20.mlp_down,0.0393657423555851,0.002121853234579095,8.869358862284571e-05,-0.0037972989957779646,-0.005294725678686519,0.23536605387926102,0.9732414782047272,0.9591256082057953,1.27128766477108
380,2,layer_21.attn_o,0.008518539369106293,0.0003440980216224898,-0.00797675084322691,-0.0037972989957779646,-0.025510539347305895,0.5012027591466903,0.9732414782047272,0.9591256082057953,1.27128766477108
380,2,layer_21.mlp_down,0.03224228695034981,0.0010873781776839584,0.0006061377935111523,-0.0037972989957779646,-0.009696783233084715,0.1660480782389641,0.9732414782047272,0.9591256082057953,1.27128766477108
380,2,layer_22.attn_o,0.007935573346912861,0.00028209303655288065,-1.7509530152892694e-05,-0.0037972989957779646,-0.008578129333909602,0.18024917617440223,0.9732414782047272,0.9591256082057953,1.27128766477108
380,2,layer_22.mlp_down,0.03271808475255966,0.0011390672671554283,0.012353113852441311,-0.0037972989957779646,-0.008111263159662485,0.2002090886235237,0.9732414782047272,0.9591256082057953,1.27128766477108
380,2,layer_23.attn_o,0.007870513014495373,0.00035961856446668924,0.012239782139658928,-0.0037972989957779646,-0.016824128532607573,0.33833690285682677,0.9732414782047272,0.9591256082057953,1.27128766477108
380,2,layer_23.mlp_down,0.030879758298397064,0.0009525520288117234,0.010961733758449554,-0.0037972989957779646,-0.010168366983998567,0.207953479886055,0.9732414782047272,0.9591256082057953,1.27128766477108
380,2,layer_24.attn_o,0.009828652255237103,0.0005137302198466719,0.007285792846232653,-0.0037972989957779646,-0.02463257675990462,0.377339793741703,0.9732414782047272,0.9591256082057953,1.27128766477108
380,2,layer_24.mlp_down,0.036323145031929016,0.0016102107859359126,0.0003774735378101468,-0.0037972989957779646,-0.00699100592173636,0.25993404239416124,0.9732414782047272,0.9591256082057953,1.27128766477108
380,2,layer_25.attn_o,0.009924868121743202,0.0004562088373635819,0.009766360744833946,-0.0037972989957779646,-0.014999971259385347,0.2902261510491371,0.9732414782047272,0.9591256082057953,1.27128766477108
380,2,layer_25.mlp_down,0.040140602737665176,0.0021792266507079956,-0.015178211964666843,-0.0037972989957779646,-0.021875946593354456,0.18131251409649848,0.9732414782047272,0.9591256082057953,1.27128766477108
400,2,layer_0.attn_o,0.005380444228649139,0.00026394936410889183,-0.06804806739091873,-0.01606563851237297,-0.041627842001616955,0.14165243981406092,0.8646295428276062,0.9579399302601814,1.2703027129173279
400,2,layer_0.mlp_down,0.018324194476008415,0.0005627849993033227,-0.005370532628148794,-0.01606563851237297,-0.0020937010878697036,0.055797258671373126,0.8646295428276062,0.9579399302601814,1.2703027129173279
400,2,layer_1.attn_o,0.005137312225997448,0.00021286572901746132,-0.13532716035842896,-0.01606563851237297,-0.01459299260750413,0.09081268087029457,0.8646295428276062,0.9579399302601814,1.2703027129173279
400,2,layer_1.mlp_down,0.022181620821356773,0.0011785115245874808,-0.007768172305077314,-0.01606563851237297,-0.0008603008463978767,0.056688002031296494,0.8646295428276062,0.9579399302601814,1.2703027129173279
400,2,layer_2.attn_o,0.005091459024697542,0.00022372321228379135,-0.042912427335977554,-0.01606563851237297,0.0031165532302111386,0.09913051277399063,0.8646295428276062,0.9579399302601814,1.2703027129173279
400,2,layer_2.mlp_down,0.022450637072324753,0.0012171276825336766,-0.03219069167971611,-0.01606563851237297,0.0012701479019597173,0.0840393690392375,0.8646295428276062,0.9579399302601814,1.2703027129173279
400,2,layer_3.attn_o,0.0049970149993896484,0.000222008422994686,-0.005234123673290014,-0.01606563851237297,-0.0060314789414405824,0.08879858441650867,0.8646295428276062,0.9579399302601814,1.2703027129173279
400,2,layer_3.mlp_down,0.02088727243244648,0.0009516984210177689,-0.020275436341762543,-0.01606563851237297,-0.0010214963462203742,0.06883686427026987,0.8646295428276062,0.9579399302601814,1.2703027129173279
400,2,layer_4.attn_o,0.00605066679418087,0.0003290195148266929,0.0027062902227044106,-0.01606563851237297,-0.0076699453813489525,0.09491432979702949,0.8646295428276062,0.9579399302601814,1.2703027129173279
400,2,layer_4.mlp_down,0.01821441948413849,0.0005756767777308864,-0.03316287323832512,-0.01606563851237297,-0.0016886138822883368,0.10234999544918537,0.8646295428276062,0.9579399302601814,1.2703027129173279
400,2,layer_5.attn_o,0.0049769640900194645,0.00019704527143674162,-0.13237352669239044,-0.01606563851237297,-0.0009582199156284333,0.25957090184092524,0.8646295428276062,0.9579399302601814,1.2703027129173279
400,2,layer_5.mlp_down,0.020649315789341927,0.0008324748807855412,-0.021339401602745056,-0.01606563851237297,-0.0010130338720045983,0.05430709756910801,0.8646295428276062,0.9579399302601814,1.2703027129173279
400,2,layer_6.attn_o,0.006033665034919977,0.00032816362004377893,-0.00645863963291049,-0.01606563851237297,-0.0008768336498178542,0.07584409080445767,0.8646295428276062,0.9579399302601814,1.2703027129173279
400,2,layer_6.mlp_down,0.021940946578979492,0.0009385416030107013,-0.025445399805903435,-0.01606563851237297,0.0016557652503252029,0.07832793220877647,0.8646295428276062,0.9579399302601814,1.2703027129173279
400,2,layer_7.attn_o,0.004692144691944122,0.00014843775455805538,-0.018458189442753792,-0.01606563851237297,-0.0004972399678081274,0.14427011609077453,0.8646295428276062,0.9579399302601814,1.2703027129173279
400,2,layer_7.mlp_down,0.019541729241609573,0.0006389876915280035,-0.022785788401961327,-0.01606563851237297,0.011057329922914505,0.11183168217539788,0.8646295428276062,0.9579399302601814,1.2703027129173279
400,2,layer_8.attn_o,0.004978781566023827,0.00015870876470477395,-0.009314275346696377,-0.01606563851237297,0.010403362102806568,0.12959467694163324,0.8646295428276062,0.9579399302601814,1.2703027129173279
400,2,layer_8.mlp_down,0.01970776915550232,0.0006388963973517294,-0.011713732965290546,-0.01606563851237297,0.021191953124071006,0.1409651294350624,0.8646295428276062,0.9579399302601814,1.2703027129173279
400,2,layer_9.attn_o,0.005008108448237181,0.0001669321935327266,-0.00920074712485075,-0.01606563851237297,0.008042310387827456,0.2042244091629982,0.8646295428276062,0.9579399302601814,1.2703027129173279
400,2,layer_9.mlp_down,0.024413444101810455,0.0012366854426599993,-0.011831676587462425,-0.01606563851237297,0.0206176242319998,0.18656869232654572,0.8646295428276062,0.9579399302601814,1.2703027129173279
400,2,layer_10.attn_o,0.006199827417731285,0.00033720952317094276,-0.006397709716111422,-0.01606563851237297,0.019051125971600413,0.25602847188711164,0.8646295428276062,0.9579399302601814,1.2703027129173279
400,2,layer_10.mlp_down,0.01908569596707821,0.0005698547735688198,-0.09288636595010757,-0.01606563851237297,0.019109988678246738,0.2845898985862732,0.8646295428276062,0.9579399302601814,1.2703027129173279
400,2,layer_11.attn_o,0.005509360693395138,0.00022948883146260243,-0.029303904622793198,-0.01606563851237297,0.01751511716283858,0.4399557560682297,0.8646295428276062,0.9579399302601814,1.2703027129173279
400,2,layer_11.mlp_down,0.02569473721086979,0.001432601039169175,-0.032455429434776306,-0.01606563851237297,0.008326989389024675,0.2648975282907486,0.8646295428276062,0.9579399302601814,1.2703027129173279
400,2,layer_12.attn_o,0.005495669320225716,0.00019801957139800602,-0.004878734238445759,-0.01606563851237297,0.006442152615636587,0.23256672024726868,0.8646295428276062,0.9579399302601814,1.2703027129173279
400,2,layer_12.mlp_down,0.021972419694066048,0.0008163376993387433,-0.019717013463377953,-0.01606563851237297,0.009224849578458816,0.1715341813862324,0.8646295428276062,0.9579399302601814,1.2703027129173279
400,2,layer_13.attn_o,0.006312591023743153,0.0003277790020452495,-0.003012831322848797,-0.01606563851237297,0.004865210771095007,0.1330274034291506,0.8646295428276062,0.9579399302601814,1.2703027129173279
400,2,layer_13.mlp_down,0.023695267736911774,0.0011264436187887676,-0.00696822814643383,-0.01606563851237297,0.010200823144987225,0.14583249092102052,0.8646295428276062,0.9579399302601814,1.2703027129173279
400,2,layer_14.attn_o,0.005216778721660376,0.00018221629602454948,-0.007236056495457888,-0.01606563851237297,7.305527105927467e-05,0.17001291140913963,0.8646295428276062,0.9579399302601814,1.2703027129173279
400,2,layer_14.mlp_down,0.02310984767973423,0.001034796754396096,-0.012550477869808674,-0.01606563851237297,0.0017456650675740093,0.1879852831363678,0.8646295428276062,0.9579399302601814,1.2703027129173279
400,2,layer_15.attn_o,0.006335787940770388,0.00034459335395400095,-0.0288387518376112,-0.01606563851237297,-0.0006306339986622333,0.300332048535347,0.8646295428276062,0.9579399302601814,1.2703027129173279
400,2,layer_15.mlp_down,0.021514784544706345,0.0008450237633692763,-0.019139224663376808,-0.01606563851237297,0.002294728672131896,0.10126782469451427,0.8646295428276062,0.9579399302601814,1.2703027129173279
400,2,layer_16.attn_o,0.005585120525211096,0.0002494861468024198,-0.015573053620755672,-0.01606563851237297,-0.006169878202490509,0.13419630974531174,0.8646295428276062,0.9579399302601814,1.2703027129173279
400,2,layer_16.mlp_down,0.019234327599406242,0.0005859303846433345,-0.017583340406417847,-0.01606563851237297,0.005764048197306693,0.10149135142564773,0.8646295428276062,0.9579399302601814,1.2703027129173279
400,2,layer_17.attn_o,0.005853385664522648,0.00033902168205970576,-0.012633741833269596,-0.01606563851237297,0.00424640562850982,0.32656022161245346,0.8646295428276062,0.9579399302601814,1.2703027129173279
400,2,layer_17.mlp_down,0.021593188866972923,0.0008748602095827754,-0.02198854275047779,-0.01606563851237297,0.00360059313243255,0.11238541528582573,0.8646295428276062,0.9579399302601814,1.2703027129173279
400,2,layer_18.attn_o,0.0060477727092802525,0.00031392117674087263,-0.0009422050788998604,-0.01606563851237297,0.0004513825464528054,0.1177086852490902,0.8646295428276062,0.9579399302601814,1.2703027129173279
400,2,layer_18.mlp_down,0.02090844139456749,0.0008300827135093224,-0.008763916790485382,-0.01606563851237297,0.0012353751826594817,0.13699098080396652,0.8646295428276062,0.9579399302601814,1.2703027129173279
400,2,layer_19.attn_o,0.0066389767453074455,0.0003817791468539274,-0.004806214012205601,-0.01606563851237297,-0.002741037227679044,0.12716771587729453,0.8646295428276062,0.9579399302601814,1.2703027129173279
400,2,layer_19.mlp_down,0.02124534361064434,0.0008800663613146021,-0.010123682208359241,-0.01606563851237297,0.0004538953027804382,0.13282073065638542,0.8646295428276062,0.9579399302601814,1.2703027129173279
400,2,layer_20.attn_o,0.004954381845891476,0.00016174489846269076,-0.006429711356759071,-0.01606563851237297,0.001793712261132896,0.23357227742671965,0.8646295428276062,0.9579399302601814,1.2703027129173279
400,2,layer_20.mlp_down,0.02441483549773693,0.001315980345369835,-0.012217811308801174,-0.01606563851237297,0.005729390645865351,0.17935724407434464,0.8646295428276062,0.9579399302601814,1.2703027129173279
400,2,layer_21.attn_o,0.005215464625507593,0.00021067353277151897,-0.06625493615865707,-0.01606563851237297,0.017809353396296503,0.42357707023620605,0.8646295428276062,0.9579399302601814,1.2703027129173279
400,2,layer_21.mlp_down,0.019916439428925514,0.0006716855834765426,-0.013190072029829025,-0.01606563851237297,0.002750342758372426,0.10711862370371819,0.8646295428276062,0.9579399302601814,1.2703027129173279
400,2,layer_22.attn_o,0.004901654087007046,0.00017424352817181,-0.011184238828718662,-0.01606563851237297,-0.0008055881597101688,0.10202448964118957,0.8646295428276062,0.9579399302601814,1.2703027129173279
400,2,layer_22.mlp_down,0.02018672786653042,0.0007027920668321486,-0.0032565759029239416,-0.01606563851237297,0.005084339965833351,0.13136180862784386,0.8646295428276062,0.9579399302601814,1.2703027129173279
400,2,layer_23.attn_o,0.005085161421447992,0.00023235060371471432,-0.005114725790917873,-0.01606563851237297,0.011854844886693172,0.2118572250008583,0.8646295428276062,0.9579399302601814,1.2703027129173279
400,2,layer_23.mlp_down,0.019087612628936768,0.000588797374142077,-0.0002492642670404166,-0.01606563851237297,0.007919930106800166,0.14580230563879013,0.8646295428276062,0.9579399302601814,1.2703027129173279
400,2,layer_24.attn_o,0.006086504086852074,0.00031813315460313657,-0.021499425172805786,-0.01606563851237297,-0.0007627072045579553,0.29155652821063993,0.8646295428276062,0.9579399302601814,1.2703027129173279
400,2,layer_24.mlp_down,0.022727439180016518,0.0010075099648066792,-0.005306684412062168,-0.01606563851237297,0.009141636360436679,0.18655085042119027,0.8646295428276062,0.9579399302601814,1.2703027129173279
400,2,layer_25.attn_o,0.006060388404875994,0.00027857319910403513,-0.005075759254395962,-0.01606563851237297,0.0006073526106774807,0.19222218096256255,0.8646295428276062,0.9579399302601814,1.2703027129173279
400,2,layer_25.mlp_down,0.025265399366617203,0.0013716504972413192,0.009644966572523117,-0.01606563851237297,0.00611047288402915,0.10619039514567703,0.8646295428276062,0.9579399302601814,1.2703027129173279
420,2,layer_0.attn_o,0.0028226955328136683,0.00013847344003279223,0.10986639559268951,0.0004773470282088965,0.021113349311053752,0.1450615939917043,0.8546696662902832,0.9578120410442352,1.2697952315211296
420,2,layer_0.mlp_down,0.009639842435717583,0.0002960653318525154,-0.0009485390037298203,0.0004773470282088965,0.004037565109319985,0.05084987231530249,0.8546696662902832,0.9578120410442352,1.2697952315211296
420,2,layer_1.attn_o,0.0028233195189386606,0.00011698490206742688,0.373648077249527,0.0004773470282088965,-0.015966454101726413,0.13138414546847343,0.8546696662902832,0.9578120410442352,1.2697952315211296
420,2,layer_1.mlp_down,0.012148045003414154,0.0006454257509358171,-0.004802781622856855,0.0004773470282088965,-0.0020264845370547846,0.051822268031537534,0.8546696662902832,0.9578120410442352,1.2697952315211296
420,2,layer_2.attn_o,0.0027708662673830986,0.00012175430405821602,0.06486111134290695,0.0004773470282088965,-0.004121641675010323,0.10745105557143689,0.8546696662902832,0.9578120410442352,1.2697952315211296
420,2,layer_2.mlp_down,0.01256475504487753,0.0006811787526555059,-0.015635425224900246,0.0004773470282088965,-0.005133294477127492,0.06981702838093043,0.8546696662902832,0.9578120410442352,1.2697952315211296
420,2,layer_3.attn_o,0.0027817392256110907,0.00012358768959785178,0.01063609216362238,0.0004773470282088965,-0.0019016723381355405,0.07447382286190987,0.8546696662902832,0.9578120410442352,1.2697952315211296
420,2,layer_3.mlp_down,0.011814349330961704,0.0005383035412734851,-0.012269292026758194,0.0004773470282088965,-0.008958980371244252,0.049183388613164424,0.8546696662902832,0.9578120410442352,1.2697952315211296
420,2,layer_4.attn_o,0.0033840774558484554,0.000184017325781355,0.01745985820889473,0.0004773470282088965,-2.6870553847402333e-05,0.08754949159920215,0.8546696662902832,0.9578120410442352,1.2697952315211296
420,2,layer_4.mlp_down,0.010269165970385075,0.00032456265657892667,0.004920454230159521,0.0004773470282088965,-0.003156127082183957,0.0829413641244173,0.8546696662902832,0.9578120410442352,1.2697952315211296
420,2,layer_5.attn_o,0.0028053894639015198,0.00011106945452250742,0.27264904975891113,0.0004773470282088965,-0.04583849180489778,0.27394771575927734,0.8546696662902832,0.9578120410442352,1.2697952315211296
420,2,layer_5.mlp_down,0.011646282859146595,0.0004695183518474293,2.983238664455712e-05,0.0004773470282088965,-0.0015908888988633407,0.04256136105395854,0.8546696662902832,0.9578120410442352,1.2697952315211296
420,2,layer_6.attn_o,0.0034044974017888308,0.0001851664070568797,0.0017632308881729841,0.0004773470282088965,0.001182714244350791,0.061198549903929235,0.8546696662902832,0.9578120410442352,1.2697952315211296
420,2,layer_6.mlp_down,0.012443671002984047,0.0005322877123101294,-0.0004213125794194639,0.0004773470282088965,0.0025426736450754107,0.0623088002204895,0.8546696662902832,0.9578120410442352,1.2697952315211296
420,2,layer_7.attn_o,0.002679215045645833,8.475796623231455e-05,0.004351359326392412,0.0004773470282088965,0.0019409322121646255,0.10866962932050228,0.8546696662902832,0.9578120410442352,1.2697952315211296
420,2,layer_7.mlp_down,0.011023182421922684,0.00036044280449808104,0.024321600794792175,0.0004773470282088965,-0.001214712392538786,0.08224632106721401,0.8546696662902832,0.9578120410442352,1.2697952315211296
420,2,layer_8.attn_o,0.0027905323076993227,8.895387948851464e-05,0.005934862419962883,0.0004773470282088965,-0.005915974453091622,0.10522043276578188,0.8546696662902832,0.9578120410442352,1.2697952315211296
420,2,layer_8.mlp_down,0.011008019559085369,0.0003568634180976236,0.007325075101107359,0.0004773470282088965,0.003309743758291006,0.11319834962487221,0.8546696662902832,0.9578120410442352,1.2697952315211296
420,2,layer_9.attn_o,0.0027804304845631123,9.267837049498394e-05,0.006806636694818735,0.0004773470282088965,-0.0037982542999088764,0.16928542852401735,0.8546696662902832,0.9578120410442352,1.2697952315211296
420,2,layer_9.mlp_down,0.013698897324502468,0.0006939293592586575,0.011103983968496323,0.0004773470282088965,-0.004249769588932395,0.16388412415981293,0.8546696662902832,0.9578120410442352,1.2697952315211296
420,2,layer_10.attn_o,0.0034700799733400345,0.0001887381394579785,0.0058240038342773914,0.0004773470282088965,-0.0060656002257019285,0.2273799441754818,0.8546696662902832,0.9578120410442352,1.2697952315211296
420,2,layer_10.mlp_down,0.010780145414173603,0.0003218701919458648,0.1203351840376854,0.0004773470282088965,-0.015950494445860386,0.2610219448804855,0.8546696662902832,0.9578120410442352,1.2697952315211296
420,2,layer_11.attn_o,0.0030464944429695606,0.00012689973177225608,0.01836177334189415,0.0004773470282088965,-0.01561580654233694,0.4279025360941887,0.8546696662902832,0.9578120410442352,1.2697952315211296
420,2,layer_11.mlp_down,0.014620845206081867,0.0008151778300047528,0.0107744624838233,0.0004773470282088965,-0.008069080393761396,0.24780782610177993,0.8546696662902832,0.9578120410442352,1.2697952315211296
420,2,layer_12.attn_o,0.0030819226521998644,0.00011104762842375652,0.0019756846595555544,0.0004773470282088965,-0.010167490527965128,0.22038869932293892,0.8546696662902832,0.9578120410442352,1.2697952315211296
420,2,layer_12.mlp_down,0.012529904022812843,0.0004655211688934952,-0.0040432484820485115,0.0004773470282088965,-0.002089620870538056,0.15424219891428947,0.8546696662902832,0.9578120410442352,1.2697952315211296
420,2,layer_13.attn_o,0.003541677026078105,0.0001839002965356215,-0.003860065247863531,0.0004773470282088965,-0.005180219764588401,0.12925360593944787,0.8546696662902832,0.9578120410442352,1.2697952315211296
420,2,layer_13.mlp_down,0.013416985049843788,0.0006378260649178074,-0.0005182147724553943,0.0004773470282088965,-0.0005061870753706899,0.13363644406199454,0.8546696662902832,0.9578120410442352,1.2697952315211296
420,2,layer_14.attn_o,0.002957612508907914,0.00010330612533198419,-0.001688905293121934,0.0004773470282088965,-0.002309223869815469,0.1579826172441244,0.8546696662902832,0.9578120410442352,1.2697952315211296
420,2,layer_14.mlp_down,0.013109399005770683,0.0005870032386712034,-0.00911500584334135,0.0004773470282088965,-0.006673616438638419,0.17737651392817497,0.8546696662902832,0.9578120410442352,1.2697952315211296
420,2,layer_15.attn_o,0.0035983072593808174,0.0001957061457910064,-0.010373590514063835,0.0004773470282088965,-0.015436203862191179,0.29436334818601606,0.8546696662902832,0.9578120410442352,1.2697952315211296
420,2,layer_15.mlp_down,0.012259116396307945,0.00048149398005414677,-0.010377293452620506,0.0004773470282088965,-0.0012746698048431426,0.11953418999910355,0.8546696662902832,0.9578120410442352,1.2697952315211296
420,2,layer_16.attn_o,0.0032327172812074423,0.00014440478156798977,-0.006328343413770199,0.0004773470282088965,-0.004616228584200144,0.13783580996096134,0.8546696662902832,0.9578120410442352,1.2697952315211296
420,2,layer_16.mlp_down,0.01100632082670927,0.00033528272627012873,-0.0023339171893894672,0.0004773470282088965,-0.002061186684295535,0.12143530584871769,0.8546696662902832,0.9578120410442352,1.2697952315211296
420,2,layer_17.attn_o,0.003371932078152895,0.0001952985885704965,-0.011722758412361145,0.0004773470282088965,-0.0007165146002080291,0.35266904830932616,0.8546696662902832,0.9578120410442352,1.2697952315211296
420,2,layer_17.mlp_down,0.012416146695613861,0.0005030470214283512,-0.00745932012796402,0.0004773470282088965,-0.0018158603299525567,0.13406263738870622,0.8546696662902832,0.9578120410442352,1.2697952315211296
420,2,layer_18.attn_o,0.003476931480690837,0.0001804767418142628,-0.01160222664475441,0.0004773470282088965,-0.001067762097227387,0.17328919619321823,0.8546696662902832,0.9578120410442352,1.2697952315211296
420,2,layer_18.mlp_down,0.012040345929563046,0.0004780116818904735,-0.009338724426925182,0.0004773470282088965,-0.0017310614930465817,0.16912161260843278,0.8546696662902832,0.9578120410442352,1.2697952315211296
420,2,layer_19.attn_o,0.0037381404545158148,0.0002149644162386627,-0.009221665561199188,0.0004773470282088965,-0.005479050532449037,0.1536681815981865,0.8546696662902832,0.9578120410442352,1.2697952315211296
420,2,layer_19.mlp_down,0.012231091968715191,0.000506660000293402,-0.008777092210948467,0.0004773470282088965,-0.004849452211055904,0.15962019339203834,0.8546696662902832,0.9578120410442352,1.2697952315211296
420,2,layer_20.attn_o,0.002774517284706235,9.057921461381451e-05,-0.008108190260827541,0.0004773470282088965,-0.005237589143371224,0.2749753788113594,0.8546696662902832,0.9578120410442352,1.2697952315211296
420,2,layer_20.mlp_down,0.013958390802145004,0.0007523676360394812,-0.022298943251371384,0.0004773470282088965,3.9438932435587046e-05,0.19332582876086235,0.8546696662902832,0.9578120410442352,1.2697952315211296
420,2,layer_21.attn_o,0.0030504711903631687,0.00012322074626322334,-0.033310338854789734,0.0004773470282088965,-0.0064721423201262954,0.43426431715488434,0.8546696662902832,0.9578120410442352,1.2697952315211296
420,2,layer_21.mlp_down,0.01135422196239233,0.0003829231258246422,-0.028695276007056236,0.0004773470282088965,-0.0021491726860404015,0.12145319432020188,0.8546696662902832,0.9578120410442352,1.2697952315211296
420,2,layer_22.attn_o,0.0028492785058915615,0.00010128587835821622,-0.022449100390076637,0.0004773470282088965,5.097191315144301e-05,0.12899110056459903,0.8546696662902832,0.9578120410442352,1.2697952315211296
420,2,layer_22.mlp_down,0.01145679410547018,0.000398863150245762,-0.025307657197117805,0.0004773470282088965,-0.0048216496594250206,0.1506984017789364,0.8546696662902832,0.9578120410442352,1.2697952315211296
420,2,layer_23.attn_o,0.0028821718879044056,0.0001316918623939135,-0.03245073929429054,0.0004773470282088965,-0.008563537418376654,0.2528934389352798,0.8546696662902832,0.9578120410442352,1.2697952315211296
420,2,layer_23.mlp_down,0.0108208442106843,0.0003337914768042676,-0.03282042592763901,0.0004773470282088965,-0.00481819286942482,0.14893967360258104,0.8546696662902832,0.9578120410442352,1.2697952315211296
420,2,layer_24.attn_o,0.00352568831294775,0.0001842828358149433,-0.021092310547828674,0.0004773470282088965,-0.0027556289453059433,0.3286592438817024,0.8546696662902832,0.9578120410442352,1.2697952315211296
420,2,layer_24.mlp_down,0.01287668477743864,0.0005708246117196674,-0.03019128367304802,0.0004773470282088965,-0.006408809218555689,0.19393834397196769,0.8546696662902832,0.9578120410442352,1.2697952315211296
420,2,layer_25.attn_o,0.0034046543296426535,0.00015649909193635192,-0.00900190882384777,0.0004773470282088965,-0.01580246491357684,0.21104409396648408,0.8546696662902832,0.9578120410442352,1.2697952315211296
420,2,layer_25.mlp_down,0.01436588354408741,0.0007799177955919012,-0.0231002289801836,0.0004773470282088965,0.006866643391549587,0.10996418818831444,0.8546696662902832,0.9578120410442352,1.2697952315211296
440,2,layer_0.attn_o,0.0014145405730232596,6.939335005686498e-05,-0.15325437486171722,0.005544443614780903,-0.0006530016660690307,0.15351637677522376,0.8662887573242187,0.9572929739952087,1.271312177181244
440,2,layer_0.mlp_down,0.0045740921050310135,0.00014048259668459712,-0.0007824256899766624,0.005544443614780903,-0.0008847772842273116,0.07949940860271454,0.8662887573242187,0.9572929739952087,1.271312177181244
440,2,layer_1.attn_o,0.001390849007293582,5.763014811405779e-05,0.08706123381853104,0.005544443614780903,0.038355879671871665,0.14430507109500468,0.8662887573242187,0.9572929739952087,1.271312177181244
440,2,layer_1.mlp_down,0.005830718670040369,0.00030978592073957267,0.005369074642658234,0.005544443614780903,0.00022168154828250408,0.07672432065010071,0.8662887573242187,0.9572929739952087,1.271312177181244
440,2,layer_2.attn_o,0.0013769291108474135,6.0503472705112514e-05,0.011979656293988228,0.005544443614780903,0.0062678490881808106,0.14206885695457458,0.8662887573242187,0.9572929739952087,1.271312177181244
440,2,layer_2.mlp_down,0.00605205399915576,0.0003281026750503684,0.0021979203447699547,0.005544443614780903,0.002586588011763524,0.09957738257944584,0.8662887573242187,0.9572929739952087,1.271312177181244
440,2,layer_3.attn_o,0.001373171340674162,6.100754227910172e-05,0.0027575651183724403,0.005544443614780903,0.0021647756337188186,0.11160782910883427,0.8662887573242187,0.9572929739952087,1.271312177181244
440,2,layer_3.mlp_down,0.005796617828309536,0.00026411434125163874,-0.0025580739602446556,0.005544443614780903,0.007142766634933651,0.08731711283326149,0.8662887573242187,0.9572929739952087,1.271312177181244
440,2,layer_4.attn_o,0.0016869038809090853,9.172943375835873e-05,0.0001946299016708508,0.005544443614780903,0.0022956888657063245,0.11484586969017982,0.8662887573242187,0.9572929739952087,1.271312177181244
440,2,layer_4.mlp_down,0.0050818780437111855,0.0001606155692159784,-0.00013673114881385118,0.005544443614780903,0.0014377216110005974,0.13405956327915192,0.8662887573242187,0.9572929739952087,1.271312177181244
440,2,layer_5.attn_o,0.0013622378464788198,5.3932980245779185e-05,0.047768332064151764,0.005544443614780903,0.00848365700803697,0.2623077940195799,0.8662887573242187,0.9572929739952087,1.271312177181244
440,2,layer_5.mlp_down,0.005742721259593964,0.00023151706521861064,0.0034151433501392603,0.005544443614780903,0.0012544287310447544,0.08216938730329275,0.8662887573242187,0.9572929739952087,1.271312177181244
440,2,layer_6.attn_o,0.0016801421297714114,9.138085444013e-05,0.001187989255413413,0.005544443614780903,0.00037185674300417305,0.12037649750709534,0.8662887573242187,0.9572929739952087,1.271312177181244
440,2,layer_6.mlp_down,0.006039347033947706,0.0002583377277667566,0.004784812219440937,0.005544443614780903,0.001247518029413186,0.11991987861692906,0.8662887573242187,0.9572929739952087,1.271312177181244
440,2,layer_7.attn_o,0.0013145115226507187,4.158506180005457e-05,-0.00398402800783515,0.005544443614780903,0.0021040007704868913,0.20449632704257964,0.8662887573242187,0.9572929739952087,1.271312177181244
440,2,layer_7.mlp_down,0.0053410097025334835,0.0001746436121875495,0.0060790665447711945,0.005544443614780903,0.0014911376172676682,0.1458467572927475,0.8662887573242187,0.9572929739952087,1.271312177181244
440,2,layer_8.attn_o,0.0013866613153368235,4.4202643056855704e-05,0.012965187430381775,0.005544443614780903,-0.005940088891657069,0.1853518236428499,0.8662887573242187,0.9572929739952087,1.271312177181244
440,2,layer_8.mlp_down,0.00541690643876791,0.00017560793904371842,0.0015713967150077224,0.005544443614780903,-0.009168186219176278,0.18023868277668953,0.8662887573242187,0.9572929739952087,1.271312177181244
440,2,layer_9.attn_o,0.0013814762933179736,4.6047898191622405e-05,0.004208393860608339,0.005544443614780903,-0.019262858014553786,0.24643319845199585,0.8662887573242187,0.9572929739952087,1.271312177181244
440,2,layer_9.mlp_down,0.006702831946313381,0.000339537553274731,0.0055817486718297005,0.005544443614780903,-0.0057416587485931815,0.23787012994289397,0.8662887573242187,0.9572929739952087,1.271312177181244
440,2,layer_10.attn_o,0.0017140882555395365,9.322949244431457e-05,0.0031158719211816788,0.005544443614780903,-0.01939675398170948,0.32700143605470655,0.8662887573242187,0.9572929739952087,1.271312177181244
440,2,layer_10.mlp_down,0.005273840855807066,0.00015746468190667653,0.04264342039823532,0.005544443614780903,-0.00798651371151209,0.33979384154081343,0.8662887573242187,0.9572929739952087,1.271312177181244
440,2,layer_11.attn_o,0.0015368678141385317,6.401722275701582e-05,0.01673785038292408,0.005544443614780903,-0.041834652051329614,0.49645715653896333,0.8662887573242187,0.9572929739952087,1.271312177181244
440,2,layer_11.mlp_down,0.0071345604956150055,0.0003977834314304422,0.006860989145934582,0.005544443614780903,-0.005668640695512294,0.32316062301397325,0.8662887573242187,0.9572929739952087,1.271312177181244
440,2,layer_12.attn_o,0.0015191271668300033,5.473708726277021e-05,0.004574174527078867,0.005544443614780903,-0.005028409138321877,0.31382770240306856,0.8662887573242187,0.9572929739952087,1.271312177181244
440,2,layer_12.mlp_down,0.006072123534977436,0.00022559643233521342,0.0037845601327717304,0.005544443614780903,-0.002151895873248577,0.22479653358459473,0.8662887573242187,0.9572929739952087,1.271312177181244
440,2,layer_13.attn_o,0.001711932709440589,8.889149455943869e-05,-0.0028977382462471724,0.005544443614780903,-0.002000738334027119,0.20356087759137154,0.8662887573242187,0.9572929739952087,1.271312177181244
440,2,layer_13.mlp_down,0.006531327031552792,0.00031049073026181946,-0.002309416653588414,0.005544443614780903,0.006512080319225788,0.19136708229780197,0.8662887573242187,0.9572929739952087,1.271312177181244
440,2,layer_14.attn_o,0.0014473404735326767,5.055399782983382e-05,0.00034391588997095823,0.005544443614780903,-0.003878341958625242,0.22948461174964904,0.8662887573242187,0.9572929739952087,1.271312177181244
440,2,layer_14.mlp_down,0.006384734995663166,0.00028589094880825534,0.0027228971011936665,0.005544443614780903,-0.001209895429201424,0.2378218352794647,0.8662887573242187,0.9572929739952087,1.271312177181244
440,2,layer_15.attn_o,0.0017757958266884089,9.658266953011134e-05,0.021948102861642838,0.005544443614780903,-0.0206111739622429,0.3758144170045853,0.8662887573242187,0.9572929739952087,1.271312177181244
440,2,layer_15.mlp_down,0.005933897569775581,0.00023306210967110512,0.0032719590235501528,0.005544443614780903,-0.002401408937294036,0.1617191568017006,0.8662887573242187,0.9572929739952087,1.271312177181244
440,2,layer_16.attn_o,0.0015492916572839022,6.920652314873259e-05,0.002248652745038271,0.005544443614780903,-0.0024351168423891066,0.20121051371097565,0.8662887573242187,0.9572929739952087,1.271312177181244
440,2,layer_16.mlp_down,0.0053288014605641365,0.0001623299111102117,0.006099615711718798,0.005544443614780903,-0.003486990078818053,0.1640380896627903,0.8662887573242187,0.9572929739952087,1.271312177181244
440,2,layer_17.attn_o,0.0015902355080470443,9.210467729147706e-05,0.006457249168306589,0.005544443614780903,-0.0038539977511391045,0.3836370125412941,0.8662887573242187,0.9572929739952087,1.271312177181244
440,2,layer_17.mlp_down,0.006009308621287346,0.00024347039190756933,0.0038326142821460962,0.005544443614780903,-0.003741980725317262,0.16683544144034385,0.8662887573242187,0.9572929739952087,1.271312177181244
440,2,layer_18.attn_o,0.0016630205791443586,8.632223776797732e-05,0.0019242658745497465,0.005544443614780903,-0.002529256761772558,0.223077829554677,0.8662887573242187,0.9572929739952087,1.271312177181244
440,2,layer_18.mlp_down,0.005881885997951031,0.00023351571641814107,0.0017748306272551417,0.005544443614780903,-0.004187882505357265,0.20389103069901465,0.8662887573242187,0.9572929739952087,1.271312177181244
440,2,layer_19.attn_o,0.0017953658243641257,0.00010324378419303371,0.0013591457391157746,0.005544443614780903,-0.0057862292043864725,0.1993888035416603,0.8662887573242187,0.9572929739952087,1.271312177181244
440,2,layer_19.mlp_down,0.005942337680608034,0.00024615501059289463,0.0007843778003007174,0.005544443614780903,-0.0023068196140229704,0.19369325339794158,0.8662887573242187,0.9572929739952087,1.271312177181244
440,2,layer_20.attn_o,0.0013691666536033154,4.469895830887836e-05,0.0018326934659853578,0.005544443614780903,-0.00924605862237513,0.3222197651863098,0.8662887573242187,0.9572929739952087,1.271312177181244
440,2,layer_20.mlp_down,0.00679038418456912,0.0003660065273844268,0.001238869852386415,0.005544443614780903,-0.00528517875354737,0.22641358524560928,0.8662887573242187,0.9572929739952087,1.271312177181244
440,2,layer_21.attn_o,0.0014820682117715478,5.986666966218729e-05,0.033614758402109146,0.005544443614780903,-0.01814437280409038,0.5032860547304153,0.8662887573242187,0.9572929739952087,1.271312177181244
440,2,layer_21.mlp_down,0.005517115816473961,0.00018606569793846547,-0.000511793652549386,0.005544443614780903,-0.005516466370318085,0.15228086486458778,0.8662887573242187,0.9572929739952087,1.271312177181244
440,2,layer_22.attn_o,0.0013799170264974236,4.905316109945252e-05,0.006412058603018522,0.005544443614780903,-0.007714458237751387,0.177595254778862,0.8662887573242187,0.9572929739952087,1.271312177181244
440,2,layer_22.mlp_down,0.005552178714424372,0.00019329661268027874,-0.005088876001536846,0.005544443614780903,-0.0030848450027406217,0.18604592010378837,0.8662887573242187,0.9572929739952087,1.271312177181244
440,2,layer_23.attn_o,0.0014025293057784438,6.408420577382717e-05,0.00014603021554648876,0.005544443614780903,-0.011215123720467091,0.29021047204732897,0.8662887573242187,0.9572929739952087,1.271312177181244
440,2,layer_23.mlp_down,0.005234355106949806,0.0001614645851329788,-0.005817888304591179,0.005544443614780903,-0.0011849923990666865,0.200374773144722,0.8662887573242187,0.9572929739952087,1.271312177181244
440,2,layer_24.attn_o,0.0017057692166417837,8.915819000056934e-05,0.003812951035797596,0.005544443614780903,-0.003770689247176051,0.4098331153392792,0.8662887573242187,0.9572929739952087,1.271312177181244
440,2,layer_24.mlp_down,0.006259877700358629,0.00027750090300540664,0.012090991251170635,0.005544443614780903,0.008607829303946346,0.24307403713464737,0.8662887573242187,0.9572929739952087,1.271312177181244
440,2,layer_25.attn_o,0.0017051300965249538,7.837838614515313e-05,0.01834716834127903,0.005544443614780903,0.01986251431517303,0.28826085180044175,0.8662887573242187,0.9572929739952087,1.271312177181244
440,2,layer_25.mlp_down,0.007058717776089907,0.00038321443231360207,0.01420047227293253,0.005544443614780903,0.0040089908870868385,0.17747157737612723,0.8662887573242187,0.9572929739952087,1.271312177181244
460,2,layer_0.attn_o,0.0005250716931186616,2.5758528599614045e-05,0.02689344435930252,0.004947361536324024,-0.0022548312757862733,0.15670159300789238,0.9077684253454208,0.9573875665664673,1.2702377066016197
460,2,layer_0.mlp_down,0.001731928321532905,5.319214880105452e-05,-0.0028490701224654913,0.004947361536324024,-0.0021496715722605585,0.056347592547535894,0.9077684253454208,0.9573875665664673,1.2702377066016197
460,2,layer_1.attn_o,0.0005316042806953192,2.2027145487311422e-05,-0.030896345153450966,0.004947361536324024,0.008756243769312277,0.11781796533614397,0.9077684253454208,0.9573875665664673,1.2702377066016197
460,2,layer_1.mlp_down,0.00229904567822814,0.00012214823292911654,0.00536784902215004,0.004947361536324024,-0.0031353282618511004,0.05754848811775446,0.9077684253454208,0.9573875665664673,1.2702377066016197
460,2,layer_2.attn_o,0.0005199417355470359,2.2846695851726393e-05,0.01656123250722885,0.004947361536324024,-0.004643412976292893,0.10766344964504242,0.9077684253454208,0.9573875665664673,1.2702377066016197
460,2,layer_2.mlp_down,0.002418395597487688,0.00013110953453608878,-0.004054628312587738,0.004947361536324024,-0.00552911744453013,0.08484160378575326,0.9077684253454208,0.9573875665664673,1.2702377066016197
460,2,layer_3.attn_o,0.0005214792909100652,2.3168390531841816e-05,0.005372343584895134,0.004947361536324024,-0.004997084476053714,0.09275470487773418,0.9077684253454208,0.9573875665664673,1.2702377066016197
460,2,layer_3.mlp_down,0.0022148978896439075,0.00010091855533514527,-0.002117205411195755,0.004947361536324024,0.00326001817593351,0.0655797990038991,0.9077684253454208,0.9573875665664673,1.2702377066016197
460,2,layer_4.attn_o,0.0006262636161409318,3.405458220957515e-05,-0.00011841501691378653,0.004947361536324024,0.0013384481659159063,0.08353767227381467,0.9077684253454208,0.9573875665664673,1.2702377066016197
460,2,layer_4.mlp_down,0.0019062298815697432,6.024744718282208e-05,-0.013578072190284729,0.004947361536324024,0.00046596331521868705,0.10390058495104312,0.9077684253454208,0.9573875665664673,1.2702377066016197
460,2,layer_5.attn_o,0.0005253272829577327,2.0798472195999705e-05,0.010600324720144272,0.004947361536324024,0.0022962536662817002,0.25080868862569333,0.9077684253454208,0.9573875665664673,1.2702377066016197
460,2,layer_5.mlp_down,0.002153427340090275,8.681513816645082e-05,-0.0055495137348771095,0.004947361536324024,-0.00038899430073797704,0.06181532870978117,0.9077684253454208,0.9573875665664673,1.2702377066016197
460,2,layer_6.attn_o,0.000619178987108171,3.3676380045905364e-05,-0.004739778116345406,0.004947361536324024,-3.419684362597764e-05,0.08522425880655646,0.9077684253454208,0.9573875665664673,1.2702377066016197
460,2,layer_6.mlp_down,0.0022453004494309425,9.604445077824224e-05,-0.008135898038744926,0.004947361536324024,-4.7197705134749414e-05,0.08673027418553829,0.9077684253454208,0.9573875665664673,1.2702377066016197
460,2,layer_7.attn_o,0.0004900753265246749,1.550371555443998e-05,0.005362045485526323,0.004947361536324024,0.0008826818317174912,0.14536784794181584,0.9077684253454208,0.9573875665664673,1.2702377066016197
460,2,layer_7.mlp_down,0.001998466905206442,6.534709700994743e-05,-0.00408810144290328,0.004947361536324024,0.001510180573677644,0.1116823073476553,0.9077684253454208,0.9573875665664673,1.2702377066016197
460,2,layer_8.attn_o,0.0005110697238706052,1.629138444374274e-05,0.003859895747154951,0.004947361536324024,-0.0025232493411749602,0.12403660994023084,0.9077684253454208,0.9573875665664673,1.2702377066016197
460,2,layer_8.mlp_down,0.0020224612671881914,6.556514478168606e-05,-0.002599219558760524,0.004947361536324024,-0.0038531302707269788,0.1460387445986271,0.9077684253454208,0.9573875665664673,1.2702377066016197
460,2,layer_9.attn_o,0.000516630825586617,1.722053702574156e-05,0.005127758253365755,0.004947361536324024,-0.015112794609740377,0.19023178182542325,0.9077684253454208,0.9573875665664673,1.2702377066016197
460,2,layer_9.mlp_down,0.002518958877772093,0.0001275999421941584,0.00804130919277668,0.004947361536324024,-0.0027932119090110065,0.1995127744972706,0.9077684253454208,0.9573875665664673,1.2702377066016197
460,2,layer_10.attn_o,0.0006338102975860238,3.4473027954634416e-05,0.006309206597507,0.004947361536324024,-0.005442594410851598,0.26978999450802804,0.9077684253454208,0.9573875665664673,1.2702377066016197
460,2,layer_10.mlp_down,0.001975999679416418,5.8998777072385734e-05,-0.003251534653827548,0.004947361536324024,0.018399781454354523,0.3112978979945183,0.9077684253454208,0.9573875665664673,1.2702377066016197
460,2,layer_11.attn_o,0.000577349157538265,2.4049101221772978e-05,0.026411915197968483,0.004947361536324024,-0.007092455867677927,0.48843582570552824,0.9077684253454208,0.9573875665664673,1.2702377066016197
460,2,layer_11.mlp_down,0.0026819140184670687,0.0001495286166152658,0.0018577517475932837,0.004947361536324024,-0.0015718408394604921,0.2799555160105228,0.9077684253454208,0.9573875665664673,1.2702377066016197
460,2,layer_12.attn_o,0.0005595849943347275,2.0162928643922005e-05,0.004817620385438204,0.004947361536324024,-0.007750311843119561,0.2587926536798477,0.9077684253454208,0.9573875665664673,1.2702377066016197
460,2,layer_12.mlp_down,0.0022824332118034363,8.479880607638827e-05,0.0006281618843786418,0.004947361536324024,0.0007403813418932259,0.1843229539692402,0.9077684253454208,0.9573875665664673,1.2702377066016197
460,2,layer_13.attn_o,0.0006372370407916605,3.308830576823003e-05,4.682893995777704e-05,0.004947361536324024,-0.0014332341146655382,0.1561042621731758,0.9077684253454208,0.9573875665664673,1.2702377066016197
460,2,layer_13.mlp_down,0.002450127387419343,0.00011647584603851217,-0.0014341984642669559,0.004947361536324024,0.0007622454082593322,0.16282131895422935,0.9077684253454208,0.9573875665664673,1.2702377066016197
460,2,layer_14.attn_o,0.0005356820183806121,1.8710778900969536e-05,0.0012696892954409122,0.004947361536324024,0.001462836586870253,0.19620721265673638,0.9077684253454208,0.9573875665664673,1.2702377066016197
460,2,layer_14.mlp_down,0.002382353413850069,0.00010667526190904014,-0.0011916877701878548,0.004947361536324024,-0.0012175361138361041,0.19652339071035385,0.9077684253454208,0.9573875665664673,1.2702377066016197
460,2,layer_15.attn_o,0.0006561554619111121,3.568723307686297e-05,-0.00255927094258368,0.004947361536324024,0.007266429206356406,0.34691756665706636,0.9077684253454208,0.9573875665664673,1.2702377066016197
460,2,layer_15.mlp_down,0.0022309389896690845,8.762324279545408e-05,0.0015543763292953372,0.004947361536324024,0.0016210955393034965,0.12022768333554268,0.9077684253454208,0.9573875665664673,1.2702377066016197
460,2,layer_16.attn_o,0.0005829820293001831,2.6041681123352832e-05,-0.0008428647997789085,0.004947361536324024,0.0020555135793983935,0.15911817848682402,0.9077684253454208,0.9573875665664673,1.2702377066016197
460,2,layer_16.mlp_down,0.002011721720919013,6.128256242083633e-05,0.002687914529815316,0.004947361536324024,0.0017451784107834101,0.12824031338095665,0.9077684253454208,0.9573875665664673,1.2702377066016197
460,2,layer_17.attn_o,0.0006409409688785672,3.712259431025077e-05,-0.0005133926752023399,0.004947361536324024,-0.0041490398114547135,0.3554983377456665,0.9077684253454208,0.9573875665664673,1.2702377066016197
460,2,layer_17.mlp_down,0.002247751224786043,9.106885768368804e-05,0.006718464195728302,0.004947361536324024,-0.00014914314378984274,0.13554961532354354,0.9077684253454208,0.9573875665664673,1.2702377066016197
460,2,layer_18.attn_o,0.0006399246049113572,3.321649721146273e-05,0.00013161581591702998,0.004947361536324024,-0.003348077222472057,0.16347934305667877,0.9077684253454208,0.9573875665664673,1.2702377066016197
460,2,layer_18.mlp_down,0.002202623523771763,8.744596721734962e-05,0.011380734853446484,0.004947361536324024,9.188071708194911e-05,0.176528886705637,0.9077684253454208,0.9573875665664673,1.2702377066016197
460,2,layer_19.attn_o,0.0006629643612541258,3.812423546896668e-05,0.003858391661196947,0.004947361536324024,-0.002407382521778345,0.14411821737885475,0.9077684253454208,0.9573875665664673,1.2702377066016197
460,2,layer_19.mlp_down,0.0022279454860836267,9.229026928526742e-05,0.005161822773516178,0.004947361536324024,-0.003281544707715511,0.14999106377363206,0.9077684253454208,0.9573875665664673,1.2702377066016197
460,2,layer_20.attn_o,0.0005037759547121823,1.6446690647506363e-05,0.000558637548238039,0.004947361536324024,-0.005280421301722527,0.28752501010894777,0.9077684253454208,0.9573875665664673,1.2702377066016197
460,2,layer_20.mlp_down,0.002530675148591399,0.00013640515874336183,0.01096602063626051,0.004947361536324024,-0.002730272363987751,0.20554883480072023,0.9077684253454208,0.9573875665664673,1.2702377066016197
460,2,layer_21.attn_o,0.0005623233155347407,2.27144904040715e-05,0.014409119263291359,0.004947361536324024,0.00039498384576290845,0.46312251389026643,0.9077684253454208,0.9573875665664673,1.2702377066016197
460,2,layer_21.mlp_down,0.0020395019091665745,6.878255494155139e-05,0.015294186770915985,0.004947361536324024,7.727646734565497e-05,0.13639189079403877,0.9077684253454208,0.9573875665664673,1.2702377066016197
460,2,layer_22.attn_o,0.000527931668329984,1.8766865455545407e-05,-0.0003787095192819834,0.004947361536324024,-0.003022812132257968,0.1502282939851284,0.9077684253454208,0.9573875665664673,1.2702377066016197
460,2,layer_22.mlp_down,0.0020559660624712706,7.157753669363091e-05,0.015539338812232018,0.004947361536324024,0.0022410232399124653,0.15703407004475595,0.9077684253454208,0.9573875665664673,1.2702377066016197
460,2,layer_23.attn_o,0.000540599983651191,2.4701031522761773e-05,0.007980091497302055,0.004947361536324024,0.005922175313753541,0.2616751939058304,0.9077684253454208,0.9573875665664673,1.2702377066016197
460,2,layer_23.mlp_down,0.001939366920851171,5.9823811892336645e-05,0.012721894308924675,0.004947361536324024,0.0026374197797849773,0.16986057832837104,0.9077684253454208,0.9573875665664673,1.2702377066016197
460,2,layer_24.attn_o,0.0006531445542350411,3.413895953578701e-05,0.01088806800544262,0.004947361536324024,0.022963427926879377,0.3356670469045639,0.9077684253454208,0.9573875665664673,1.2702377066016197
460,2,layer_24.mlp_down,0.0023319399915635586,0.00010337509523169031,0.04016659036278725,0.004947361536324024,0.010480447998270392,0.2144038662314415,0.9077684253454208,0.9573875665664673,1.2702377066016197
460,2,layer_25.attn_o,0.0006310684839263558,2.9007833137201574e-05,0.018797695636749268,0.004947361536324024,0.012655102834105491,0.22013965249061584,0.9077684253454208,0.9573875665664673,1.2702377066016197
460,2,layer_25.mlp_down,0.002651217393577099,0.00014393333189507236,0.018644150346517563,0.004947361536324024,-0.004587184765841812,0.11654036790132523,0.9077684253454208,0.9573875665664673,1.2702377066016197
480,2,layer_0.attn_o,0.0001266345352632925,6.212331270238915e-06,-0.001399440923705697,0.003907427191734314,0.03424818776547909,0.09800062710419297,0.8777054846286774,0.9583076909184456,1.26963322609663
480,2,layer_0.mlp_down,0.0004220235859975219,1.296147254181172e-05,0.007016682997345924,0.003907427191734314,0.0030810340540483594,0.05411143177188933,0.8777054846286774,0.9583076909184456,1.26963322609663
480,2,layer_1.attn_o,0.0001285098842345178,5.324836573717599e-06,0.05627991259098053,0.003907427191734314,-0.007521151029504835,0.10353536102920771,0.8777054846286774,0.9583076909184456,1.26963322609663
480,2,layer_1.mlp_down,0.0005534316296689212,2.9403807088878453e-05,0.007720127236098051,0.003907427191734314,-0.002265418731258251,0.049034334276802836,0.8777054846286774,0.9583076909184456,1.26963322609663
480,2,layer_2.attn_o,0.000122902900329791,5.400461227017163e-06,0.04599805548787117,0.003907427191734314,0.0026669335318729283,0.09218979896977544,0.8777054846286774,0.9583076909184456,1.26963322609663
480,2,layer_2.mlp_down,0.0005834488547407091,3.163076704660511e-05,0.01416712999343872,0.003907427191734314,-0.00495405942783691,0.06511010878020898,0.8777054846286774,0.9583076909184456,1.26963322609663
480,2,layer_3.attn_o,0.00012594160216394812,5.595359727608862e-06,0.019015008583664894,0.003907427191734314,-0.002240148582495749,0.07844756054109894,0.8777054846286774,0.9583076909184456,1.26963322609663
480,2,layer_3.mlp_down,0.0005327892140485346,2.4275754666311058e-05,0.007363344542682171,0.003907427191734314,-0.0075643556301656645,0.05165184196084738,0.8777054846286774,0.9583076909184456,1.26963322609663
480,2,layer_4.attn_o,0.00015264793182723224,8.300596441422974e-06,0.017952121794223785,0.003907427191734314,-0.0026696545945014806,0.0782646955922246,0.8777054846286774,0.9583076909184456,1.26963322609663
480,2,layer_4.mlp_down,0.0004596128419507295,1.4526317464486885e-05,0.024020619690418243,0.003907427191734314,-0.0018927311873994767,0.08377876414451749,0.8777054846286774,0.9583076909184456,1.26963322609663
480,2,layer_5.attn_o,0.00012779924145434052,5.059758090408978e-06,0.21200352907180786,0.003907427191734314,-0.006415123725309968,0.2517488397657871,0.8777054846286774,0.9583076909184456,1.26963322609663
480,2,layer_5.mlp_down,0.0005200757295824587,2.0966784195665546e-05,0.014536966569721699,0.003907427191734314,-0.006030225497670472,0.05608046115376055,0.8777054846286774,0.9583076909184456,1.26963322609663
480,2,layer_6.attn_o,0.0001514739269623533,8.238479724989047e-06,0.0027164448983967304,0.003907427191734314,-0.003914448540308512,0.07440025338437409,0.8777054846286774,0.9583076909184456,1.26963322609663
480,2,layer_6.mlp_down,0.0005466078873723745,2.3381572095191297e-05,0.0049177478067576885,0.003907427191734314,-0.0015721291885711253,0.07262392761185765,0.8777054846286774,0.9583076909184456,1.26963322609663
480,2,layer_7.attn_o,0.00011862648534588516,3.752793063604573e-06,0.00718906382098794,0.003907427191734314,-0.0029492632718756797,0.1305867489427328,0.8777054846286774,0.9583076909184456,1.26963322609663
480,2,layer_7.mlp_down,0.00048721491475589573,1.5931252209532044e-05,0.0024089296348392963,0.003907427191734314,-0.0037310911517124622,0.10249215550720692,0.8777054846286774,0.9583076909184456,1.26963322609663
480,2,layer_8.attn_o,0.0001234071096405387,3.933852021244261e-06,-0.0011684759519994259,0.003907427191734314,-0.0010197230149060488,0.13467653449624778,0.8777054846286774,0.9583076909184456,1.26963322609663
480,2,layer_8.mlp_down,0.0004913928569294512,1.5930215491374295e-05,-0.0015289557632058859,0.003907427191734314,0.006509947264567018,0.1382185596972704,0.8777054846286774,0.9583076909184456,1.26963322609663
480,2,layer_9.attn_o,0.00012607024109456688,4.2022216776323e-06,-0.00669857207685709,0.003907427191734314,0.0037764057517051695,0.20253734961152076,0.8777054846286774,0.9583076909184456,1.26963322609663
480,2,layer_9.mlp_down,0.0006089143571443856,3.084506260321852e-05,0.001228309702128172,0.003907427191734314,0.014062021439895035,0.1838704265654087,0.8777054846286774,0.9583076909184456,1.26963322609663
480,2,layer_10.attn_o,0.00015641569916624576,8.507471068927894e-06,0.0043072570115327835,0.003907427191734314,0.018105888133868576,0.25727369263768196,0.8777054846286774,0.9583076909184456,1.26963322609663
480,2,layer_10.mlp_down,0.00047609987086616457,1.4215240234107848e-05,0.01846979558467865,0.003907427191734314,0.004588335379958152,0.27436034828424455,0.8777054846286774,0.9583076909184456,1.26963322609663
480,2,layer_11.attn_o,0.0001479992934037,6.164813685695146e-06,0.048367783427238464,0.003907427191734314,0.017666588164865972,0.42011074274778365,0.8777054846286774,0.9583076909184456,1.26963322609663
480,2,layer_11.mlp_down,0.0006433399394154549,3.586905862445459e-05,0.03891291469335556,0.003907427191734314,0.006598456855863332,0.24851147830486298,0.8777054846286774,0.9583076909184456,1.26963322609663
480,2,layer_12.attn_o,0.00013602971739601344,4.901413570907973e-06,1.6193003830267116e-05,0.003907427191734314,0.0036995695903897286,0.224208614975214,0.8777054846286774,0.9583076909184456,1.26963322609663
480,2,layer_12.mlp_down,0.0005516849341802299,2.0496645206038666e-05,0.004941822960972786,0.003907427191734314,0.0019672046415507793,0.15172842293977737,0.8777054846286774,0.9583076909184456,1.26963322609663
480,2,layer_13.attn_o,0.00015226310642901808,7.90620742398287e-06,-0.0007726073963567615,0.003907427191734314,-0.004835687554441392,0.12740824036300183,0.8777054846286774,0.9583076909184456,1.26963322609663
480,2,layer_13.mlp_down,0.0005840490339323878,2.776492589918042e-05,0.0018058648565784097,0.003907427191734314,0.0019158813753165304,0.12872059717774392,0.8777054846286774,0.9583076909184456,1.26963322609663
480,2,layer_14.attn_o,0.00012979062739759684,4.533442694223628e-06,-3.5819331969833e-05,0.003907427191734314,-0.0018815353512763977,0.15585887283086777,0.8777054846286774,0.9583076909184456,1.26963322609663
480,2,layer_14.mlp_down,0.0005710978875868022,2.557219948133848e-05,0.004175230860710144,0.003907427191734314,0.0027699720580130816,0.16834298223257066,0.8777054846286774,0.9583076909184456,1.26963322609663
480,2,layer_15.attn_o,0.00015469721984118223,8.413731289739473e-06,0.017054304480552673,0.003907427191734314,0.012376253865659237,0.2882840521633625,0.8777054846286774,0.9583076909184456,1.26963322609663
480,2,layer_15.mlp_down,0.0005331237334758043,2.0939178773911003e-05,0.013023393228650093,0.003907427191734314,-0.0021477013069670647,0.10621347539126873,0.8777054846286774,0.9583076909184456,1.26963322609663
480,2,layer_16.attn_o,0.00014332101272884756,6.402118631754313e-06,0.009397621266543865,0.003907427191734314,0.0008493056084262207,0.13034660071134568,0.8777054846286774,0.9583076909184456,1.26963322609663
480,2,layer_16.mlp_down,0.0004832086560782045,1.4719861261364348e-05,0.0161510668694973,0.003907427191734314,0.0031444375403225423,0.11239897124469281,0.8777054846286774,0.9583076909184456,1.26963322609663
480,2,layer_17.attn_o,0.00015165895456448197,8.783919451528576e-06,0.023104695603251457,0.003907427191734314,-0.0025076866266317667,0.3162025406956673,0.8777054846286774,0.9583076909184456,1.26963322609663
480,2,layer_17.mlp_down,0.0005371644510887563,2.1763508527770818e-05,0.005497355479747057,0.003907427191734314,0.006649552124144975,0.11614840477705002,0.8777054846286774,0.9583076909184456,1.26963322609663
480,2,layer_18.attn_o,0.00015277767670340836,7.930214330320172e-06,0.0048804450780153275,0.003907427191734314,4.2064255103468896e-05,0.14296916350722313,0.8777054846286774,0.9583076909184456,1.26963322609663
480,2,layer_18.mlp_down,0.0005263614584691823,2.08969816492051e-05,0.0012265135301277041,0.003907427191734314,0.0057624566485174,0.14280377179384232,0.8777054846286774,0.9583076909184456,1.26963322609663
480,2,layer_19.attn_o,0.00016712643264327198,9.610723959772804e-06,0.003423737594857812,0.003907427191734314,-0.001517380034783855,0.12775165718048812,0.8777054846286774,0.9583076909184456,1.26963322609663
480,2,layer_19.mlp_down,0.0005352342850528657,2.2171510302556134e-05,0.0036343128886073828,0.003907427191734314,0.0013823122018948198,0.12864293903112411,0.8777054846286774,0.9583076909184456,1.26963322609663
480,2,layer_20.attn_o,0.0001245862222276628,4.067345884125226e-06,0.0007308881031349301,0.003907427191734314,0.0037028268910944463,0.24023433178663253,0.8777054846286774,0.9583076909184456,1.26963322609663
480,2,layer_20.mlp_down,0.0006112315459176898,3.294580740489763e-05,0.004309849347919226,0.003907427191734314,0.0019168118305969983,0.17562025487422944,0.8777054846286774,0.9583076909184456,1.26963322609663
480,2,layer_21.attn_o,0.00013102882076054811,5.292778744185648e-06,0.036469217389822006,0.003907427191734314,-0.0031400833278894423,0.44424624741077423,0.8777054846286774,0.9583076909184456,1.26963322609663
480,2,layer_21.mlp_down,0.0004936326295137405,1.6647845882304703e-05,0.014894796535372734,0.003907427191734314,0.0007360129617154598,0.11565609127283097,0.8777054846286774,0.9583076909184456,1.26963322609663
480,2,layer_22.attn_o,0.00012762511323671788,4.536805561293131e-06,0.008683787658810616,0.003907427191734314,0.00331199758220464,0.12679449729621411,0.8777054846286774,0.9583076909184456,1.26963322609663
480,2,layer_22.mlp_down,0.0005023555713705719,1.748928399129618e-05,0.007365725934505463,0.003907427191734314,0.0046005395473912355,0.1416907787322998,0.8777054846286774,0.9583076909184456,1.26963322609663
480,2,layer_23.attn_o,0.00012746264110319316,5.824008159600521e-06,0.007762254681438208,0.003907427191734314,0.004407200589776039,0.24089824110269548,0.8777054846286774,0.9583076909184456,1.26963322609663
480,2,layer_23.mlp_down,0.00047362761688418686,1.4610030291255895e-05,0.010285969823598862,0.003907427191734314,0.00536299692466855,0.16623476892709732,0.8777054846286774,0.9583076909184456,1.26963322609663
480,2,layer_24.attn_o,0.00015366869047284126,8.032049217824214e-06,0.008704313077032566,0.003907427191734314,0.014034275780431926,0.3597635418176651,0.8777054846286774,0.9583076909184456,1.26963322609663
480,2,layer_24.mlp_down,0.0005675040883943439,2.5157503792712805e-05,0.006306871771812439,0.003907427191734314,0.00969856824958697,0.20473113879561425,0.8777054846286774,0.9583076909184456,1.26963322609663
480,2,layer_25.attn_o,0.00015237719344440848,7.004203686182347e-06,0.03605541214346886,0.003907427191734314,0.014516284596174956,0.21141181737184525,0.8777054846286774,0.9583076909184456,1.26963322609663
480,2,layer_25.mlp_down,0.0006374305812641978,3.460580321909412e-05,-0.05556970462203026,0.003907427191734314,-0.00720072970725596,0.13854276575148106,0.8777054846286774,0.9583076909184456,1.26963322609663
500,2,layer_0.attn_o,9.882327503873967e-06,4.847989693128687e-07,-0.2501494586467743,0.00889320857822895,0.023352049622917547,0.0897709732176736,0.8359219551086425,0.9584450647234917,1.2703014835715294
500,2,layer_0.mlp_down,3.319375900900923e-05,1.0194690776295023e-06,-0.010317360982298851,0.00889320857822895,0.003536151279695332,0.06881696321070194,0.8359219551086425,0.9584450647234917,1.2703014835715294
500,2,layer_1.attn_o,1.0398422091384418e-05,4.3086100801485604e-07,-0.012145106680691242,0.00889320857822895,0.0034061461687088014,0.11667124293744564,0.8359219551086425,0.9584450647234917,1.2703014835715294
500,2,layer_1.mlp_down,4.201943738735281e-05,2.2324915394880114e-06,-0.006711465306580067,0.00889320857822895,0.005510951578617096,0.07081397511065006,0.8359219551086425,0.9584450647234917,1.2703014835715294
500,2,layer_2.attn_o,9.495099220657721e-06,4.17222987010449e-07,-0.03749249875545502,0.00889320857822895,0.014697601064108312,0.11389677952975034,0.8359219551086425,0.9584450647234917,1.2703014835715294
500,2,layer_2.mlp_down,4.428415195434354e-05,2.400796030265254e-06,-0.01873214915394783,0.00889320857822895,0.012470673187635839,0.09518813118338584,0.8359219551086425,0.9584450647234917,1.2703014835715294
500,2,layer_3.attn_o,1.0242691132589243e-05,4.5506441462463923e-07,-0.014549870043992996,0.00889320857822895,0.016278048045933247,0.10696436129510403,0.8359219551086425,0.9584450647234917,1.2703014835715294
500,2,layer_3.mlp_down,4.18963645643089e-05,1.908946053627957e-06,0.0018200118793174624,0.00889320857822895,0.015973640838637948,0.08554655089974403,0.8359219551086425,0.9584450647234917,1.2703014835715294
500,2,layer_4.attn_o,1.1724308023985941e-05,6.375372944599762e-07,-0.0066602109000086784,0.00889320857822895,0.015753236040472983,0.10785999801009893,0.8359219551086425,0.9584450647234917,1.2703014835715294
500,2,layer_4.mlp_down,3.582939461921342e-05,1.1324077860619624e-06,-0.0040615336038172245,0.00889320857822895,0.019316523162706288,0.13141614869236945,0.8359219551086425,0.9584450647234917,1.2703014835715294
500,2,layer_5.attn_o,9.501099157205317e-06,3.761623526194629e-07,0.02989853359758854,0.00889320857822895,0.01864424122031778,0.25665948167443275,0.8359219551086425,0.9584450647234917,1.2703014835715294
500,2,layer_5.mlp_down,3.980645124102011e-05,1.604791812599712e-06,-0.012638051994144917,0.00889320857822895,0.006288877880433574,0.07176864240318537,0.8359219551086425,0.9584450647234917,1.2703014835715294
500,2,layer_6.attn_o,1.1684380297083408e-05,6.35499007037083e-07,-0.003841069061309099,0.00889320857822895,0.0009243844309821725,0.09422319382429123,0.8359219551086425,0.9584450647234917,1.2703014835715294
500,2,layer_6.mlp_down,4.154504131292924e-05,1.7771210425183664e-06,-1.4142902728053741e-05,0.00889320857822895,0.006459756661206484,0.0951481319963932,0.8359219551086425,0.9584450647234917,1.2703014835715294
500,2,layer_7.attn_o,8.954988516052254e-06,2.832943982931988e-07,0.0013872070703655481,0.00889320857822895,-0.0017673470254521817,0.16218343786895276,0.8359219551086425,0.9584450647234917,1.2703014835715294
500,2,layer_7.mlp_down,3.690891753649339e-05,1.2068704307816572e-06,0.009109660983085632,0.00889320857822895,0.001025230681989342,0.12246001288294792,0.8359219551086425,0.9584450647234917,1.2703014835715294
500,2,layer_8.attn_o,9.565656910126563e-06,3.049247233813283e-07,0.00882680993527174,0.00889320857822895,-0.0036732821725308897,0.1569961618632078,0.8359219551086425,0.9584450647234917,1.2703014835715294
500,2,layer_8.mlp_down,3.7496374716283754e-05,1.2155759306478406e-06,0.01610558107495308,0.00889320857822895,0.009416863089427352,0.15950665324926377,0.8359219551086425,0.9584450647234917,1.2703014835715294
500,2,layer_9.attn_o,9.32461171032628e-06,3.108115374765137e-07,0.0010754725662991405,0.00889320857822895,0.0038133350200951098,0.21559253111481666,0.8359219551086425,0.9584450647234917,1.2703014835715294
500,2,layer_9.mlp_down,4.703742160927504e-05,2.382719666910468e-06,0.00010656943049980327,0.00889320857822895,0.010828855959698559,0.20962819159030915,0.8359219551086425,0.9584450647234917,1.2703014835715294
500,2,layer_10.attn_o,1.1651777640508953e-05,6.337417644558426e-07,-0.005993337370455265,0.00889320857822895,0.011094090761616826,0.29140315651893617,0.8359219551086425,0.9584450647234917,1.2703014835715294
500,2,layer_10.mlp_down,3.651717634056695e-05,1.0903183683037834e-06,0.10057149082422256,0.00889320857822895,0.021191863622516394,0.3219653248786926,0.8359219551086425,0.9584450647234917,1.2703014835715294
500,2,layer_11.attn_o,1.0766160812636372e-05,4.484573810706868e-07,0.08306977897882462,0.00889320857822895,0.022878393391147257,0.48990763127803805,0.8359219551086425,0.9584450647234917,1.2703014835715294
500,2,layer_11.mlp_down,4.943529347656295e-05,2.7562371480295454e-06,0.01830652356147766,0.00889320857822895,0.013189263828098773,0.29320556968450545,0.8359219551086425,0.9584450647234917,1.2703014835715294
500,2,layer_12.attn_o,1.0325667972210795e-05,3.720537695476166e-07,0.004051399417221546,0.00889320857822895,0.008399583492428064,0.2826943024992943,0.8359219551086425,0.9584450647234917,1.2703014835715294
500,2,layer_12.mlp_down,4.212760177324526e-05,1.5651587589763782e-06,0.0041491081938147545,0.00889320857822895,0.010544454259797931,0.19974923729896546,0.8359219551086425,0.9584450647234917,1.2703014835715294
500,2,layer_13.attn_o,1.2250844520167448e-05,6.361207265961095e-07,0.0012982807820662856,0.00889320857822895,0.00440234481357038,0.17666594684123993,0.8359219551086425,0.9584450647234917,1.2703014835715294
500,2,layer_13.mlp_down,4.547947901301086e-05,2.162034848731138e-06,0.007541924715042114,0.00889320857822895,0.015102336136624216,0.16833146810531616,0.8359219551086425,0.9584450647234917,1.2703014835715294
500,2,layer_14.attn_o,9.595349183655344e-06,3.351549070019551e-07,0.0035331181716173887,0.00889320857822895,0.010723591642454266,0.19344331100583076,0.8359219551086425,0.9584450647234917,1.2703014835715294
500,2,layer_14.mlp_down,4.411147892824374e-05,1.9751912291891586e-06,0.007731626741588116,0.00889320857822895,0.012050083372741938,0.20368674173951148,0.8359219551086425,0.9584450647234917,1.2703014835715294
500,2,layer_15.attn_o,1.1847007044707425e-05,6.443395295930424e-07,0.02155146561563015,0.00889320857822895,0.03053414330352098,0.343529012799263,0.8359219551086425,0.9584450647234917,1.2703014835715294
500,2,layer_15.mlp_down,4.1759805753827095e-05,1.6401746599091671e-06,0.0036334716714918613,0.00889320857822895,0.020284665655344723,0.12565574310719968,0.8359219551086425,0.9584450647234917,1.2703014835715294
500,2,layer_16.attn_o,1.0354022379033267e-05,4.625119396261959e-07,0.008859877474606037,0.00889320857822895,0.02034066617488861,0.1540960907936096,0.8359219551086425,0.9584450647234917,1.2703014835715294
500,2,layer_16.mlp_down,3.671559534268454e-05,1.1184577568603054e-06,0.014589590951800346,0.00889320857822895,0.01332275492604822,0.1320248007774353,0.8359219551086425,0.9584450647234917,1.2703014835715294
500,2,layer_17.attn_o,1.1193960745004006e-05,6.483418655367404e-07,0.022919457405805588,0.00889320857822895,0.009489485761150718,0.34941389560699465,0.8359219551086425,0.9584450647234917,1.2703014835715294
500,2,layer_17.mlp_down,4.1230687202187255e-05,1.6704836120705752e-06,0.007040100172162056,0.00889320857822895,0.012055235484149307,0.13922791332006454,0.8359219551086425,0.9584450647234917,1.2703014835715294
500,2,layer_18.attn_o,1.1055907634727191e-05,5.738778010731052e-07,-0.0009275209158658981,0.00889320857822895,0.0030782726185861974,0.15974756106734275,0.8359219551086425,0.9584450647234917,1.2703014835715294
500,2,layer_18.mlp_down,4.064602399012074e-05,1.6136804923083732e-06,0.004733845591545105,0.00889320857822895,0.006906860542949289,0.17105875685811042,0.8359219551086425,0.9584450647234917,1.2703014835715294
500,2,layer_19.attn_o,1.2450554095266853e-05,7.159779375608283e-07,0.0010022027418017387,0.00889320857822895,0.0015970911597833037,0.14765117019414903,0.8359219551086425,0.9584450647234917,1.2703014835715294
500,2,layer_19.mlp_down,4.098245335626416e-05,1.6976544892349136e-06,0.005073356907814741,0.00889320857822895,0.003517648228444159,0.15423813834786415,0.8359219551086425,0.9584450647234917,1.2703014835715294
500,2,layer_20.attn_o,9.67452706390759e-06,3.158426921585038e-07,0.0020209571812301874,0.00889320857822895,0.013700293796136975,0.28819618225097654,0.8359219551086425,0.9584450647234917,1.2703014835715294
500,2,layer_20.mlp_down,4.696085670730099e-05,2.531222989030869e-06,0.006526893470436335,0.00889320857822895,0.007640416873618961,0.20973260402679444,0.8359219551086425,0.9584450647234917,1.2703014835715294
500,2,layer_21.attn_o,1.0062490218842868e-05,4.0646427278160546e-07,0.020585626363754272,0.00889320857822895,0.0163790431804955,0.45600452125072477,0.8359219551086425,0.9584450647234917,1.2703014835715294
500,2,layer_21.mlp_down,3.875870243064128e-05,1.307143948930272e-06,0.010826786048710346,0.00889320857822895,0.00873144194483757,0.13727544546127318,0.8359219551086425,0.9584450647234917,1.2703014835715294
500,2,layer_22.attn_o,9.278965080738999e-06,3.2984778084592635e-07,0.0066494024358689785,0.00889320857822895,0.007975558075122536,0.1425223469734192,0.8359219551086425,0.9584450647234917,1.2703014835715294
500,2,layer_22.mlp_down,3.81199388357345e-05,1.3271285798823248e-06,0.015319774858653545,0.00889320857822895,0.010802765848347917,0.16657796129584312,0.8359219551086425,0.9584450647234917,1.2703014835715294
500,2,layer_23.attn_o,9.246561603504233e-06,4.2249281641245106e-07,0.019555803388357162,0.00889320857822895,0.018762800050899385,0.2560947582125664,0.8359219551086425,0.9584450647234917,1.2703014835715294
500,2,layer_23.mlp_down,3.628693593782373e-05,1.1193461156596825e-06,0.013736301101744175,0.00889320857822895,0.01102499112021178,0.1737650915980339,0.8359219551086425,0.9584450647234917,1.2703014835715294
500,2,layer_24.attn_o,1.2335040992184076e-05,6.447354763565967e-07,-0.00028373554232530296,0.00889320857822895,0.01777804533485323,0.3522732138633728,0.8359219551086425,0.9584450647234917,1.2703014835715294
500,2,layer_24.mlp_down,4.3435600673547015e-05,1.9255038175587684e-06,0.025526121258735657,0.00889320857822895,0.010652784118428826,0.23060501962900162,0.8359219551086425,0.9584450647234917,1.2703014835715294
500,2,layer_25.attn_o,1.1678214832500089e-05,5.36803399044544e-07,0.010413496755063534,0.00889320857822895,0.005289633385837078,0.24042757004499435,0.8359219551086425,0.9584450647234917,1.2703014835715294
500,2,layer_25.mlp_down,4.9451205995865166e-05,2.6846824641607675e-06,-0.0030390771571546793,0.00889320857822895,0.0069820033619180325,0.14861735366284848,0.8359219551086425,0.9584450647234917,1.2703014835715294
