step,epoch,layer,weight_delta_abs,weight_delta_rel,grad_cossim_train_vs_safety,grad_cossim_whole_model,cossim_intra_math,cossim_intra_safety,train_loss,math_val_loss,safety_val_loss
20,1,layer_0.attn_o,0.02992979809641838,0.0014683165144849695,0.10286951065063477,0.03306209295988083,0.03043392233084887,0.09899204168468714,1.2821613192558288,1.314958117902279,1.2743730768561363
20,1,layer_0.mlp_down,0.08132807165384293,0.0024982105074861766,0.018835581839084625,0.03306209295988083,0.011446670835721307,0.06168490350246429,1.2821613192558288,1.314958117902279,1.2743730768561363
20,1,layer_1.attn_o,0.02986190654337406,0.0012373524616711394,0.0003195656754542142,0.03306209295988083,0.009819921851158143,0.10541979018598795,1.2821613192558288,1.314958117902279,1.2743730768561363
20,1,layer_1.mlp_down,0.10479708015918732,0.005575207829106702,0.011612175032496452,0.03306209295988083,0.007297698594629765,0.06276226211339235,1.2821613192558288,1.314958117902279,1.2743730768561363
20,1,layer_2.attn_o,0.027665771543979645,0.0012156741589477683,-0.009985833428800106,0.03306209295988083,0.00727479278575629,0.09911788292229176,1.2821613192558288,1.314958117902279,1.2743730768561363
20,1,layer_2.mlp_down,0.09848182648420334,0.0053467458037910415,0.033399954438209534,0.03306209295988083,0.014199716120492667,0.09319716207683086,1.2821613192558288,1.314958117902279,1.2743730768561363
20,1,layer_3.attn_o,0.028722131624817848,0.00127610712462159,0.003932612482458353,0.03306209295988083,0.0038308533374220135,0.10808667503297328,1.2821613192558288,1.314958117902279,1.2743730768561363
20,1,layer_3.mlp_down,0.10190533101558685,0.0046467229945101095,0.02479425258934498,0.03306209295988083,0.014446019669412636,0.0731580851599574,1.2821613192558288,1.314958117902279,1.2743730768561363
20,1,layer_4.attn_o,0.032570067793130875,0.0017711581950016063,0.018770407885313034,0.03306209295988083,0.010819805483333767,0.0951981283724308,1.2821613192558288,1.314958117902279,1.2743730768561363
20,1,layer_4.mlp_down,0.09369571506977081,0.002961850952484134,0.059692226350307465,0.03306209295988083,0.01201970549300313,0.10761272199451924,1.2821613192558288,1.314958117902279,1.2743730768561363
20,1,layer_5.attn_o,0.03116024285554886,0.001233700263471456,0.03350061550736427,0.03306209295988083,-0.033134942222386596,0.2147961251437664,1.2821613192558288,1.314958117902279,1.2743730768561363
20,1,layer_5.mlp_down,0.10742634534835815,0.004332751278731379,0.04553217440843582,0.03306209295988083,0.006585584813728928,0.0628002678975463,1.2821613192558288,1.314958117902279,1.2743730768561363
20,1,layer_6.attn_o,0.03393230959773064,0.001845620252134413,0.005732952617108822,0.03306209295988083,0.009713501436635852,0.09956266433000564,1.2821613192558288,1.314958117902279,1.2743730768561363
20,1,layer_6.mlp_down,0.10885899513959885,0.0046592371171585815,0.0534791424870491,0.03306209295988083,0.007865865644998849,0.10111239291727543,1.2821613192558288,1.314958117902279,1.2743730768561363
20,1,layer_7.attn_o,0.028426697477698326,0.0008992938329919817,0.025095028802752495,0.03306209295988083,0.016790119092911483,0.16899390667676925,1.2821613192558288,1.314958117902279,1.2743730768561363
20,1,layer_7.mlp_down,0.10188687592744827,0.0033321389766986513,0.06571359932422638,0.03306209295988083,0.022836346132680773,0.1273855421692133,1.2821613192558288,1.314958117902279,1.2743730768561363
20,1,layer_8.attn_o,0.029679587110877037,0.0009461067250772118,0.026401743292808533,0.03306209295988083,0.03180176429450512,0.16126488856971263,1.2821613192558288,1.314958117902279,1.2743730768561363
20,1,layer_8.mlp_down,0.10540886968374252,0.003417773132750077,0.04460263252258301,0.03306209295988083,0.015733521606307477,0.17485139891505241,1.2821613192558288,1.314958117902279,1.2743730768561363
20,1,layer_9.attn_o,0.0298638753592968,0.0009954394750217165,0.02425660565495491,0.03306209295988083,0.028338638646528126,0.260483667999506,1.2821613192558288,1.314958117902279,1.2743730768561363
20,1,layer_9.mlp_down,0.13470640778541565,0.006830270223077153,0.056380461901426315,0.03306209295988083,0.02649216344580054,0.23239334896206856,1.2821613192558288,1.314958117902279,1.2743730768561363
20,1,layer_10.attn_o,0.040107157081365585,0.0021815235537836876,0.0336877666413784,0.03306209295988083,0.024824862142122584,0.2984871968626976,1.2821613192558288,1.314958117902279,1.2743730768561363
20,1,layer_10.mlp_down,0.11123428493738174,0.00332163337852535,0.1410665363073349,0.03306209295988083,0.03144379167351872,0.3281885951757431,1.2821613192558288,1.314958117902279,1.2743730768561363
20,1,layer_11.attn_o,0.03592810779809952,0.001496594153358152,0.04078047722578049,0.03306209295988083,0.02939493253361434,0.47300892472267153,1.2821613192558288,1.314958117902279,1.2743730768561363
20,1,layer_11.mlp_down,0.14002227783203125,0.007817479966988356,0.05658673122525215,0.03306209295988083,0.026133275614120065,0.3221773698925972,1.2821613192558288,1.314958117902279,1.2743730768561363
20,1,layer_12.attn_o,0.03248729929327965,0.0011705891797584094,0.01632612943649292,0.03306209295988083,0.01783623752708081,0.2889689117670059,1.2821613192558288,1.314958117902279,1.2743730768561363
20,1,layer_12.mlp_down,0.11393861472606659,0.004234409208471065,0.015232976526021957,0.03306209295988083,0.018698696792125703,0.1996848113834858,1.2821613192558288,1.314958117902279,1.2743730768561363
20,1,layer_13.attn_o,0.03290197253227234,0.0017084561680768627,0.008331730961799622,0.03306209295988083,0.018223359601688572,0.20813458189368247,1.2821613192558288,1.314958117902279,1.2743730768561363
20,1,layer_13.mlp_down,0.11584839224815369,0.0055114521145133745,0.01222256664186716,0.03306209295988083,0.021644165250472726,0.17436673417687415,1.2821613192558288,1.314958117902279,1.2743730768561363
20,1,layer_14.attn_o,0.027142370119690895,0.0009480638178939615,0.008588659577071667,0.03306209295988083,0.024239234506967477,0.2360663339495659,1.2821613192558288,1.314958117902279,1.2743730768561363
20,1,layer_14.mlp_down,0.11308766156435013,0.0050669849812258515,0.0124366981908679,0.03306209295988083,0.029572414699941874,0.224592687189579,1.2821613192558288,1.314958117902279,1.2743730768561363
20,1,layer_15.attn_o,0.03609733283519745,0.001963366116707388,0.04198760911822319,0.03306209295988083,0.053239723690785466,0.3546971783041954,1.2821613192558288,1.314958117902279,1.2743730768561363
20,1,layer_15.mlp_down,0.10862157493829727,0.004267947659361796,0.006488771177828312,0.03306209295988083,0.018357360549271107,0.12837910316884518,1.2821613192558288,1.314958117902279,1.2743730768561363
20,1,layer_16.attn_o,0.03131352365016937,0.0013987953804482647,0.005803435575217009,0.03306209295988083,0.020289771864190696,0.16909399926662444,1.2821613192558288,1.314958117902279,1.2743730768561363
20,1,layer_16.mlp_down,0.09811899811029434,0.0029894112159317083,0.018295815214514732,0.03306209295988083,0.016623133752727882,0.11653324402868748,1.2821613192558288,1.314958117902279,1.2743730768561363
20,1,layer_17.attn_o,0.033732250332832336,0.00195382216696055,0.01481301337480545,0.03306209295988083,0.00844288399675861,0.2966328293085098,1.2821613192558288,1.314958117902279,1.2743730768561363
20,1,layer_17.mlp_down,0.1059800386428833,0.004295722852123421,0.013288123533129692,0.03306209295988083,0.012321769841946661,0.12441483736038209,1.2821613192558288,1.314958117902279,1.2743730768561363
20,1,layer_18.attn_o,0.03232493996620178,0.0016779551056628258,0.012550175189971924,0.03306209295988083,0.003961732907919213,0.14859806187450886,1.2821613192558288,1.314958117902279,1.2743730768561363
20,1,layer_18.mlp_down,0.10258309543132782,0.004074089168915155,0.02288442850112915,0.03306209295988083,0.01475010424037464,0.14054356329143047,1.2821613192558288,1.314958117902279,1.2743730768561363
20,1,layer_19.attn_o,0.030862106010317802,0.001774835659809601,0.015200643800199032,0.03306209295988083,0.0066714400600176305,0.15750709548592567,1.2821613192558288,1.314958117902279,1.2743730768561363
20,1,layer_19.mlp_down,0.10009162873029709,0.004148014942586121,0.03153619170188904,0.03306209295988083,0.011203098917030729,0.13247718214988707,1.2821613192558288,1.314958117902279,1.2743730768561363
20,1,layer_20.attn_o,0.028159301728010178,0.0009193181550883439,0.020112480968236923,0.03306209295988083,0.022552188992267474,0.2511521719396114,1.2821613192558288,1.314958117902279,1.2743730768561363
20,1,layer_20.mlp_down,0.11183296889066696,0.0060351264301372,0.035370949655771255,0.03306209295988083,0.016372603364288807,0.16419824734330177,1.2821613192558288,1.314958117902279,1.2743730768561363
20,1,layer_21.attn_o,0.035424672067165375,0.001430970373386697,0.07123158872127533,0.03306209295988083,0.061876481492072345,0.40143563598394394,1.2821613192558288,1.314958117902279,1.2743730768561363
20,1,layer_21.mlp_down,0.08615399897098541,0.0029061137342230293,0.04555805027484894,0.03306209295988083,0.01801568118389696,0.10104449838399887,1.2821613192558288,1.314958117902279,1.2743730768561363
20,1,layer_22.attn_o,0.029643088579177856,0.0010537590221011825,0.024231527000665665,0.03306209295988083,0.02138868011534214,0.13255974538624288,1.2821613192558288,1.314958117902279,1.2743730768561363
20,1,layer_22.mlp_down,0.0870046392083168,0.0030297284333166276,0.04770219326019287,0.03306209295988083,0.02131069643655792,0.12734118960797786,1.2821613192558288,1.314958117902279,1.2743730768561363
20,1,layer_23.attn_o,0.03302771598100662,0.001509149584801616,0.04933631047606468,0.03306209295988083,0.0252671770285815,0.22888956665992738,1.2821613192558288,1.314958117902279,1.2743730768561363
20,1,layer_23.mlp_down,0.08359834551811218,0.002579147181172296,0.05781199783086777,0.03306209295988083,0.023071604082360864,0.13738325946033,1.2821613192558288,1.314958117902279,1.2743730768561363
20,1,layer_24.attn_o,0.041987095028162,0.0021947194402511323,0.07757510244846344,0.03306209295988083,0.050437102746218446,0.330974318087101,1.2821613192558288,1.314958117902279,1.2743730768561363
20,1,layer_24.mlp_down,0.10462941229343414,0.004641374072862062,0.06444811075925827,0.03306209295988083,0.03250639551552013,0.18730929270386695,1.2821613192558288,1.314958117902279,1.2743730768561363
20,1,layer_25.attn_o,0.03688263148069382,0.0016954057128378516,0.021419227123260498,0.03306209295988083,0.03439778033643961,0.2159300059080124,1.2821613192558288,1.314958117902279,1.2743730768561363
20,1,layer_25.mlp_down,0.11447478085756302,0.006223707187597949,-0.020631544291973114,0.03306209295988083,0.036069953441619874,0.1028845865279436,1.2821613192558288,1.314958117902279,1.2743730768561363
40,1,layer_0.attn_o,0.07360108941793442,0.003610774971298928,-0.017974920570850372,-0.0036727129481732845,-0.033532840013504026,0.1891085660085082,1.3063411712646484,1.1061676666140556,1.2729697674512863
40,1,layer_0.mlp_down,0.22400540113449097,0.00688094141007687,-0.01084937620908022,-0.0036727129481732845,0.00018311863532289864,0.11778737101703882,1.3063411712646484,1.1061676666140556,1.2729697674512863
40,1,layer_1.attn_o,0.07063262164592743,0.0029267212316102837,-0.035316403955221176,-0.0036727129481732845,0.01854745401069522,0.1862088419497013,1.3063411712646484,1.1061676666140556,1.2729697674512863
40,1,layer_1.mlp_down,0.2711433470249176,0.01442487230601305,0.0009499202133156359,-0.0036727129481732845,0.001768633199390024,0.12109559066593648,1.3063411712646484,1.1061676666140556,1.2729697674512863
40,1,layer_2.attn_o,0.0687851831316948,0.003022522056201816,-0.015825316309928894,-0.0036727129481732845,0.004129869877942838,0.18752925097942352,1.3063411712646484,1.1061676666140556,1.2729697674512863
40,1,layer_2.mlp_down,0.2701784074306488,0.014668475490252136,0.012369250878691673,-0.0036727129481732845,0.0016991112555842847,0.16133083552122116,1.3063411712646484,1.1061676666140556,1.2729697674512863
40,1,layer_3.attn_o,0.06970151513814926,0.0030967976672749797,-0.0115343714132905,-0.0036727129481732845,0.015629302151501177,0.19855738058686256,1.3063411712646484,1.1061676666140556,1.2729697674512863
40,1,layer_3.mlp_down,0.26189878582954407,0.011942203294580532,0.0018383353017270565,-0.0036727129481732845,0.0026888862252235413,0.14060712084174157,1.3063411712646484,1.1061676666140556,1.2729697674512863
40,1,layer_4.attn_o,0.08124318718910217,0.004418005259205314,-0.02020340785384178,-0.0036727129481732845,0.023042321123648436,0.1701604887843132,1.3063411712646484,1.1061676666140556,1.2729697674512863
40,1,layer_4.mlp_down,0.22991473972797394,0.007267939976680436,0.020451966673135757,-0.0036727129481732845,0.00664110709913075,0.19486769288778305,1.3063411712646484,1.1061676666140556,1.2729697674512863
40,1,layer_5.attn_o,0.07054504007101059,0.002793030861960607,-0.08206704258918762,-0.0036727129481732845,-0.027941355481743813,0.3588820159435272,1.3063411712646484,1.1061676666140556,1.2729697674512863
40,1,layer_5.mlp_down,0.25118616223335266,0.01013095389432815,-0.008516860194504261,-0.0036727129481732845,0.005474013066850603,0.1368449829518795,1.3063411712646484,1.1061676666140556,1.2729697674512863
40,1,layer_6.attn_o,0.07679511606693268,0.004176983865300129,-0.012721319682896137,-0.0036727129481732845,0.0095010926714167,0.1945842459797859,1.3063411712646484,1.1061676666140556,1.2729697674512863
40,1,layer_6.mlp_down,0.2548655569553375,0.010908426277133563,-0.007786975242197514,-0.0036727129481732845,0.011295904562575742,0.18776593655347823,1.3063411712646484,1.1061676666140556,1.2729697674512863
40,1,layer_7.attn_o,0.06385304778814316,0.002020027756355314,-0.0076631237752735615,-0.0036727129481732845,0.016814901170437224,0.29430715143680575,1.3063411712646484,1.1061676666140556,1.2729697674512863
40,1,layer_7.mlp_down,0.2305409461259842,0.007539715584043982,-0.008274844847619534,-0.0036727129481732845,0.005193023022729904,0.22964953184127807,1.3063411712646484,1.1061676666140556,1.2729697674512863
40,1,layer_8.attn_o,0.06367957592010498,0.002029936921141695,-0.0057318503968417645,-0.0036727129481732845,0.007111566746607423,0.26573642790317537,1.3063411712646484,1.1061676666140556,1.2729697674512863
40,1,layer_8.mlp_down,0.22875045239925385,0.007417042190999464,-0.003475866047665477,-0.0036727129481732845,0.00306574232672574,0.28278236389160155,1.3063411712646484,1.1061676666140556,1.2729697674512863
40,1,layer_9.attn_o,0.06100669875741005,0.0020335107283156956,-0.000819594191852957,-0.0036727129481732845,0.007591547837364487,0.36204993724823,1.3063411712646484,1.1061676666140556,1.2729697674512863
40,1,layer_9.mlp_down,0.2754038870334625,0.013964403349441698,-0.015425682999193668,-0.0036727129481732845,0.0039038828574120997,0.36706950664520266,1.3063411712646484,1.1061676666140556,1.2729697674512863
40,1,layer_10.attn_o,0.07795831561088562,0.004240342825962706,-0.006338815670460463,-0.0036727129481732845,0.007266625016927719,0.4537467509508133,1.3063411712646484,1.1061676666140556,1.2729697674512863
40,1,layer_10.mlp_down,0.22782041132450104,0.006803141736453006,-0.04178415238857269,-0.0036727129481732845,0.008952122973278165,0.47342399656772616,1.3063411712646484,1.1061676666140556,1.2729697674512863
40,1,layer_11.attn_o,0.06908281147480011,0.0028776642205642217,-0.013277753256261349,-0.0036727129481732845,-0.008012504503130912,0.5932059407234191,1.3063411712646484,1.1061676666140556,1.2729697674512863
40,1,layer_11.mlp_down,0.28920137882232666,0.016146464561487203,0.00023633985256310552,-0.0036727129481732845,0.0030409112972847653,0.45223128199577334,1.3063411712646484,1.1061676666140556,1.2729697674512863
40,1,layer_12.attn_o,0.0669633150100708,0.0024128378649102356,0.001523420331068337,-0.0036727129481732845,0.010681191319599747,0.41692033410072327,1.3063411712646484,1.1061676666140556,1.2729697674512863
40,1,layer_12.mlp_down,0.24780523777008057,0.009209510744013147,-0.0035963670816272497,-0.0036727129481732845,0.011035973089747131,0.32379033118486406,1.3063411712646484,1.1061676666140556,1.2729697674512863
40,1,layer_13.attn_o,0.07133768498897552,0.003704257922883404,-0.0022513431031256914,-0.0036727129481732845,0.013351432094350458,0.285613988339901,1.3063411712646484,1.1061676666140556,1.2729697674512863
40,1,layer_13.mlp_down,0.26038745045661926,0.01238792140370234,-0.0001864578080130741,-0.0036727129481732845,0.0042598877174896185,0.29490196108818056,1.3063411712646484,1.1061676666140556,1.2729697674512863
40,1,layer_14.attn_o,0.05931578204035759,0.002071859338745907,-0.002952178241685033,-0.0036727129481732845,0.013104923302307725,0.32220620661973953,1.3063411712646484,1.1061676666140556,1.2729697674512863
40,1,layer_14.mlp_down,0.2547402083873749,0.011413898561618513,-0.00719103729352355,-0.0036727129481732845,0.00763959989999421,0.35440326035022734,1.3063411712646484,1.1061676666140556,1.2729697674512863
40,1,layer_15.attn_o,0.07527920603752136,0.0040945065323005694,0.007323281839489937,-0.0036727129481732845,-0.003987180395051837,0.45299153625965116,1.3063411712646484,1.1061676666140556,1.2729697674512863
40,1,layer_15.mlp_down,0.2474491000175476,0.00972281724561171,-0.010696879588067532,-0.0036727129481732845,0.007644082000479102,0.19904275313019754,1.3063411712646484,1.1061676666140556,1.2729697674512863
40,1,layer_16.attn_o,0.06907587498426437,0.0030856659102169942,-0.00435827299952507,-0.0036727129481732845,0.004089749581180513,0.23665874153375627,1.3063411712646484,1.1061676666140556,1.2729697674512863
40,1,layer_16.mlp_down,0.2295996993780136,0.006995300791176028,-0.0039301589131355286,-0.0036727129481732845,0.0035511132329702376,0.19379695653915405,1.3063411712646484,1.1061676666140556,1.2729697674512863
40,1,layer_17.attn_o,0.0786370187997818,0.004554776742618301,0.005648878403007984,-0.0036727129481732845,-0.0003447370138019323,0.4734179228544235,1.3063411712646484,1.1061676666140556,1.2729697674512863
40,1,layer_17.mlp_down,0.2522282004356384,0.010223704928004304,-0.005586759652942419,-0.0036727129481732845,0.0011436890810728074,0.2045977681875229,1.3063411712646484,1.1061676666140556,1.2729697674512863
40,1,layer_18.attn_o,0.07347704470157623,0.0038141224729283684,-0.001307559898123145,-0.0036727129481732845,0.0014647111296653748,0.2330726280808449,1.3063411712646484,1.1061676666140556,1.2729697674512863
40,1,layer_18.mlp_down,0.24831776320934296,0.009862038554548777,0.0029620006680488586,-0.0036727129481732845,0.0026870906061958522,0.25040680468082427,1.3063411712646484,1.1061676666140556,1.2729697674512863
40,1,layer_19.attn_o,0.07385317236185074,0.004247197502341069,0.004949585534632206,-0.0036727129481732845,0.0018697634455747902,0.20440499633550643,1.3063411712646484,1.1061676666140556,1.2729697674512863
40,1,layer_19.mlp_down,0.24762870371341705,0.010262330036189595,-0.002813186263665557,-0.0036727129481732845,0.006273725978098809,0.20828599631786346,1.3063411712646484,1.1061676666140556,1.2729697674512863
40,1,layer_20.attn_o,0.0619422011077404,0.0020222323292982537,-0.008382488042116165,-0.0036727129481732845,0.0023011119545117255,0.33495516180992124,1.3063411712646484,1.1061676666140556,1.2729697674512863
40,1,layer_20.mlp_down,0.2726292610168457,0.014712762168660017,-0.006013961508870125,-0.0036727129481732845,0.0013163177703972907,0.2632649302482605,1.3063411712646484,1.1061676666140556,1.2729697674512863
40,1,layer_21.attn_o,0.06707168370485306,0.002709343558138759,-0.03295375406742096,-0.0036727129481732845,-0.005459283571690321,0.544167748093605,1.3063411712646484,1.1061676666140556,1.2729697674512863
40,1,layer_21.mlp_down,0.22515128552913666,0.0075947600291694515,-0.000422425742726773,-0.0036727129481732845,-0.0026687447680160403,0.18175845667719842,1.3063411712646484,1.1061676666140556,1.2729697674512863
40,1,layer_22.attn_o,0.060477547347545624,0.002149871319810146,-0.0005302125355228782,-0.0036727129481732845,-0.006409963197074831,0.20453842133283615,1.3063411712646484,1.1061676666140556,1.2729697674512863
40,1,layer_22.mlp_down,0.2327384650707245,0.0081046055206195,0.0060403659008443356,-0.0036727129481732845,0.002505739004118368,0.2012237451970577,1.3063411712646484,1.1061676666140556,1.2729697674512863
40,1,layer_23.attn_o,0.07297325879335403,0.0033343989777829867,0.018031271174550056,-0.0036727129481732845,-0.00015348735614679755,0.32078791558742525,1.3063411712646484,1.1061676666140556,1.2729697674512863
40,1,layer_23.mlp_down,0.22482000291347504,0.006936108807566572,0.011995811946690083,-0.0036727129481732845,0.005324660055339337,0.2248914957046509,1.3063411712646484,1.1061676666140556,1.2729697674512863
40,1,layer_24.attn_o,0.07909946143627167,0.004134637968045219,-0.012296550907194614,-0.0036727129481732845,0.0012709222733974456,0.45875804126262665,1.3063411712646484,1.1061676666140556,1.2729697674512863
40,1,layer_24.mlp_down,0.2668873369693756,0.011839222417926249,-0.00807846337556839,-0.0036727129481732845,0.005392531957477331,0.26841984540224073,1.3063411712646484,1.1061676666140556,1.2729697674512863
40,1,layer_25.attn_o,0.0734252855181694,0.003375187920528435,0.009719762951135635,-0.0036727129481732845,0.0018956064828671514,0.2997220024466515,1.3063411712646484,1.1061676666140556,1.2729697674512863
40,1,layer_25.mlp_down,0.2973453104496002,0.016165976966050946,0.011150704696774483,-0.0036727129481732845,-0.006588519708020613,0.15763519443571566,1.3063411712646484,1.1061676666140556,1.2729697674512863
60,1,layer_0.attn_o,0.10743317008018494,0.005270521585017314,0.05549320951104164,0.010101927444338799,0.020905599743127824,0.1752416908289888,1.2247141540050506,1.0671655982732773,1.3007332235574722
60,1,layer_0.mlp_down,0.35880541801452637,0.011021789899910428,0.004957254510372877,0.010101927444338799,0.0035431667929515243,0.09739366956055165,1.2247141540050506,1.0671655982732773,1.3007332235574722
60,1,layer_1.attn_o,0.09909312427043915,0.004106001208208934,0.04592152684926987,0.010101927444338799,0.022072422970086335,0.18747156863100828,1.2247141540050506,1.0671655982732773,1.3007332235574722
60,1,layer_1.mlp_down,0.416320264339447,0.022147421373314834,-0.0014349761186167598,0.010101927444338799,0.007184700528159738,0.102135962061584,1.2247141540050506,1.0671655982732773,1.3007332235574722
60,1,layer_2.attn_o,0.10350613296031952,0.004548203242794312,0.004088982939720154,0.010101927444338799,0.0056861595716327425,0.1800442688167095,1.2247141540050506,1.0671655982732773,1.3007332235574722
60,1,layer_2.mlp_down,0.4165031611919403,0.022611735199152903,-0.0048223985359072685,0.010101927444338799,0.004507177410414442,0.15130198672413825,1.2247141540050506,1.0671655982732773,1.3007332235574722
60,1,layer_3.attn_o,0.10222775489091873,0.00454190721345987,0.0034291434567421675,0.010101927444338799,0.0034752863459289072,0.18743495643138885,1.2247141540050506,1.0671655982732773,1.3007332235574722
60,1,layer_3.mlp_down,0.3952602446079254,0.018022810415056538,-0.004083981737494469,0.010101927444338799,0.006497150025097653,0.12190766707062721,1.2247141540050506,1.0671655982732773,1.3007332235574722
60,1,layer_4.attn_o,0.1183265969157219,0.006434574054262016,0.0031284531578421593,0.010101927444338799,0.01267763301730156,0.1659776359796524,1.2247141540050506,1.0671655982732773,1.3007332235574722
60,1,layer_4.mlp_down,0.3440132141113281,0.010874901312389612,-0.0016926702810451388,0.010101927444338799,0.01361848870292306,0.17703554406762123,1.2247141540050506,1.0671655982732773,1.3007332235574722
60,1,layer_5.attn_o,0.09639973193407059,0.0038166732219311584,0.05478508025407791,0.010101927444338799,0.05075867138803005,0.3019300036132336,1.2247141540050506,1.0671655982732773,1.3007332235574722
60,1,layer_5.mlp_down,0.3697804808616638,0.01491410654777876,-0.0010931300930678844,0.010101927444338799,0.008879953669384122,0.11612630002200604,1.2247141540050506,1.0671655982732773,1.3007332235574722
60,1,layer_6.attn_o,0.1113632395863533,0.006057176053298836,0.004043188877403736,0.010101927444338799,0.0030721208080649377,0.16757440865039824,1.2247141540050506,1.0671655982732773,1.3007332235574722
60,1,layer_6.mlp_down,0.37624692916870117,0.01610343775059286,0.006213588174432516,0.010101927444338799,0.01275562634691596,0.1664794370532036,1.2247141540050506,1.0671655982732773,1.3007332235574722
60,1,layer_7.attn_o,0.08787066489458084,0.0027798418555271707,0.0037494786083698273,0.010101927444338799,0.019211801397614182,0.24272193685173987,1.2247141540050506,1.0671655982732773,1.3007332235574722
60,1,layer_7.mlp_down,0.33752161264419556,0.01103859336924072,-0.0027199203614145517,0.010101927444338799,0.016208816878497602,0.20071307122707366,1.2247141540050506,1.0671655982732773,1.3007332235574722
60,1,layer_8.attn_o,0.09091122448444366,0.002898013928519438,-0.0035727843642234802,0.010101927444338799,0.02574303960427642,0.2284028299152851,1.2247141540050506,1.0671655982732773,1.3007332235574722
60,1,layer_8.mlp_down,0.3342483639717102,0.010837876600062694,-0.001754125114530325,0.010101927444338799,0.01922347592189908,0.2516919538378716,1.2247141540050506,1.0671655982732773,1.3007332235574722
60,1,layer_9.attn_o,0.08648725599050522,0.002882849698002843,0.010596871376037598,0.010101927444338799,0.025214071199297906,0.316384369134903,1.2247141540050506,1.0671655982732773,1.3007332235574722
60,1,layer_9.mlp_down,0.3869132995605469,0.01961759926517314,0.00547520536929369,0.010101927444338799,0.024882731772959233,0.326000003516674,1.2247141540050506,1.0671655982732773,1.3007332235574722
60,1,layer_10.attn_o,0.10795658826828003,0.005872006163908787,0.004435396753251553,0.010101927444338799,0.027167479158379138,0.40933789759874345,1.2247141540050506,1.0671655982732773,1.3007332235574722
60,1,layer_10.mlp_down,0.32259881496429443,0.009633484769969544,0.03395184129476547,0.010101927444338799,0.019731070566922426,0.4186503514647484,1.2247141540050506,1.0671655982732773,1.3007332235574722
60,1,layer_11.attn_o,0.09590637683868408,0.003995001774936019,0.050540126860141754,0.010101927444338799,0.026427816428258664,0.5184555530548096,1.2247141540050506,1.0671655982732773,1.3007332235574722
60,1,layer_11.mlp_down,0.39664843678474426,0.022144034457216105,0.024879012256860733,0.010101927444338799,0.0309085295535624,0.40147960633039476,1.2247141540050506,1.0671655982732773,1.3007332235574722
60,1,layer_12.attn_o,0.09517088532447815,0.003429226721602582,0.006015358958393335,0.010101927444338799,0.033083573915064335,0.3753884568810463,1.2247141540050506,1.0671655982732773,1.3007332235574722
60,1,layer_12.mlp_down,0.3624122738838196,0.013468973094364126,0.01035848818719387,0.010101927444338799,0.02538405656814575,0.29935775101184847,1.2247141540050506,1.0671655982732773,1.3007332235574722
60,1,layer_13.attn_o,0.11081384867429733,0.005754074944495091,0.0037517561577260494,0.010101927444338799,0.02627029540017247,0.2613783568143845,1.2247141540050506,1.0671655982732773,1.3007332235574722
60,1,layer_13.mlp_down,0.3907949924468994,0.018591477464825423,0.005777696613222361,0.010101927444338799,0.028465463314205408,0.2782243385910988,1.2247141540050506,1.0671655982732773,1.3007332235574722
60,1,layer_14.attn_o,0.09633463621139526,0.003364904613688804,0.0072244382463395596,0.010101927444338799,0.024820773972896858,0.3114718496799469,1.2247141540050506,1.0671655982732773,1.3007332235574722
60,1,layer_14.mlp_down,0.3858581483364105,0.01728824899996812,0.009589467197656631,0.010101927444338799,0.021233105461578815,0.33928854316473006,1.2247141540050506,1.0671655982732773,1.3007332235574722
60,1,layer_15.attn_o,0.1142328605055809,0.006213214884176697,0.01952379383146763,0.010101927444338799,0.01904791723936796,0.41550629734992983,1.2247141540050506,1.0671655982732773,1.3007332235574722
60,1,layer_15.mlp_down,0.3740480840206146,0.014697103691255277,0.01239729393273592,0.010101927444338799,0.022576467343606056,0.19689893797039987,1.2247141540050506,1.0671655982732773,1.3007332235574722
60,1,layer_16.attn_o,0.10723026096820831,0.004790042344125316,0.004662942141294479,0.010101927444338799,0.02425237004063092,0.2235961988568306,1.2247141540050506,1.0671655982732773,1.3007332235574722
60,1,layer_16.mlp_down,0.3509485423564911,0.010692608598793302,-0.004248594865202904,0.010101927444338799,0.019487051432952283,0.18026157170534135,1.2247141540050506,1.0671655982732773,1.3007332235574722
60,1,layer_17.attn_o,0.11480157822370529,0.006649473943836949,0.009716479107737541,0.010101927444338799,0.021531652100384234,0.40987971127033235,1.2247141540050506,1.0671655982732773,1.3007332235574722
60,1,layer_17.mlp_down,0.38224169611930847,0.015493640094103232,-0.0050044977106153965,0.010101927444338799,0.01296302480623126,0.18751784935593604,1.2247141540050506,1.0671655982732773,1.3007332235574722
60,1,layer_18.attn_o,0.1102767139673233,0.005724347018296166,0.007207621820271015,0.010101927444338799,0.009038885188056156,0.21011631116271018,1.2247141540050506,1.0671655982732773,1.3007332235574722
60,1,layer_18.mlp_down,0.3754597008228302,0.01491157062044505,0.010238557122647762,0.010101927444338799,0.012196947867050768,0.23314536213874817,1.2247141540050506,1.0671655982732773,1.3007332235574722
60,1,layer_19.attn_o,0.1116287112236023,0.00641961205315008,0.016065115109086037,0.010101927444338799,0.0027981621300568805,0.19068936184048652,1.2247141540050506,1.0671655982732773,1.3007332235574722
60,1,layer_19.mlp_down,0.3791806697845459,0.015714094595272236,0.0021949196234345436,0.010101927444338799,0.00993714758369606,0.21127634719014168,1.2247141540050506,1.0671655982732773,1.3007332235574722
60,1,layer_20.attn_o,0.09347645938396454,0.0030517364225878603,0.01364445686340332,0.010101927444338799,0.011342364270240069,0.32138185650110246,1.2247141540050506,1.0671655982732773,1.3007332235574722
60,1,layer_20.mlp_down,0.4102061092853546,0.022136572207052705,0.011930877342820168,0.010101927444338799,0.01307094328221865,0.2544359520077705,1.2247141540050506,1.0671655982732773,1.3007332235574722
60,1,layer_21.attn_o,0.08685075491666794,0.003508312473707629,0.012048516422510147,0.010101927444338799,0.014389114733785392,0.49416235387325286,1.2247141540050506,1.0671655982732773,1.3007332235574722
60,1,layer_21.mlp_down,0.35414421558380127,0.011946078551534964,0.016018269583582878,0.010101927444338799,0.011300355941057206,0.18372838273644448,1.2247141540050506,1.0671655982732773,1.3007332235574722
60,1,layer_22.attn_o,0.09047354757785797,0.003216180732455351,0.013661780394613743,0.010101927444338799,0.013312069629319013,0.1905903398990631,1.2247141540050506,1.0671655982732773,1.3007332235574722
60,1,layer_22.mlp_down,0.3641090989112854,0.012679429644944635,0.01862926594913006,0.010101927444338799,0.014954166556708514,0.20633103623986243,1.2247141540050506,1.0671655982732773,1.3007332235574722
60,1,layer_23.attn_o,0.09820201247930527,0.004487179614626815,0.02443923056125641,0.010101927444338799,0.01741549266735092,0.30680207163095474,1.2247141540050506,1.0671655982732773,1.3007332235574722
60,1,layer_23.mlp_down,0.3491121828556061,0.010770918772994523,0.021167227998375893,0.010101927444338799,0.019697601086227222,0.2183198884129524,1.2247141540050506,1.0671655982732773,1.3007332235574722
60,1,layer_24.attn_o,0.10440386086702347,0.005457306629446327,0.038580216467380524,0.010101927444338799,0.019954889081418514,0.4268773943185806,1.2247141540050506,1.0671655982732773,1.3007332235574722
60,1,layer_24.mlp_down,0.3982415795326233,0.01766567956082712,0.016841750591993332,0.010101927444338799,0.018126762984320522,0.24399506077170371,1.2247141540050506,1.0671655982732773,1.3007332235574722
60,1,layer_25.attn_o,0.10336421430110931,0.004751398494416654,0.029159730300307274,0.010101927444338799,0.01787515307078138,0.28666168004274367,1.2247141540050506,1.0671655982732773,1.3007332235574722
60,1,layer_25.mlp_down,0.4228936433792114,0.022990454968612132,0.016622019931674004,0.010101927444338799,0.029042194329667835,0.16312885396182536,1.2247141540050506,1.0671655982732773,1.3007332235574722
80,1,layer_0.attn_o,0.10978926718235016,0.005386067602212657,-0.057998720556497574,0.0010633767815306783,0.0020783415297046305,0.14885429358619148,1.3862471103668212,1.0434285029768944,1.2977626025676727
80,1,layer_0.mlp_down,0.36347877979278564,0.011165075470243004,-0.0067003085277974606,0.0010633767815306783,0.0027766817016527056,0.0905105475219898,1.3862471103668212,1.0434285029768944,1.2977626025676727
80,1,layer_1.attn_o,0.10049714893102646,0.004164163918090681,-0.015529356896877289,0.0010633767815306783,0.01773109834175557,0.11392250694334508,1.3862471103668212,1.0434285029768944,1.2977626025676727
80,1,layer_1.mlp_down,0.42006582021713257,0.022342789589773347,-8.15096718724817e-05,0.0010633767815306783,0.004637056781211868,0.08282915228628554,1.3862471103668212,1.0434285029768944,1.2977626025676727
80,1,layer_2.attn_o,0.10565976053476334,0.004642808612896036,-0.008499815128743649,0.0010633767815306783,0.008743100613355637,0.14918600553646683,1.3862471103668212,1.0434285029768944,1.2977626025676727
80,1,layer_2.mlp_down,0.42714205384254456,0.02318509443290591,0.01828698068857193,0.0010633767815306783,0.005604874214623123,0.11746092569082975,1.3862471103668212,1.0434285029768944,1.2977626025676727
80,1,layer_3.attn_o,0.10341448336839676,0.0045946000186980205,0.012889408506453037,0.0010633767815306783,0.010684326632326702,0.1323579934425652,1.3862471103668212,1.0434285029768944,1.2977626025676727
80,1,layer_3.mlp_down,0.3999524712562561,0.018234673229423383,0.007586620282381773,0.0010633767815306783,0.0037106635514646768,0.09503631703555585,1.3862471103668212,1.0434285029768944,1.2977626025676727
80,1,layer_4.attn_o,0.11717745661735535,0.006372021934225499,-0.0043464843183755875,0.0010633767815306783,0.009548568772152067,0.12514690579846502,1.3862471103668212,1.0434285029768944,1.2977626025676727
80,1,layer_4.mlp_down,0.3497399687767029,0.011055670101320927,0.019742466509342194,0.0010633767815306783,0.0023325861839111894,0.14427712224423886,1.3862471103668212,1.0434285029768944,1.2977626025676727
80,1,layer_5.attn_o,0.09793059527873993,0.0038772702264127925,-0.018346531316637993,0.0010633767815306783,-0.037736728228628634,0.21873075366020203,1.3862471103668212,1.0434285029768944,1.2977626025676727
80,1,layer_5.mlp_down,0.37745392322540283,0.015222629379558273,0.003744690679013729,0.0010633767815306783,0.0034032472089165823,0.09712791750207543,1.3862471103668212,1.0434285029768944,1.2977626025676727
80,1,layer_6.attn_o,0.11511672288179398,0.006261281706947816,7.705733150942251e-05,0.0010633767815306783,0.0042275682557374235,0.1282725889235735,1.3862471103668212,1.0434285029768944,1.2977626025676727
80,1,layer_6.mlp_down,0.38469263911247253,0.01646370607784859,0.013354873284697533,0.0010633767815306783,0.0011244554654695094,0.13167713582515717,1.3862471103668212,1.0434285029768944,1.2977626025676727
80,1,layer_7.attn_o,0.0901155099272728,0.002850852010796785,0.004458075854927301,0.0010633767815306783,-0.0028297475422732533,0.19878456220030785,1.3862471103668212,1.0434285029768944,1.2977626025676727
80,1,layer_7.mlp_down,0.34688255190849304,0.011344521390031047,0.005740005988627672,0.0010633767815306783,-0.0023220461094751953,0.16692470274865628,1.3862471103668212,1.0434285029768944,1.2977626025676727
80,1,layer_8.attn_o,0.09232383966445923,0.0029430410349491364,-0.003509972244501114,0.0010633767815306783,-0.0036668877582997084,0.18818017058074474,1.3862471103668212,1.0434285029768944,1.2977626025676727
80,1,layer_8.mlp_down,0.3431628346443176,0.011126666886623457,0.0017603394808247685,0.0010633767815306783,0.00840096891624853,0.2015101458877325,1.3862471103668212,1.0434285029768944,1.2977626025676727
80,1,layer_9.attn_o,0.08925855159759521,0.0029752235763763502,-0.004717669449746609,0.0010633767815306783,0.004949283739551902,0.25741702169179914,1.3862471103668212,1.0434285029768944,1.2977626025676727
80,1,layer_9.mlp_down,0.3921079933643341,0.01987820517934061,0.006046632304787636,0.0010633767815306783,0.0037522453814744948,0.26662993878126146,1.3862471103668212,1.0434285029768944,1.2977626025676727
80,1,layer_10.attn_o,0.11040960997343063,0.0060053836610869755,-0.008178843185305595,0.0010633767815306783,0.005626280722208321,0.33905397951602934,1.3862471103668212,1.0434285029768944,1.2977626025676727
80,1,layer_10.mlp_down,0.32775893807411194,0.009787400830276663,-0.00877839233726263,0.0010633767815306783,0.02566753956489265,0.34514695554971697,1.3862471103668212,1.0434285029768944,1.2977626025676727
80,1,layer_11.attn_o,0.097330741584301,0.004054315326983838,-0.0414523221552372,0.0010633767815306783,0.009127108287066222,0.47772211730480196,1.3862471103668212,1.0434285029768944,1.2977626025676727
80,1,layer_11.mlp_down,0.39890745282173157,0.02226600369353245,-0.0026471312157809734,0.0010633767815306783,0.001614546636119485,0.35095534324645994,1.3862471103668212,1.0434285029768944,1.2977626025676727
80,1,layer_12.attn_o,0.0956922322511673,0.0034480035241663104,-0.0017203681636601686,0.0010633767815306783,0.0006107216700911522,0.33179368525743486,1.3862471103668212,1.0434285029768944,1.2977626025676727
80,1,layer_12.mlp_down,0.36535361409187317,0.013577631921702384,-0.0008480961550958455,0.0010633767815306783,0.004703111061826348,0.25074158012866976,1.3862471103668212,1.0434285029768944,1.2977626025676727
80,1,layer_13.attn_o,0.11341820657253265,0.005889280945344108,-0.00014201461453922093,0.0010633767815306783,-0.004465947998687625,0.1972087100148201,1.3862471103668212,1.0434285029768944,1.2977626025676727
80,1,layer_13.mlp_down,0.39316967129707336,0.018702260033311022,-0.001254551694728434,0.0010633767815306783,0.005775882489979267,0.2271052360534668,1.3862471103668212,1.0434285029768944,1.2977626025676727
80,1,layer_14.attn_o,0.10092225670814514,0.003525140328189259,0.004945570137351751,0.0010633767815306783,0.0007779023260809481,0.22314847260713577,1.3862471103668212,1.0434285029768944,1.2977626025676727
80,1,layer_14.mlp_down,0.3890075385570526,0.017427591550361308,0.0015779560199007392,0.0010633767815306783,0.005489460978424177,0.2785346269607544,1.3862471103668212,1.0434285029768944,1.2977626025676727
80,1,layer_15.attn_o,0.11383330076932907,0.006191438839405607,0.009002233855426311,0.0010633767815306783,0.0029483423801138996,0.3633969575166702,1.3862471103668212,1.0434285029768944,1.2977626025676727
80,1,layer_15.mlp_down,0.37303271889686584,0.014656395129551695,0.0022848350927233696,0.0010633767815306783,0.005908929131692275,0.1693920373916626,1.3862471103668212,1.0434285029768944,1.2977626025676727
80,1,layer_16.attn_o,0.1066666767001152,0.004764841920353294,0.004242528695613146,0.0010633767815306783,7.40941846743226e-05,0.20345109477639198,1.3862471103668212,1.0434285029768944,1.2977626025676727
80,1,layer_16.mlp_down,0.3514810800552368,0.010708635924894011,0.005982355680316687,0.0010633767815306783,-0.0004567802418023348,0.16061202213168144,1.3862471103668212,1.0434285029768944,1.2977626025676727
80,1,layer_17.attn_o,0.11787143349647522,0.00682723915949189,0.01965753175318241,0.0010633767815306783,-0.0011710042599588633,0.3710814505815506,1.3862471103668212,1.0434285029768944,1.2977626025676727
80,1,layer_17.mlp_down,0.38148075342178345,0.015461720495734188,0.006187377497553825,0.0010633767815306783,0.00380423020105809,0.16456712111830712,1.3862471103668212,1.0434285029768944,1.2977626025676727
80,1,layer_18.attn_o,0.11314035952091217,0.0058729458089338445,0.009076344780623913,0.0010633767815306783,0.0031517647323198615,0.20203509777784348,1.3862471103668212,1.0434285029768944,1.2977626025676727
80,1,layer_18.mlp_down,0.37780556082725525,0.015003923847020964,0.0004920914652757347,0.0010633767815306783,0.008763575949706138,0.20806048512458802,1.3862471103668212,1.0434285029768944,1.2977626025676727
80,1,layer_19.attn_o,0.12125332653522491,0.006973059823217362,0.00041779197636060417,0.0010633767815306783,0.00322802739974577,0.1814549207687378,1.3862471103668212,1.0434285029768944,1.2977626025676727
80,1,layer_19.mlp_down,0.380683571100235,0.01577523223846269,-0.004534218925982714,0.0010633767815306783,0.009924865234643221,0.19090939834713935,1.3862471103668212,1.0434285029768944,1.2977626025676727
80,1,layer_20.attn_o,0.09459511935710907,0.003088252824536756,-0.002513024490326643,0.0010633767815306783,0.009010480763390661,0.2871497258543968,1.3862471103668212,1.0434285029768944,1.2977626025676727
80,1,layer_20.mlp_down,0.40944719314575195,0.022092004423992978,0.0056959339417517185,0.0010633767815306783,0.017302155075594784,0.23078370913863183,1.3862471103668212,1.0434285029768944,1.2977626025676727
80,1,layer_21.attn_o,0.08066067844629288,0.0032582582467257136,-0.0020374732557684183,0.0010633767815306783,-0.004740025661885738,0.508401682972908,1.3862471103668212,1.0434285029768944,1.2977626025676727
80,1,layer_21.mlp_down,0.35273775458335876,0.011898318539583622,-0.001132431672886014,0.0010633767815306783,0.018943097861483692,0.15921330228447914,1.3862471103668212,1.0434285029768944,1.2977626025676727
80,1,layer_22.attn_o,0.09216124564409256,0.003276170863332894,0.005909733474254608,0.0010633767815306783,0.00914017321774736,0.1584736816585064,1.3862471103668212,1.0434285029768944,1.2977626025676727
80,1,layer_22.mlp_down,0.36220431327819824,0.012612631535600808,0.0005219383747316897,0.0010633767815306783,0.020549002476036547,0.17873349264264107,1.3862471103668212,1.0434285029768944,1.2977626025676727
80,1,layer_23.attn_o,0.10133109986782074,0.004630135927559473,0.00513961398974061,0.0010633767815306783,0.01575131582794711,0.2734330356121063,1.3862471103668212,1.0434285029768944,1.2977626025676727
80,1,layer_23.mlp_down,0.34559163451194763,0.010662087130694742,0.004641933366656303,0.0010633767815306783,0.01599152386188507,0.19737114384770393,1.3862471103668212,1.0434285029768944,1.2977626025676727
80,1,layer_24.attn_o,0.10093149542808533,0.005275772221115846,0.0039776829071342945,0.0010633767815306783,0.017150059202685954,0.401033878326416,1.3862471103668212,1.0434285029768944,1.2977626025676727
80,1,layer_24.mlp_down,0.3941446542739868,0.017481998167076098,0.010217443108558655,0.0010633767815306783,0.02211534045636654,0.2197967179119587,1.3862471103668212,1.0434285029768944,1.2977626025676727
80,1,layer_25.attn_o,0.10501769185066223,0.004827377699510496,0.006018790882080793,0.0010633767815306783,0.015441334247589112,0.23840771690011026,1.3862471103668212,1.0434285029768944,1.2977626025676727
80,1,layer_25.mlp_down,0.4168488681316376,0.022657080255310304,-0.008398308418691158,0.0010633767815306783,0.029579369677230717,0.16802769247442484,1.3862471103668212,1.0434285029768944,1.2977626025676727
100,1,layer_0.attn_o,0.10682374984025955,0.005240568865661534,0.03460943326354027,0.016110006719827652,-0.029288029111921788,0.158323025284335,1.2407573461532593,1.049910843372345,1.3159271702170372
100,1,layer_0.mlp_down,0.36438342928886414,0.011192507102755057,-0.009977050125598907,0.016110006719827652,0.003796735208015889,0.11594021823257208,1.2407573461532593,1.049910843372345,1.3159271702170372
100,1,layer_1.attn_o,0.10156616568565369,0.00420844800547706,0.22030356526374817,0.016110006719827652,-0.014717701904010028,0.17936689164489508,1.2407573461532593,1.049910843372345,1.3159271702170372
100,1,layer_1.mlp_down,0.426067978143692,0.022657499639924996,0.0004851229314226657,0.016110006719827652,0.001069167215609923,0.12024099985137582,1.2407573461532593,1.049910843372345,1.3159271702170372
100,1,layer_2.attn_o,0.10625401884317398,0.004668904164618337,0.02813412807881832,0.016110006719827652,-0.010518515625153668,0.1528335392475128,1.2407573461532593,1.049910843372345,1.3159271702170372
100,1,layer_2.mlp_down,0.4299392104148865,0.02333208937495966,0.004852829035371542,0.016110006719827652,0.001649336505215615,0.14528459180146455,1.2407573461532593,1.049910843372345,1.3159271702170372
100,1,layer_3.attn_o,0.10248351097106934,0.004553214713838346,0.027332747355103493,0.016110006719827652,0.001553126028738916,0.15873335897922516,1.2407573461532593,1.049910843372345,1.3159271702170372
100,1,layer_3.mlp_down,0.4005778431892395,0.018261022421900485,0.0052369143813848495,0.016110006719827652,0.00469397371634841,0.12375361658632755,1.2407573461532593,1.049910843372345,1.3159271702170372
100,1,layer_4.attn_o,0.11832825094461441,0.006434540531312686,0.03176702558994293,0.016110006719827652,0.002382054890040308,0.15214783623814582,1.2407573461532593,1.049910843372345,1.3159271702170372
100,1,layer_4.mlp_down,0.35582661628723145,0.011247724522199801,0.046118199825286865,0.016110006719827652,0.006194752501323819,0.156903538107872,1.2407573461532593,1.049910843372345,1.3159271702170372
100,1,layer_5.attn_o,0.09312690794467926,0.0036870719541434766,0.3952769339084625,0.016110006719827652,-0.004668812779709697,0.30541656315326693,1.2407573461532593,1.049910843372345,1.3159271702170372
100,1,layer_5.mlp_down,0.37999871373176575,0.015324109707013481,0.015517644584178925,0.016110006719827652,0.004144538191758329,0.12032564450055361,1.2407573461532593,1.049910843372345,1.3159271702170372
100,1,layer_6.attn_o,0.11655976623296738,0.006339724496102094,0.009942260570824146,0.016110006719827652,0.00784873366355896,0.14604203272610902,1.2407573461532593,1.049910843372345,1.3159271702170372
100,1,layer_6.mlp_down,0.38992664217948914,0.01668622805928468,0.025073857977986336,0.016110006719827652,0.011325049441074953,0.14910502582788468,1.2407573461532593,1.049910843372345,1.3159271702170372
100,1,layer_7.attn_o,0.08983127027750015,0.0028418561660293875,0.013830840587615967,0.016110006719827652,0.015482044173404574,0.22103839963674546,1.2407573461532593,1.049910843372345,1.3159271702170372
100,1,layer_7.mlp_down,0.34947291016578674,0.011428871297269745,0.034637343138456345,0.016110006719827652,0.023655719096859686,0.19008325822651387,1.2407573461532593,1.049910843372345,1.3159271702170372
100,1,layer_8.attn_o,0.09269257634878159,0.0029547885631370295,0.010807477869093418,0.016110006719827652,0.027427380927838384,0.21050536260008812,1.2407573461532593,1.049910843372345,1.3159271702170372
100,1,layer_8.mlp_down,0.3433844745159149,0.011133510417608104,0.02575298771262169,0.016110006719827652,0.010922105729696341,0.22198139280080795,1.2407573461532593,1.049910843372345,1.3159271702170372
100,1,layer_9.attn_o,0.08938735723495483,0.0029795107577735365,0.012825223617255688,0.016110006719827652,0.015078072994947433,0.2782987132668495,1.2407573461532593,1.049910843372345,1.3159271702170372
100,1,layer_9.mlp_down,0.3887826204299927,0.019706838938304667,0.018971532583236694,0.016110006719827652,0.006991786905564368,0.2860771730542183,1.2407573461532593,1.049910843372345,1.3159271702170372
100,1,layer_10.attn_o,0.10866542160511017,0.005910450247447754,0.004869956057518721,0.016110006719827652,0.004332145617809147,0.3467094212770462,1.2407573461532593,1.049910843372345,1.3159271702170372
100,1,layer_10.mlp_down,0.3234872817993164,0.00965963884448249,0.06825008243322372,0.016110006719827652,-2.8784759342670442e-05,0.3788419798016548,1.2407573461532593,1.049910843372345,1.3159271702170372
100,1,layer_11.attn_o,0.09711235761642456,0.004045203751297257,0.04091905802488327,0.016110006719827652,0.0286547027528286,0.5217065244913102,1.2407573461532593,1.049910843372345,1.3159271702170372
100,1,layer_11.mlp_down,0.39469075202941895,0.022026175636427628,0.012914379127323627,0.016110006719827652,0.017601489822845907,0.3671550080180168,1.2407573461532593,1.049910843372345,1.3159271702170372
100,1,layer_12.attn_o,0.09467495232820511,0.0034113399960447057,0.004567837342619896,0.016110006719827652,0.015286107186693699,0.34341786056756973,1.2407573461532593,1.049910843372345,1.3159271702170372
100,1,layer_12.mlp_down,0.36179664731025696,0.013444780165101426,0.010617563501000404,0.016110006719827652,0.014312137331580743,0.2741657689213753,1.2407573461532593,1.049910843372345,1.3159271702170372
100,1,layer_13.attn_o,0.10917851328849792,0.005669115949551384,0.009458990767598152,0.016110006719827652,0.014847182156518101,0.21952827125787736,1.2407573461532593,1.049910843372345,1.3159271702170372
100,1,layer_13.mlp_down,0.3904702067375183,0.018571476343640137,0.005679050926119089,0.016110006719827652,0.01511668881867081,0.23253316581249237,1.2407573461532593,1.049910843372345,1.3159271702170372
100,1,layer_14.attn_o,0.09870670735836029,0.0034477447767081427,0.002879941137507558,0.016110006719827652,0.01573996524675749,0.23321475759148597,1.2407573461532593,1.049910843372345,1.3159271702170372
100,1,layer_14.mlp_down,0.3882838785648346,0.017393413239177882,-0.004831710364669561,0.016110006719827652,0.009668458165833727,0.28348837345838546,1.2407573461532593,1.049910843372345,1.3159271702170372
100,1,layer_15.attn_o,0.11182993650436401,0.006082430253316804,0.0032590399496257305,0.016110006719827652,0.01291319180309074,0.38794916570186616,1.2407573461532593,1.049910843372345,1.3159271702170372
100,1,layer_15.mlp_down,0.3729925751686096,0.014653851515983848,0.0023127568420022726,0.016110006719827652,0.009890955852461048,0.16204190328717233,1.2407573461532593,1.049910843372345,1.3159271702170372
100,1,layer_16.attn_o,0.10418447107076645,0.004653941796596855,0.004912042990326881,0.016110006719827652,0.013508897740393877,0.17876248210668563,1.2407573461532593,1.049910843372345,1.3159271702170372
100,1,layer_16.mlp_down,0.3469967842102051,0.010571695096103381,-0.0019319753628224134,0.016110006719827652,0.011694821203127504,0.167325983941555,1.2407573461532593,1.049910843372345,1.3159271702170372
100,1,layer_17.attn_o,0.10607081651687622,0.006143682574511534,0.01815156079828739,0.016110006719827652,0.02180517673259601,0.40549180954694747,1.2407573461532593,1.049910843372345,1.3159271702170372
100,1,layer_17.mlp_down,0.3788506090641022,0.01535412514294893,-0.006684165447950363,0.016110006719827652,0.009238175010250416,0.1757082499563694,1.2407573461532593,1.049910843372345,1.3159271702170372
100,1,layer_18.attn_o,0.10395367443561554,0.0053960558375222125,0.010972858406603336,0.016110006719827652,0.008888201995796407,0.21934946700930597,1.2407573461532593,1.049910843372345,1.3159271702170372
100,1,layer_18.mlp_down,0.37804508209228516,0.015012342106996649,-0.0024659656919538975,0.016110006719827652,0.009029007685603574,0.2192549891769886,1.2407573461532593,1.049910843372345,1.3159271702170372
100,1,layer_19.attn_o,0.11845213919878006,0.006811905087733975,-5.756819518865086e-05,0.016110006719827652,0.005701225763186812,0.18401106335222722,1.2407573461532593,1.049910843372345,1.3159271702170372
100,1,layer_19.mlp_down,0.3836437463760376,0.01589676753306989,-0.003881095675751567,0.016110006719827652,0.005674088769592345,0.18287841007113456,1.2407573461532593,1.049910843372345,1.3159271702170372
100,1,layer_20.attn_o,0.08925262838602066,0.0029138360035924717,0.002264100592583418,0.016110006719827652,0.010646439483389258,0.31260915845632553,1.2407573461532593,1.049910843372345,1.3159271702170372
100,1,layer_20.mlp_down,0.41667598485946655,0.022477770917687045,-0.0034397023264318705,0.016110006719827652,0.00492792199656833,0.23470919877290725,1.2407573461532593,1.049910843372345,1.3159271702170372
100,1,layer_21.attn_o,0.08236578106880188,0.003327132159831744,0.0032195316161960363,0.016110006719827652,0.03051411598207778,0.47629970908164976,1.2407573461532593,1.049910843372345,1.3159271702170372
100,1,layer_21.mlp_down,0.362119197845459,0.012214323230835966,-0.004694514442235231,0.016110006719827652,0.006210807175375521,0.17751242741942405,1.2407573461532593,1.049910843372345,1.3159271702170372
100,1,layer_22.attn_o,0.08645454794168472,0.0030733023373754227,0.01291373185813427,0.016110006719827652,0.007554045133292675,0.1877882681787014,1.2407573461532593,1.049910843372345,1.3159271702170372
100,1,layer_22.mlp_down,0.37190762162208557,0.01294999937404023,0.01232105866074562,0.016110006719827652,0.010681559098884463,0.20230893418192863,1.2407573461532593,1.049910843372345,1.3159271702170372
100,1,layer_23.attn_o,0.09579141438007355,0.004376990096487029,0.023115871474146843,0.016110006719827652,0.01593361913692206,0.3146166384220123,1.2407573461532593,1.049910843372345,1.3159271702170372
100,1,layer_23.mlp_down,0.3534266948699951,0.010903523282499772,0.02191367745399475,0.016110006719827652,0.012826333192788298,0.20846094265580178,1.2407573461532593,1.049910843372345,1.3159271702170372
100,1,layer_24.attn_o,0.10147715359926224,0.005304251916043536,0.03135251998901367,0.016110006719827652,0.03313191351480782,0.400748074054718,1.2407573461532593,1.049910843372345,1.3159271702170372
100,1,layer_24.mlp_down,0.4018012285232544,0.017819695914115304,0.04618752375245094,0.016110006719827652,0.02465266170911491,0.24214264154434204,1.2407573461532593,1.049910843372345,1.3159271702170372
100,1,layer_25.attn_o,0.10418270528316498,0.004788969185561683,0.05139913409948349,0.016110006719827652,0.051715700142085555,0.29328535199165345,1.2407573461532593,1.049910843372345,1.3159271702170372
100,1,layer_25.mlp_down,0.41742950677871704,0.022683675549218445,0.03793363273143768,0.016110006719827652,0.04596007280051708,0.15091231893748044,1.2407573461532593,1.049910843372345,1.3159271702170372
120,1,layer_0.attn_o,0.10257779061794281,0.0050322617509380805,0.20323261618614197,0.04370596259832382,-0.053397859819233416,0.06873683594167232,1.2349737524986266,1.0234323590993881,1.3139864727854729
120,1,layer_0.mlp_down,0.3418271839618683,0.010499334454236772,0.003411965910345316,0.04370596259832382,-0.004218034411314875,0.06892071664333344,1.2349737524986266,1.0234323590993881,1.3139864727854729
120,1,layer_1.attn_o,0.09565620124340057,0.003963566117196412,0.15517327189445496,0.04370596259832382,-0.042065548431128266,0.10650227852165699,1.2349737524986266,1.0234323590993881,1.3139864727854729
120,1,layer_1.mlp_down,0.3993028700351715,0.02122983144138833,0.005578584037721157,0.04370596259832382,-0.00019163823817507363,0.06433293297886848,1.2349737524986266,1.0234323590993881,1.3139864727854729
120,1,layer_2.attn_o,0.09926693141460419,0.004361880776440229,0.08243501931428909,0.04370596259832382,-0.011522838030941784,0.10191855356097221,1.2349737524986266,1.0234323590993881,1.3139864727854729
120,1,layer_2.mlp_down,0.39851701259613037,0.021622100558470733,0.024967927485704422,0.04370596259832382,-0.004124415331170894,0.09975790120661258,1.2349737524986266,1.0234323590993881,1.3139864727854729
120,1,layer_3.attn_o,0.09597762674093246,0.004264157349081909,0.012381181120872498,0.04370596259832382,0.0007177655585110188,0.10604071393609046,1.2349737524986266,1.0234323590993881,1.3139864727854729
120,1,layer_3.mlp_down,0.3759729266166687,0.0171373821326276,0.014276944100856781,0.04370596259832382,0.0014527349267154932,0.07361605647020042,1.2349737524986266,1.0234323590993881,1.3139864727854729
120,1,layer_4.attn_o,0.11220242828130722,0.006101379218227349,0.016068052500486374,0.04370596259832382,-0.0007308731321245432,0.11180191114544868,1.2349737524986266,1.0234323590993881,1.3139864727854729
120,1,layer_4.mlp_down,0.3302290439605713,0.010438209443981461,0.0221719928085804,0.04370596259832382,0.001537410169839859,0.12396474406123162,1.2349737524986266,1.0234323590993881,1.3139864727854729
120,1,layer_5.attn_o,0.09111981838941574,0.0036076003663213984,0.11970069259405136,0.04370596259832382,0.02816634625196457,0.29461960271000864,1.2349737524986266,1.0234323590993881,1.3139864727854729
120,1,layer_5.mlp_down,0.3520865738391876,0.014197466643659291,0.007558979094028473,0.04370596259832382,-0.004968007607385516,0.08885927833616733,1.2349737524986266,1.0234323590993881,1.3139864727854729
120,1,layer_6.attn_o,0.10991188883781433,0.005978102679235692,0.007421151269227266,0.04370596259832382,-0.006256298080552369,0.1382607601583004,1.2349737524986266,1.0234323590993881,1.3139864727854729
120,1,layer_6.mlp_down,0.358945369720459,0.015359047209110237,0.03290897607803345,0.04370596259832382,-0.00414115833118558,0.1402580291032791,1.2349737524986266,1.0234323590993881,1.3139864727854729
120,1,layer_7.attn_o,0.08429531753063202,0.0026667184444920155,0.02883908897638321,0.04370596259832382,0.0011652107583358883,0.21464915797114373,1.2349737524986266,1.0234323590993881,1.3139864727854729
120,1,layer_7.mlp_down,0.3228108584880829,0.01055664800823111,0.03999638184905052,0.04370596259832382,-0.0015672533423639833,0.18354128301143646,1.2349737524986266,1.0234323590993881,1.3139864727854729
120,1,layer_8.attn_o,0.0882660523056984,0.002813676964564853,0.022931814193725586,0.04370596259832382,-0.0002084309235215187,0.21974281333386897,1.2349737524986266,1.0234323590993881,1.3139864727854729
120,1,layer_8.mlp_down,0.3189626932144165,0.010341351048102429,0.015087266452610493,0.04370596259832382,-0.004031955171376467,0.23313408866524696,1.2349737524986266,1.0234323590993881,1.3139864727854729
120,1,layer_9.attn_o,0.08477048575878143,0.0028256181853581613,0.01561700738966465,0.04370596259832382,-0.008568187430500983,0.31757708042860033,1.2349737524986266,1.0234323590993881,1.3139864727854729
120,1,layer_9.mlp_down,0.36517614126205444,0.01850792491575963,0.019993344321846962,0.04370596259832382,-0.0021017797058448195,0.29427298456430434,1.2349737524986266,1.0234323590993881,1.3139864727854729
120,1,layer_10.attn_o,0.103632852435112,0.0056366855803820825,0.0155434375628829,0.04370596259832382,0.0034338713856413962,0.356731490790844,1.2349737524986266,1.0234323590993881,1.3139864727854729
120,1,layer_10.mlp_down,0.3056008517742157,0.009125293902746858,0.03152411803603172,0.04370596259832382,0.0004009835422039032,0.39651184231042863,1.2349737524986266,1.0234323590993881,1.3139864727854729
120,1,layer_11.attn_o,0.09624085575342178,0.004008890933682376,0.05163152888417244,0.04370596259832382,0.028742540813982486,0.5234177380800247,1.2349737524986266,1.0234323590993881,1.3139864727854729
120,1,layer_11.mlp_down,0.37437713146209717,0.02088859943966743,0.06448003649711609,0.04370596259832382,0.005536347907036543,0.3835614487528801,1.2349737524986266,1.0234323590993881,1.3139864727854729
120,1,layer_12.attn_o,0.08896969258785248,0.0032057655845354267,0.017573555931448936,0.04370596259832382,-0.001072425628080964,0.35335508584976194,1.2349737524986266,1.0234323590993881,1.3139864727854729
120,1,layer_12.mlp_down,0.3388400971889496,0.01259110287307774,0.03912008926272392,0.04370596259832382,0.004616237338632345,0.27827331200242045,1.2349737524986266,1.0234323590993881,1.3139864727854729
120,1,layer_13.attn_o,0.10241908580064774,0.005318120276260799,0.008250678889453411,0.04370596259832382,-0.0018139742547646164,0.25430574268102646,1.2349737524986266,1.0234323590993881,1.3139864727854729
120,1,layer_13.mlp_down,0.36403268575668335,0.0173121513847003,0.026195522397756577,0.04370596259832382,-0.0015060189180076122,0.2509114183485508,1.2349737524986266,1.0234323590993881,1.3139864727854729
120,1,layer_14.attn_o,0.09055670350790024,0.00316306736452464,0.009718469344079494,0.04370596259832382,-0.0007631114276591688,0.2650486037135124,1.2349737524986266,1.0234323590993881,1.3139864727854729
120,1,layer_14.mlp_down,0.35842350125312805,0.01605429741559568,0.023356379941105843,0.04370596259832382,-0.004321836013696156,0.2947471454739571,1.2349737524986266,1.0234323590993881,1.3139864727854729
120,1,layer_15.attn_o,0.10468851029872894,0.005693983272249042,0.04736989736557007,0.04370596259832382,0.002608319278806448,0.400102961063385,1.2349737524986266,1.0234323590993881,1.3139864727854729
120,1,layer_15.mlp_down,0.34689217805862427,0.013627715762379857,0.019821185618638992,0.04370596259832382,-0.007503531058318913,0.18790752291679383,1.2349737524986266,1.0234323590993881,1.3139864727854729
120,1,layer_16.attn_o,0.09751621633768082,0.00435606465837903,0.011387551203370094,0.04370596259832382,-0.009540104959160089,0.21986314952373504,1.2349737524986266,1.0234323590993881,1.3139864727854729
120,1,layer_16.mlp_down,0.32487666606903076,0.009897529309548441,0.02529488503932953,0.04370596259832382,-0.0064390436396934096,0.16899622231721878,1.2349737524986266,1.0234323590993881,1.3139864727854729
120,1,layer_17.attn_o,0.10813899338245392,0.006263437968064664,0.017881935462355614,0.04370596259832382,-0.009697597858030349,0.36081996411085127,1.2349737524986266,1.0234323590993881,1.3139864727854729
120,1,layer_17.mlp_down,0.3544592559337616,0.014364669719333782,0.017292805016040802,0.04370596259832382,-0.0039734314428642396,0.17660797983407975,1.2349737524986266,1.0234323590993881,1.3139864727854729
120,1,layer_18.attn_o,0.10138840228319168,0.005262878750019653,0.003869597800076008,0.04370596259832382,-0.004574238997884094,0.18090518824756147,1.2349737524986266,1.0234323590993881,1.3139864727854729
120,1,layer_18.mlp_down,0.3515320122241974,0.013958680904235667,0.023946460336446762,0.04370596259832382,-0.003801409796869848,0.223807505518198,1.2349737524986266,1.0234323590993881,1.3139864727854729
120,1,layer_19.attn_o,0.10963375866413116,0.006304737801500148,0.013772986829280853,0.04370596259832382,-0.001858627505134791,0.19264996312558652,1.2349737524986266,1.0234323590993881,1.3139864727854729
120,1,layer_19.mlp_down,0.3553348779678345,0.014722737682147005,0.01875503733754158,0.04370596259832382,-0.0004838367458432913,0.2038307163864374,1.2349737524986266,1.0234323590993881,1.3139864727854729
120,1,layer_20.attn_o,0.08225022256374359,0.0026852253582303246,0.013744151219725609,0.04370596259832382,-0.004715593904256821,0.2959667548537254,1.2349737524986266,1.0234323590993881,1.3139864727854729
120,1,layer_20.mlp_down,0.38350310921669006,0.0206845379394343,0.03713516145944595,0.04370596259832382,0.003546327515505254,0.24238275066018106,1.2349737524986266,1.0234323590993881,1.3139864727854729
120,1,layer_21.attn_o,0.08394135534763336,0.003390775795742379,0.11411099135875702,0.04370596259832382,-0.00045504877343773844,0.45891979038715364,1.2349737524986266,1.0234323590993881,1.3139864727854729
120,1,layer_21.mlp_down,0.3286539316177368,0.01108514361593888,0.036045871675014496,0.04370596259832382,-0.006398328876821324,0.17609028927981854,1.2349737524986266,1.0234323590993881,1.3139864727854729
120,1,layer_22.attn_o,0.08687782287597656,0.003088345014833764,0.03445972874760628,0.04370596259832382,-0.0015108907595276833,0.20474184080958366,1.2349737524986266,1.0234323590993881,1.3139864727854729
120,1,layer_22.mlp_down,0.33586809039115906,0.011694587205232643,0.052441973239183426,0.04370596259832382,-0.003811190859414637,0.1930755004286766,1.2349737524986266,1.0234323590993881,1.3139864727854729
120,1,layer_23.attn_o,0.09342240542173386,0.004268720821548388,0.05994763970375061,0.04370596259832382,-0.008946106329676694,0.2812441043555737,1.2349737524986266,1.0234323590993881,1.3139864727854729
120,1,layer_23.mlp_down,0.3194600045681,0.009855381029533644,0.04045077785849571,0.04370596259832382,-0.006801121454918757,0.20620230585336685,1.2349737524986266,1.0234323590993881,1.3139864727854729
120,1,layer_24.attn_o,0.10065148770809174,0.005261070422232334,0.06193144991993904,0.04370596259832382,-0.010538480791728944,0.401659694314003,1.2349737524986266,1.0234323590993881,1.3139864727854729
120,1,layer_24.mlp_down,0.36675307154655457,0.016263626185637023,0.1397702693939209,0.04370596259832382,-0.00507245697081089,0.23211579993367196,1.2349737524986266,1.0234323590993881,1.3139864727854729
120,1,layer_25.attn_o,0.09629003703594208,0.004426153112028299,0.16720077395439148,0.04370596259832382,-0.0008781604934483767,0.25716661512851713,1.2349737524986266,1.0234323590993881,1.3139864727854729
120,1,layer_25.mlp_down,0.38502037525177,0.020918379005014635,0.11372574418783188,0.04370596259832382,-0.013643233943730593,0.14499946234864183,1.2349737524986266,1.0234323590993881,1.3139864727854729
140,1,layer_0.attn_o,0.0922759473323822,0.004526840410143405,-0.20954863727092743,0.00036324301618151367,-0.029222981864586474,0.1382273655210156,1.2084426879882812,1.0041234120726585,1.3068420365452766
140,1,layer_0.mlp_down,0.3073320686817169,0.009439581111067599,-3.9887340790301096e-06,0.00036324301618151367,1.7332681454718114e-05,0.07861560694873333,1.2084426879882812,1.0041234120726585,1.3068420365452766
140,1,layer_1.attn_o,0.08663202822208405,0.0035896409691826923,-0.06739621609449387,0.00036324301618151367,0.0025610510725528,0.14142927154898643,1.2084426879882812,1.0041234120726585,1.3068420365452766
140,1,layer_1.mlp_down,0.36248326301574707,0.019268959602285796,-0.00501695042476058,0.00036324301618151367,0.0010035786603111775,0.07868546899408102,1.2084426879882812,1.0041234120726585,1.3068420365452766
140,1,layer_2.attn_o,0.08928896486759186,0.003923431806124363,-0.06943818181753159,0.00036324301618151367,-0.007967330398969352,0.12262722291052341,1.2084426879882812,1.0041234120726585,1.3068420365452766
140,1,layer_2.mlp_down,0.36661091446876526,0.01988734965865632,-0.005357664544135332,0.00036324301618151367,-0.006495866861223476,0.11977434195578099,1.2084426879882812,1.0041234120726585,1.3068420365452766
140,1,layer_3.attn_o,0.08717580139636993,0.0038730889455698306,-0.020373813807964325,0.00036324301618151367,-0.012622069893404841,0.1369329236447811,1.2084426879882812,1.0041234120726585,1.3068420365452766
140,1,layer_3.mlp_down,0.3469230532646179,0.015811740844494243,0.012431414797902107,0.00036324301618151367,-0.00854115707334131,0.09687988460063934,1.2084426879882812,1.0041234120726585,1.3068420365452766
140,1,layer_4.attn_o,0.1043994203209877,0.005677039458481035,-0.014539566822350025,0.00036324301618151367,-0.01446359206456691,0.1499653548002243,1.2084426879882812,1.0041234120726585,1.3068420365452766
140,1,layer_4.mlp_down,0.3082294166088104,0.009742525453096711,-0.01150598470121622,0.00036324301618151367,-0.006062946328893304,0.1542227417230606,1.2084426879882812,1.0041234120726585,1.3068420365452766
140,1,layer_5.attn_o,0.083803191781044,0.003317913961741882,-0.08741152286529541,0.00036324301618151367,0.006024686805903912,0.2805249780416489,1.2084426879882812,1.0041234120726585,1.3068420365452766
140,1,layer_5.mlp_down,0.33280399441719055,0.013419164385149817,0.004199014976620674,0.00036324301618151367,0.0005667966324836016,0.10343996621668339,1.2084426879882812,1.0041234120726585,1.3068420365452766
140,1,layer_6.attn_o,0.10154572874307632,0.005523021198929148,-0.0005982311558909714,0.00036324301618151367,0.0030113289336441084,0.16336574777960777,1.2084426879882812,1.0041234120726585,1.3068420365452766
140,1,layer_6.mlp_down,0.3418666422367096,0.014627222963725227,-0.004096574150025845,0.00036324301618151367,-0.0046181011013686655,0.1454732108861208,1.2084426879882812,1.0041234120726585,1.3068420365452766
140,1,layer_7.attn_o,0.07842746376991272,0.0024810832357387964,-0.005505346227437258,0.00036324301618151367,-0.002977860561804846,0.21995833441615104,1.2084426879882812,1.0041234120726585,1.3068420365452766
140,1,layer_7.mlp_down,0.3040890693664551,0.009944153650810672,-0.02552238292992115,0.00036324301618151367,-0.009061867091804742,0.1830472655594349,1.2084426879882812,1.0041234120726585,1.3068420365452766
140,1,layer_8.attn_o,0.0818055272102356,0.0026077262062531963,0.001373206963762641,0.00036324301618151367,-0.004785910225473344,0.21485621258616447,1.2084426879882812,1.0041234120726585,1.3068420365452766
140,1,layer_8.mlp_down,0.30049821734428406,0.009742442481613985,-0.0025556161999702454,0.00036324301618151367,-0.008964025555178523,0.2252880372107029,1.2084426879882812,1.0041234120726585,1.3068420365452766
140,1,layer_9.attn_o,0.08025183528661728,0.002674995018366906,-0.0007294079987332225,0.00036324301618151367,0.002985960419755429,0.30297761857509614,1.2084426879882812,1.0041234120726585,1.3068420365452766
140,1,layer_9.mlp_down,0.3453015387058258,0.01749853570697687,-0.009342093952000141,0.00036324301618151367,-0.0032719898270443084,0.2835212990641594,1.2084426879882812,1.0041234120726585,1.3068420365452766
140,1,layer_10.attn_o,0.09660431742668152,0.005254372061444406,-0.011175854131579399,0.00036324301618151367,-0.0012938299973029644,0.3470571994781494,1.2084426879882812,1.0041234120726585,1.3068420365452766
140,1,layer_10.mlp_down,0.2865651249885559,0.008556723011288792,0.11816240102052689,0.00036324301618151367,-0.027676504757255315,0.3890925198793411,1.2084426879882812,1.0041234120726585,1.3068420365452766
140,1,layer_11.attn_o,0.08149836957454681,0.0033947825427607654,-0.015160658396780491,0.00036324301618151367,0.002147148022777401,0.5528313606977463,1.2084426879882812,1.0041234120726585,1.3068420365452766
140,1,layer_11.mlp_down,0.3552349805831909,0.019817299441887513,-0.020484918728470802,0.00036324301618151367,-0.0014311533421278,0.36991523802280424,1.2084426879882812,1.0041234120726585,1.3068420365452766
140,1,layer_12.attn_o,0.08317690342664719,0.002997039796966679,-0.00205729971639812,0.00036324301618151367,-0.0014161280501866712,0.34546883702278136,1.2084426879882812,1.0041234120726585,1.3068420365452766
140,1,layer_12.mlp_down,0.3210805058479309,0.01193071936348344,-0.0017201515147462487,0.00036324301618151367,9.368546307086944e-06,0.2643743798136711,1.2084426879882812,1.0041234120726585,1.3068420365452766
140,1,layer_13.attn_o,0.09633266180753708,0.005002061849537348,-0.004792753607034683,0.00036324301618151367,-0.00011712145060300827,0.2285992093384266,1.2084426879882812,1.0041234120726585,1.3068420365452766
140,1,layer_13.mlp_down,0.34420573711395264,0.01636784342525075,-0.006120588630437851,0.00036324301618151367,0.0041181979235261675,0.2275763601064682,1.2084426879882812,1.0041234120726585,1.3068420365452766
140,1,layer_14.attn_o,0.08480612933635712,0.0029622010306481943,-0.004036464262753725,0.00036324301618151367,0.0018968082422361476,0.24599163234233856,1.2084426879882812,1.0041234120726585,1.3068420365452766
140,1,layer_14.mlp_down,0.3396756052970886,0.01521346076978464,0.002734942128881812,0.00036324301618151367,0.003567055705934763,0.2733132570981979,1.2084426879882812,1.0041234120726585,1.3068420365452766
140,1,layer_15.attn_o,0.10006293654441833,0.005442375698726081,-0.009631544351577759,0.00036324301618151367,-0.005224243551492691,0.41823833286762235,1.2084426879882812,1.0041234120726585,1.3068420365452766
140,1,layer_15.mlp_down,0.33083775639533997,0.012996389020197757,-0.005957718472927809,0.00036324301618151367,0.007598125096410513,0.17302801907062532,1.2084426879882812,1.0041234120726585,1.3068420365452766
140,1,layer_16.attn_o,0.09324757754802704,0.004165373603027802,-0.00599642051383853,0.00036324301618151367,0.005152373248711229,0.19627998918294906,1.2084426879882812,1.0041234120726585,1.3068420365452766
140,1,layer_16.mlp_down,0.3094814419746399,0.009428342882108793,0.006258299574255943,0.00036324301618151367,0.004841279028914869,0.15124902203679086,1.2084426879882812,1.0041234120726585,1.3068420365452766
140,1,layer_17.attn_o,0.10460023581981659,0.006058452821295191,0.0014071379555389285,0.00036324301618151367,0.0017602255888050423,0.41538706719875335,1.2084426879882812,1.0041234120726585,1.3068420365452766
140,1,layer_17.mlp_down,0.3395870327949524,0.013761220612327187,0.0019086319953203201,0.00036324301618151367,0.0023858495987951756,0.1618471011519432,1.2084426879882812,1.0041234120726585,1.3068420365452766
140,1,layer_18.attn_o,0.10005487501621246,0.005193646578306292,0.00097634521080181,0.00036324301618151367,0.0011237601393077057,0.2020072765648365,1.2084426879882812,1.0041234120726585,1.3068420365452766
140,1,layer_18.mlp_down,0.33798080682754517,0.01342004301020003,0.006679338403046131,0.00036324301618151367,0.003149791236501187,0.2027738355100155,1.2084426879882812,1.0041234120726585,1.3068420365452766
140,1,layer_19.attn_o,0.11012683063745499,0.006333061069051707,0.010204585269093513,0.00036324301618151367,0.000849814082175726,0.17024220526218414,1.2084426879882812,1.0041234120726585,1.3068420365452766
140,1,layer_19.mlp_down,0.3385755121707916,0.014027633751066738,0.004783686250448227,0.00036324301618151367,0.004815754934679717,0.17061684653162956,1.2084426879882812,1.0041234120726585,1.3068420365452766
140,1,layer_20.attn_o,0.079318106174469,0.0025894966010682925,0.0039796107448637486,0.00036324301618151367,-0.001690859580412507,0.28407871574163435,1.2084426879882812,1.0041234120726585,1.3068420365452766
140,1,layer_20.mlp_down,0.3675088882446289,0.01981886582853862,0.0154575752094388,0.00036324301618151367,0.002864886960014701,0.23470913767814636,1.2084426879882812,1.0041234120726585,1.3068420365452766
140,1,layer_21.attn_o,0.0839458778500557,0.0033909464623354457,-0.005365292076021433,0.00036324301618151367,0.0005802492261864245,0.5159217417240143,1.2084426879882812,1.0041234120726585,1.3068420365452766
140,1,layer_21.mlp_down,0.3141828775405884,0.010596823512934991,0.00917238648980856,0.00036324301618151367,0.0031002022325992582,0.1625048227608204,1.2084426879882812,1.0041234120726585,1.3068420365452766
140,1,layer_22.attn_o,0.08262152969837189,0.002937036531248544,0.008069665171205997,0.00036324301618151367,-0.00071817587595433,0.16285935193300247,1.2084426879882812,1.0041234120726585,1.3068420365452766
140,1,layer_22.mlp_down,0.3212595283985138,0.011185624308296659,0.021518532186746597,0.00036324301618151367,0.0019672262249514462,0.18648232519626617,1.2084426879882812,1.0041234120726585,1.3068420365452766
140,1,layer_23.attn_o,0.09342409670352936,0.004268780615242538,0.012561166658997536,0.00036324301618151367,-0.003359479032224044,0.2936219722032547,1.2084426879882812,1.0041234120726585,1.3068420365452766
140,1,layer_23.mlp_down,0.3047129809856415,0.009400214472415132,0.017149467021226883,0.00036324301618151367,0.005524227445130236,0.19987677335739135,1.2084426879882812,1.0041234120726585,1.3068420365452766
140,1,layer_24.attn_o,0.09140382707118988,0.004777684574003872,-0.00016168845468200743,0.00036324301618151367,0.0005180842243134975,0.4074065059423447,1.2084426879882812,1.0041234120726585,1.3068420365452766
140,1,layer_24.mlp_down,0.3473024368286133,0.015399909741887506,0.00960406381636858,0.00036324301618151367,0.010353313875384629,0.22109440565109253,1.2084426879882812,1.0041234120726585,1.3068420365452766
140,1,layer_25.attn_o,0.08891144394874573,0.0040869721349760055,-0.015333429910242558,0.00036324301618151367,0.0037210118025541306,0.27527833431959153,1.2084426879882812,1.0041234120726585,1.3068420365452766
140,1,layer_25.mlp_down,0.36930015683174133,0.02006106405948222,-0.010298176668584347,0.00036324301618151367,0.023481522154179403,0.13554738443344833,1.2084426879882812,1.0041234120726585,1.3068420365452766
160,1,layer_0.attn_o,0.0892985463142395,0.004380756460677018,-0.15095007419586182,-0.0005895697395317256,-0.023336715111508966,0.10955880847759544,1.253605991601944,0.9910408109426498,1.3059412762522697
160,1,layer_0.mlp_down,0.2991054356098175,0.009186758067017887,-0.014621286652982235,-0.0005895697395317256,-0.010180866764858364,0.06880746278911828,1.253605991601944,0.9910408109426498,1.3059412762522697
160,1,layer_1.attn_o,0.08294541388750076,0.0034368788470213823,0.02852809987962246,-0.0005895697395317256,0.00298126763664186,0.11199581711553037,1.253605991601944,0.9910408109426498,1.3059412762522697
160,1,layer_1.mlp_down,0.36035871505737305,0.01915353280208429,-0.0018357336521148682,-0.0005895697395317256,-0.0042141973623074595,0.06715233959257602,1.253605991601944,0.9910408109426498,1.3059412762522697
160,1,layer_2.attn_o,0.0849810466170311,0.003734132328409227,-0.021182231605052948,-0.0005895697395317256,-0.011640078853815794,0.1078770074993372,1.253605991601944,0.9910408109426498,1.3059412762522697
160,1,layer_2.mlp_down,0.35952228307724,0.01950029031648918,-0.02133973315358162,-0.0005895697395317256,-0.011391981830820441,0.112255634739995,1.253605991601944,0.9910408109426498,1.3059412762522697
160,1,layer_3.attn_o,0.08293719589710236,0.0036847691209095294,0.015049504116177559,-0.0005895697395317256,-0.00976569689810276,0.12009540386497974,1.253605991601944,0.9910408109426498,1.3059412762522697
160,1,layer_3.mlp_down,0.33175498247146606,0.015119228375462783,-0.006563348229974508,-0.0005895697395317256,-0.008892914315219968,0.08078770823776722,1.253605991601944,0.9910408109426498,1.3059412762522697
160,1,layer_4.attn_o,0.09914104640483856,0.005391074047992681,0.011435923166573048,-0.0005895697395317256,-0.010322889895178378,0.11626337300986052,1.253605991601944,0.9910408109426498,1.3059412762522697
160,1,layer_4.mlp_down,0.29144033789634705,0.009211656335615579,0.005692800972610712,-0.0005895697395317256,-0.019436068274080752,0.11843070089817047,1.253605991601944,0.9910408109426498,1.3059412762522697
160,1,layer_5.attn_o,0.07646456360816956,0.0030273619503362703,0.07288802415132523,-0.0005895697395317256,-0.0067813730565831065,0.254001010209322,1.253605991601944,0.9910408109426498,1.3059412762522697
160,1,layer_5.mlp_down,0.31369447708129883,0.012648164820718991,0.007136843167245388,-0.0005895697395317256,-0.009612113330513239,0.07458124049007893,1.253605991601944,0.9910408109426498,1.3059412762522697
160,1,layer_6.attn_o,0.0941055417060852,0.005118338825472113,0.00676716910675168,-0.0005895697395317256,-0.011903693387284874,0.12012703623622656,1.253605991601944,0.9910408109426498,1.3059412762522697
160,1,layer_6.mlp_down,0.32039207220077515,0.01370757351273646,0.01244184747338295,-0.0005895697395317256,-0.013251760695129632,0.10972222816199065,1.253605991601944,0.9910408109426498,1.3059412762522697
160,1,layer_7.attn_o,0.07294738292694092,0.002307716803274585,0.004987699910998344,-0.0005895697395317256,-0.017514027864672245,0.190402072109282,1.253605991601944,0.9910408109426498,1.3059412762522697
160,1,layer_7.mlp_down,0.284474641084671,0.009302543660567899,-0.0029677553102374077,-0.0005895697395317256,-0.01969192929100245,0.1377097826451063,1.253605991601944,0.9910408109426498,1.3059412762522697
160,1,layer_8.attn_o,0.07626497000455856,0.0024311065782373622,0.008189849555492401,-0.0005895697395317256,-0.012400712259113789,0.16301480904221535,1.253605991601944,0.9910408109426498,1.3059412762522697
160,1,layer_8.mlp_down,0.28165319561958313,0.009131295322204332,0.009693942032754421,-0.0005895697395317256,-0.018674547784030437,0.1762775093317032,1.253605991601944,0.9910408109426498,1.3059412762522697
160,1,layer_9.attn_o,0.07525229454040527,0.0025083469843093153,0.012638017535209656,-0.0005895697395317256,-0.019527805695543066,0.2316604245454073,1.253605991601944,0.9910408109426498,1.3059412762522697
160,1,layer_9.mlp_down,0.32647547125816345,0.016542951387351082,-0.0007032791036181152,-0.0005895697395317256,-0.019037506892345846,0.23528229147195817,1.253605991601944,0.9910408109426498,1.3059412762522697
160,1,layer_10.attn_o,0.09036053717136383,0.004914746842005405,-0.0035051966551691294,-0.0005895697395317256,-0.023169387585949153,0.30768744796514513,1.253605991601944,0.9910408109426498,1.3059412762522697
160,1,layer_10.mlp_down,0.27103760838508606,0.008092951122884199,-0.001679258537478745,-0.0005895697395317256,-0.025756076211109757,0.3314134806394577,1.253605991601944,0.9910408109426498,1.3059412762522697
160,1,layer_11.attn_o,0.07458687573671341,0.003106884762692056,-0.05159904435276985,-0.0005895697395317256,-0.03635450089350343,0.4797862857580185,1.253605991601944,0.9910408109426498,1.3059412762522697
160,1,layer_11.mlp_down,0.33648040890693665,0.018768378380950797,-0.007495963014662266,-0.0005895697395317256,-0.018470221612369643,0.32158619314432146,1.253605991601944,0.9910408109426498,1.3059412762522697
160,1,layer_12.attn_o,0.08042231947183609,0.0028977829239695873,-0.004683987237513065,-0.0005895697395317256,-0.016073235330986792,0.2813941702246666,1.253605991601944,0.9910408109426498,1.3059412762522697
160,1,layer_12.mlp_down,0.3048623502254486,0.011327680008966152,-0.015408781357109547,-0.0005895697395317256,-0.01257720747962594,0.2106502890586853,1.253605991601944,0.9910408109426498,1.3059412762522697
160,1,layer_13.attn_o,0.09337898343801498,0.0048486857334091304,0.0032762775663286448,-0.0005895697395317256,-0.01866024362388998,0.17791361957788468,1.253605991601944,0.9910408109426498,1.3059412762522697
160,1,layer_13.mlp_down,0.32829201221466064,0.015609920986136666,-0.0039673661813139915,-0.0005895697395317256,-0.012576333060860635,0.18610834926366807,1.253605991601944,0.9910408109426498,1.3059412762522697
160,1,layer_14.attn_o,0.08009928464889526,0.0027977914951458,-0.002313080942258239,-0.0005895697395317256,-0.009682839893503114,0.20810744017362595,1.253605991601944,0.9910408109426498,1.3059412762522697
160,1,layer_14.mlp_down,0.325521856546402,0.014578595749509224,-0.004477843176573515,-0.0005895697395317256,-0.00803288746101316,0.23410871922969817,1.253605991601944,0.9910408109426498,1.3059412762522697
160,1,layer_15.attn_o,0.09502823650836945,0.005168505898033739,-0.019146008417010307,-0.0005895697395317256,-0.022398296394385397,0.3603293538093567,1.253605991601944,0.9910408109426498,1.3059412762522697
160,1,layer_15.mlp_down,0.31415700912475586,0.012340610785075408,-0.015493849292397499,-0.0005895697395317256,-0.00042343984823673965,0.13855391070246698,1.253605991601944,0.9910408109426498,1.3059412762522697
160,1,layer_16.attn_o,0.08877391368150711,0.003965525370835691,0.0004649056354537606,-0.0005895697395317256,-0.004333366034552455,0.1734446369111538,1.253605991601944,0.9910408109426498,1.3059412762522697
160,1,layer_16.mlp_down,0.2926740050315857,0.008916194981471856,-0.02172408252954483,-0.0005895697395317256,-0.007397047989070415,0.12028522416949272,1.253605991601944,0.9910408109426498,1.3059412762522697
160,1,layer_17.attn_o,0.09307863563299179,0.005391093553098467,5.918401438975707e-05,-0.0005895697395317256,-0.0014949311851523816,0.37971724271774293,1.253605991601944,0.9910408109426498,1.3059412762522697
160,1,layer_17.mlp_down,0.3209977447986603,0.013007345424836505,-0.028878942131996155,-0.0005895697395317256,-0.009866295545361937,0.12888618633151055,1.253605991601944,0.9910408109426498,1.3059412762522697
160,1,layer_18.attn_o,0.09514632821083069,0.004938841598220006,-0.0043879179283976555,-0.0005895697395317256,-0.0032604748237645255,0.15307477489113808,1.253605991601944,0.9910408109426498,1.3059412762522697
160,1,layer_18.mlp_down,0.31791067123413086,0.012622710886800096,-0.022652992978692055,-0.0005895697395317256,-0.007355758361518383,0.17719282880425452,1.253605991601944,0.9910408109426498,1.3059412762522697
160,1,layer_19.attn_o,0.10522547364234924,0.0060511417668597444,-0.002958472352474928,-0.0005895697395317256,-0.0060557570774108175,0.14694626331329347,1.253605991601944,0.9910408109426498,1.3059412762522697
160,1,layer_19.mlp_down,0.3189336061477661,0.0132132670830359,-0.011127042584121227,-0.0005895697395317256,-0.006376345199532807,0.15707568749785422,1.253605991601944,0.9910408109426498,1.3059412762522697
160,1,layer_20.attn_o,0.07466033846139908,0.0024374340978231524,-0.013685950078070164,-0.0005895697395317256,-0.01263108840212226,0.27303128838539126,1.253605991601944,0.9910408109426498,1.3059412762522697
160,1,layer_20.mlp_down,0.3466778099536896,0.018693409922801867,-0.009649086743593216,-0.0005895697395317256,-0.005997828277759254,0.20571987181901932,1.253605991601944,0.9910408109426498,1.3059412762522697
160,1,layer_21.attn_o,0.07665235549211502,0.0030963263483683406,-0.11249523609876633,-0.0005895697395317256,-0.0004915385390631855,0.5094411224126816,1.253605991601944,0.9910408109426498,1.3059412762522697
160,1,layer_21.mlp_down,0.2968958914279938,0.010013581606446019,-0.022730672731995583,-0.0005895697395317256,-0.0051458366215229034,0.13985588327050208,1.253605991601944,0.9910408109426498,1.3059412762522697
160,1,layer_22.attn_o,0.07652910053730011,0.002720460912344102,-0.02795136347413063,-0.0005895697395317256,-0.001491986948531121,0.1399761274456978,1.253605991601944,0.9910408109426498,1.3059412762522697
160,1,layer_22.mlp_down,0.3002925217151642,0.010455365280883403,-0.03480983152985573,-0.0005895697395317256,-0.003970711037982255,0.1596437908709049,1.253605991601944,0.9910408109426498,1.3059412762522697
160,1,layer_23.attn_o,0.08553824573755264,0.003908448188458857,-0.06500662118196487,-0.0005895697395317256,-0.008592444355599582,0.26129373013973234,1.253605991601944,0.9910408109426498,1.3059412762522697
160,1,layer_23.mlp_down,0.28420528769493103,0.008767454948394838,-0.05936003476381302,-0.0005895697395317256,-0.005983300181105733,0.18518900871276855,1.253605991601944,0.9910408109426498,1.3059412762522697
160,1,layer_24.attn_o,0.08457370102405548,0.004420648716659077,-0.07799936830997467,-0.0005895697395317256,-0.004956932918867096,0.37729924321174624,1.253605991601944,0.9910408109426498,1.3059412762522697
160,1,layer_24.mlp_down,0.3246258795261383,0.014393520782710778,-0.07329551875591278,-0.0005895697395317256,-0.009478529915213585,0.19977227002382278,1.253605991601944,0.9910408109426498,1.3059412762522697
160,1,layer_25.attn_o,0.08252973109483719,0.003793607430168604,-0.10368195921182632,-0.0005895697395317256,-0.007656188542023301,0.25240276008844376,1.253605991601944,0.9910408109426498,1.3059412762522697
160,1,layer_25.mlp_down,0.3457997739315033,0.01878179065380899,0.09581723809242249,-0.0005895697395317256,-0.001938413269817829,0.11332050310447812,1.253605991601944,0.9910408109426498,1.3059412762522697
180,1,layer_0.attn_o,0.08419228345155716,0.004130243615788647,0.053795699030160904,0.026160871610045433,0.07078331653028727,0.16622783662751317,1.2824335157871247,0.9716912806034088,1.3019672259688377
180,1,layer_0.mlp_down,0.2780107855796814,0.008538704542373429,-0.004202864598482847,0.026160871610045433,0.001363959047012031,0.06816631499677897,1.2824335157871247,0.9716912806034088,1.3019672259688377
180,1,layer_1.attn_o,0.07643109560012817,0.0031669472618114395,0.04924708232283592,0.026160871610045433,0.010598818492144346,0.11683758292347193,1.2824335157871247,0.9716912806034088,1.3019672259688377
180,1,layer_1.mlp_down,0.3207454979419708,0.017045925520594484,0.002739640884101391,0.026160871610045433,-0.0015161055205680895,0.0750410757958889,1.2824335157871247,0.9716912806034088,1.3019672259688377
180,1,layer_2.attn_o,0.07845740765333176,0.0034474760314070875,0.03872205689549446,0.026160871610045433,0.008778126677498221,0.13216750477440656,1.2824335157871247,0.9716912806034088,1.3019672259688377
180,1,layer_2.mlp_down,0.31724172830581665,0.017204713172598845,0.022815624251961708,0.026160871610045433,0.0022355884779244662,0.09357313206419349,1.2824335157871247,0.9716912806034088,1.3019672259688377
180,1,layer_3.attn_o,0.07568436861038208,0.0033625357064500996,0.014411657117307186,0.026160871610045433,0.0039564334612805395,0.10786210838705301,1.2824335157871247,0.9716912806034088,1.3019672259688377
180,1,layer_3.mlp_down,0.30270668864250183,0.013794436138660738,0.004259806592017412,0.026160871610045433,0.007619577087461948,0.07488726656883955,1.2824335157871247,0.9716912806034088,1.3019672259688377
180,1,layer_4.attn_o,0.09152549505233765,0.004976937862588103,0.009007041342556477,0.026160871610045433,0.0032423226861283184,0.12977004311978818,1.2824335157871247,0.9716912806034088,1.3019672259688377
180,1,layer_4.mlp_down,0.26688459515571594,0.00843537202609238,0.009978404268622398,0.026160871610045433,0.008533758588600903,0.12124191373586654,1.2824335157871247,0.9716912806034088,1.3019672259688377
180,1,layer_5.attn_o,0.07000511884689331,0.0027716188398085803,0.05700090527534485,0.026160871610045433,0.08312255654018372,0.27647970244288445,1.2824335157871247,0.9716912806034088,1.3019672259688377
180,1,layer_5.mlp_down,0.2889082431793213,0.011648445870311233,0.005020238924771547,0.026160871610045433,0.0029917317908257244,0.09149113642051816,1.2824335157871247,0.9716912806034088,1.3019672259688377
180,1,layer_6.attn_o,0.08800061792135239,0.004786274665628257,0.0041099851951003075,0.026160871610045433,0.00418591496523959,0.13592565450817345,1.2824335157871247,0.9716912806034088,1.3019672259688377
180,1,layer_6.mlp_down,0.2975512742996216,0.01272969479752393,0.012453412637114525,0.026160871610045433,0.008068604354048148,0.13882433995604515,1.2824335157871247,0.9716912806034088,1.3019672259688377
180,1,layer_7.attn_o,0.06758078187704086,0.0021379419249439265,0.0035684348549693823,0.026160871610045433,0.009246073669055476,0.21211978942155837,1.2824335157871247,0.9716912806034088,1.3019672259688377
180,1,layer_7.mlp_down,0.26329129934310913,0.008609687334190983,0.03132002800703049,0.026160871610045433,0.020271389675326646,0.1738024316728115,1.2824335157871247,0.9716912806034088,1.3019672259688377
180,1,layer_8.attn_o,0.07112804055213928,0.00226735571694498,0.009468822740018368,0.026160871610045433,0.02411659013014287,0.218434377014637,1.2824335157871247,0.9716912806034088,1.3019672259688377
180,1,layer_8.mlp_down,0.2598670423030853,0.008424904533946247,0.015653343871235847,0.026160871610045433,0.027273704251274466,0.22009725496172905,1.2824335157871247,0.9716912806034088,1.3019672259688377
180,1,layer_9.attn_o,0.06890346854925156,0.0022967213939620664,0.009230346418917179,0.026160871610045433,0.030874618102097885,0.29927723333239553,1.2824335157871247,0.9716912806034088,1.3019672259688377
180,1,layer_9.mlp_down,0.3027150630950928,0.015337710638798801,0.023199038580060005,0.026160871610045433,0.010565489577129484,0.28040400221943856,1.2824335157871247,0.9716912806034088,1.3019672259688377
180,1,layer_10.attn_o,0.08343716710805893,0.004538163060255874,-0.005496325436979532,0.026160871610045433,0.009886572047253139,0.3649728775024414,1.2824335157871247,0.9716912806034088,1.3019672259688377
180,1,layer_10.mlp_down,0.24959342181682587,0.0074525475875819435,0.08294901996850967,0.026160871610045433,0.024676922336220743,0.3741954296827316,1.2824335157871247,0.9716912806034088,1.3019672259688377
180,1,layer_11.attn_o,0.07053656131029129,0.0029381647924031254,0.014672081917524338,0.026160871610045433,-0.002252782043069601,0.5270560443401336,1.2824335157871247,0.9716912806034088,1.3019672259688377
180,1,layer_11.mlp_down,0.3107509911060333,0.017331382042032495,0.030429407954216003,0.026160871610045433,0.011155756172956898,0.3699746444821358,1.2824335157871247,0.9716912806034088,1.3019672259688377
180,1,layer_12.attn_o,0.07480070739984512,0.0026952192130664794,-0.0008245504577644169,0.026160871610045433,0.01177386324852705,0.3588165551424026,1.2824335157871247,0.9716912806034088,1.3019672259688377
180,1,layer_12.mlp_down,0.2816115915775299,0.010463488533401925,0.019549701362848282,0.026160871610045433,0.007955221831798554,0.26220257580280304,1.2824335157871247,0.9716912806034088,1.3019672259688377
180,1,layer_13.attn_o,0.08482770621776581,0.004404656639422575,0.002475979970768094,0.026160871610045433,0.012072550086304545,0.22908454537391662,1.2824335157871247,0.9716912806034088,1.3019672259688377
180,1,layer_13.mlp_down,0.3027830123901367,0.014396132023753835,0.018560588359832764,0.026160871610045433,0.006592078180983662,0.22517233714461327,1.2824335157871247,0.9716912806034088,1.3019672259688377
180,1,layer_14.attn_o,0.07150141149759293,0.0024974753338436583,0.009362684562802315,0.026160871610045433,0.008585013390984386,0.258511383831501,1.2824335157871247,0.9716912806034088,1.3019672259688377
180,1,layer_14.mlp_down,0.301424503326416,0.013498659685739841,0.012263641692698002,0.026160871610045433,0.004142016004698235,0.2737726241350174,1.2824335157871247,0.9716912806034088,1.3019672259688377
180,1,layer_15.attn_o,0.08563254773616791,0.004657472620976909,0.022824503481388092,0.026160871610045433,0.012242794781923295,0.4066488057374954,1.2824335157871247,0.9716912806034088,1.3019672259688377
180,1,layer_15.mlp_down,0.2893785536289215,0.011366900445736842,0.02078207954764366,0.026160871610045433,0.00313408721704036,0.18258589915931225,1.2824335157871247,0.9716912806034088,1.3019672259688377
180,1,layer_16.attn_o,0.08228623867034912,0.0036757159953335465,0.01763327233493328,0.026160871610045433,0.006169382156804204,0.21237997189164162,1.2824335157871247,0.9716912806034088,1.3019672259688377
180,1,layer_16.mlp_down,0.269292950630188,0.00820379575952702,0.02903296798467636,0.026160871610045433,0.0017046061810106039,0.18082215525209905,1.2824335157871247,0.9716912806034088,1.3019672259688377
180,1,layer_17.attn_o,0.08831823617219925,0.005115347991832901,0.03473856672644615,0.026160871610045433,-0.0027329576201736926,0.43915426433086396,1.2824335157871247,0.9716912806034088,1.3019672259688377
180,1,layer_17.mlp_down,0.29865315556526184,0.01210141191851753,0.020880991593003273,0.026160871610045433,0.0032851621508598328,0.1937749095261097,1.2824335157871247,0.9716912806034088,1.3019672259688377
180,1,layer_18.attn_o,0.08724421262741089,0.0045286395694031705,0.007185435388237238,0.026160871610045433,0.0017739683971740305,0.2326795317232609,1.2824335157871247,0.9716912806034088,1.3019672259688377
180,1,layer_18.mlp_down,0.2977454662322998,0.01182162903692348,0.012624295428395271,0.026160871610045433,0.0032134771347045897,0.24470378309488297,1.2824335157871247,0.9716912806034088,1.3019672259688377
180,1,layer_19.attn_o,0.10156390070915222,0.00584054317081104,0.00926793459802866,0.026160871610045433,0.001803572941571474,0.20177605226635933,1.2824335157871247,0.9716912806034088,1.3019672259688377
180,1,layer_19.mlp_down,0.30216124653816223,0.012517908567705202,0.009800765663385391,0.026160871610045433,-0.00013049200642853976,0.22515201717615127,1.2824335157871247,0.9716912806034088,1.3019672259688377
180,1,layer_20.attn_o,0.07160473614931107,0.002337676619758428,0.011268279515206814,0.026160871610045433,0.004497207840904594,0.32908690720796585,1.2824335157871247,0.9716912806034088,1.3019672259688377
180,1,layer_20.mlp_down,0.3306240439414978,0.0178258938979016,0.0255696102976799,0.026160871610045433,0.0025069454684853556,0.26331684961915014,1.2824335157871247,0.9716912806034088,1.3019672259688377
180,1,layer_21.attn_o,0.0734022855758667,0.002965040334830247,0.1088775172829628,0.026160871610045433,0.001159887993708253,0.5345450162887573,1.2824335157871247,0.9716912806034088,1.3019672259688377
180,1,layer_21.mlp_down,0.28410935401916504,0.009582148123397803,0.031127028167247772,0.026160871610045433,0.0030517208389937876,0.1957111179828644,1.2824335157871247,0.9716912806034088,1.3019672259688377
180,1,layer_22.attn_o,0.07156039029359818,0.002543830324739845,0.029455678537487984,0.026160871610045433,0.0009041875513503328,0.18829288743436337,1.2824335157871247,0.9716912806034088,1.3019672259688377
180,1,layer_22.mlp_down,0.2863524556159973,0.009969801042474344,0.03483528271317482,0.026160871610045433,0.0005022945697419345,0.21408756002783774,1.2824335157871247,0.9716912806034088,1.3019672259688377
180,1,layer_23.attn_o,0.07857171446084976,0.0035901281151136124,0.0433516725897789,0.026160871610045433,0.003287210687994957,0.32258578687906264,1.2824335157871247,0.9716912806034088,1.3019672259688377
180,1,layer_23.mlp_down,0.27029505372047424,0.008338222059231338,0.04703526571393013,0.026160871610045433,0.0003657320899947081,0.2268160380423069,1.2824335157871247,0.9716912806034088,1.3019672259688377
180,1,layer_24.attn_o,0.08110581338405609,0.0042393567895767535,0.041806384921073914,0.026160871610045433,0.00397998308762908,0.4212396442890167,1.2824335157871247,0.9716912806034088,1.3019672259688377
180,1,layer_24.mlp_down,0.30791929364204407,0.013651989247174829,0.061468277126550674,0.026160871610045433,0.009600941371172667,0.24828796237707138,1.2824335157871247,0.9716912806034088,1.3019672259688377
180,1,layer_25.attn_o,0.07915312796831131,0.0036383854518228513,0.06874711811542511,0.026160871610045433,0.030790537898428737,0.3052410617470741,1.2824335157871247,0.9716912806034088,1.3019672259688377
180,1,layer_25.mlp_down,0.32544347643852234,0.017674086614320714,0.05253858119249344,0.026160871610045433,-0.003514680080115795,0.1366047091782093,1.2824335157871247,0.9716912806034088,1.3019672259688377
200,1,layer_0.attn_o,0.08013996481895447,0.00393143946400971,0.277017742395401,0.022398637607693672,0.012151044514030217,0.13827349357306956,1.3106281161308289,0.9572522714734077,1.2946600019931793
200,1,layer_0.mlp_down,0.2651672661304474,0.008144147339373941,0.0015337197110056877,0.022398637607693672,0.011144562857225537,0.08312420807778835,1.3106281161308289,0.9572522714734077,1.2946600019931793
200,1,layer_1.attn_o,0.07772861421108246,0.00322070553052088,-0.02434714324772358,0.022398637607693672,0.0689139608759433,0.15022233207710087,1.3106281161308289,0.9572522714734077,1.2946600019931793
200,1,layer_1.mlp_down,0.3315686285495758,0.017619649513946452,-0.0016059246845543385,0.022398637607693672,0.007298047980293631,0.08537310948595404,1.3106281161308289,0.9572522714734077,1.2946600019931793
200,1,layer_2.attn_o,0.07569976896047592,0.0033263000195066813,0.03640642762184143,0.022398637607693672,0.020422370033338667,0.13465376337990165,1.3106281161308289,0.9572522714734077,1.2946600019931793
200,1,layer_2.mlp_down,0.3274068236351013,0.01775423101443717,0.026610950008034706,0.022398637607693672,0.018779427238041536,0.11254977202042937,1.3106281161308289,0.9572522714734077,1.2946600019931793
200,1,layer_3.attn_o,0.07196421176195145,0.003197250739994884,0.011173442006111145,0.022398637607693672,0.016169941460248083,0.12186621584696695,1.3106281161308289,0.9572522714734077,1.2946600019931793
200,1,layer_3.mlp_down,0.2910483777523041,0.013262444038411796,0.0105133643373847,0.022398637607693672,0.018610989669105037,0.09027251675724983,1.3106281161308289,0.9572522714734077,1.2946600019931793
200,1,layer_4.attn_o,0.08577721565961838,0.004664349996592649,-0.002683991799131036,0.022398637607693672,0.023129477418842727,0.12983253542333842,1.3106281161308289,0.9572522714734077,1.2946600019931793
200,1,layer_4.mlp_down,0.2511579692363739,0.007938229293578168,0.021404379978775978,0.022398637607693672,0.02230861473362893,0.14250850602984427,1.3106281161308289,0.9572522714734077,1.2946600019931793
200,1,layer_5.attn_o,0.06623098999261856,0.0026221928345475745,0.008510622195899487,0.022398637607693672,0.042778981104493144,0.3218622624874115,1.3106281161308289,0.9572522714734077,1.2946600019931793
200,1,layer_5.mlp_down,0.2696789503097534,0.01087280357189777,0.006541972514241934,0.022398637607693672,0.010893323144409805,0.09631124380975961,1.3106281161308289,0.9572522714734077,1.2946600019931793
200,1,layer_6.attn_o,0.08102712035179138,0.004406974101566856,0.0027538095600903034,0.022398637607693672,0.018376509615336545,0.12741453908383846,1.3106281161308289,0.9572522714734077,1.2946600019931793
200,1,layer_6.mlp_down,0.2751467823982239,0.011770725057143215,0.006317014340311289,0.022398637607693672,0.022859983239322902,0.13476537242531778,1.3106281161308289,0.9572522714734077,1.2946600019931793
200,1,layer_7.attn_o,0.06178973242640495,0.0019547405001913054,0.002553611760959029,0.022398637607693672,0.032715088594704865,0.2087696023285389,1.3106281161308289,0.9572522714734077,1.2946600019931793
200,1,layer_7.mlp_down,0.24141275882720947,0.00789417415695377,0.006282774731516838,0.022398637607693672,0.029078228876460343,0.17149108052253723,1.3106281161308289,0.9572522714734077,1.2946600019931793
200,1,layer_8.attn_o,0.06446696817874908,0.0020550204164376863,-0.00046346941962838173,0.022398637607693672,0.03240597688127309,0.18188353702425958,1.3106281161308289,0.9572522714734077,1.2946600019931793
200,1,layer_8.mlp_down,0.2370591163635254,0.007685400871872089,0.015463035553693771,0.022398637607693672,0.029506713093724102,0.2061706267297268,1.3106281161308289,0.9572522714734077,1.2946600019931793
200,1,layer_9.attn_o,0.062269020825624466,0.002075576756179284,0.005833342671394348,0.022398637607693672,0.02920712718332652,0.29534456580877305,1.3106281161308289,0.9572522714734077,1.2946600019931793
200,1,layer_9.mlp_down,0.27684468030929565,0.014026008900337325,0.01484572421759367,0.022398637607693672,0.026768625853583215,0.2788350462913513,1.3106281161308289,0.9572522714734077,1.2946600019931793
200,1,layer_10.attn_o,0.07546626031398773,0.004104611606357632,0.001707589253783226,0.022398637607693672,0.022141150687821208,0.36733817458152773,1.3106281161308289,0.9572522714734077,1.2946600019931793
200,1,layer_10.mlp_down,0.22625701129436493,0.0067556992143263375,0.048226676881313324,0.022398637607693672,0.04616250605322421,0.37260269820690156,1.3106281161308289,0.9572522714734077,1.2946600019931793
200,1,layer_11.attn_o,0.06667538732290268,0.002777324688015586,0.015081244520843029,0.022398637607693672,0.053112622490152715,0.5397697329521179,1.3106281161308289,0.9572522714734077,1.2946600019931793
200,1,layer_11.mlp_down,0.28431564569473267,0.015855488398070546,0.03482736274600029,0.022398637607693672,0.02223583487793803,0.35552272796630857,1.3106281161308289,0.9572522714734077,1.2946600019931793
200,1,layer_12.attn_o,0.06686237454414368,0.0024091841970108052,0.00912753026932478,0.022398637607693672,0.015143308357801288,0.326998645067215,1.3106281161308289,0.9572522714734077,1.2946600019931793
200,1,layer_12.mlp_down,0.25510555505752563,0.00947845898695398,0.02074848674237728,0.022398637607693672,0.013716685515828431,0.2457586109638214,1.3106281161308289,0.9572522714734077,1.2946600019931793
200,1,layer_13.attn_o,0.07636747509241104,0.00396536643840039,0.0009229413117282093,0.022398637607693672,0.004395566531457007,0.19555547535419465,1.3106281161308289,0.9572522714734077,1.2946600019931793
200,1,layer_13.mlp_down,0.273715615272522,0.013013542559043786,0.02238575369119644,0.022398637607693672,0.008154378517065197,0.2115677662193775,1.3106281161308289,0.9572522714734077,1.2946600019931793
200,1,layer_14.attn_o,0.06490033864974976,0.0022669066796942704,0.004134430084377527,0.022398637607693672,0.0009505948808509856,0.242317096889019,1.3106281161308289,0.9572522714734077,1.2946600019931793
200,1,layer_14.mlp_down,0.27167028188705444,0.01216563937150143,0.01397612877190113,0.022398637607693672,0.006086703689652495,0.25578090697526934,1.3106281161308289,0.9572522714734077,1.2946600019931793
200,1,layer_15.attn_o,0.07689522206783295,0.004182249999377341,0.014061752706766129,0.022398637607693672,0.01857858244329691,0.3807248443365097,1.3106281161308289,0.9572522714734077,1.2946600019931793
200,1,layer_15.mlp_down,0.25935572385787964,0.01018731742150883,0.04036283493041992,0.022398637607693672,0.008091166298254394,0.14651966355741025,1.3106281161308289,0.9572522714734077,1.2946600019931793
200,1,layer_16.attn_o,0.07301913946866989,0.0032617547207953387,0.015626519918441772,0.022398637607693672,0.009030864003580063,0.1745424561202526,1.3106281161308289,0.9572522714734077,1.2946600019931793
200,1,layer_16.mlp_down,0.24077364802360535,0.0073348764317519586,0.04214545339345932,0.022398637607693672,0.0063476189388893545,0.1473351649940014,1.3106281161308289,0.9572522714734077,1.2946600019931793
200,1,layer_17.attn_o,0.08176180720329285,0.0047355929707926896,0.05395432561635971,0.022398637607693672,0.001592868403531611,0.4024499595165253,1.3106281161308289,0.9572522714734077,1.2946600019931793
200,1,layer_17.mlp_down,0.26630496978759766,0.010790313019970304,0.026041388511657715,0.022398637607693672,0.00568997572408989,0.1506253071129322,1.3106281161308289,0.9572522714734077,1.2946600019931793
200,1,layer_18.attn_o,0.07683321088552475,0.003988216990706927,0.014156760647892952,0.022398637607693672,0.0013677880458999425,0.18911866694688798,1.3106281161308289,0.9572522714734077,1.2946600019931793
200,1,layer_18.mlp_down,0.2656237483024597,0.010546001358391297,0.01657908596098423,0.022398637607693672,0.006592592326342128,0.19938032180070878,1.3106281161308289,0.9572522714734077,1.2946600019931793
200,1,layer_19.attn_o,0.09258899092674255,0.005324398465549534,0.010594503954052925,0.022398637607693672,0.0007739759428659454,0.15658361241221427,1.3106281161308289,0.9572522714734077,1.2946600019931793
200,1,layer_19.mlp_down,0.266949325799942,0.01105883075290821,0.014780563302338123,0.022398637607693672,0.0026261927094310524,0.17674898132681846,1.3106281161308289,0.9572522714734077,1.2946600019931793
200,1,layer_20.attn_o,0.06352733820676804,0.002073972878808162,0.01566087268292904,0.022398637607693672,0.0005271351430565119,0.3066272258758545,1.3106281161308289,0.9572522714734077,1.2946600019931793
200,1,layer_20.mlp_down,0.29278364777565,0.015784319914039502,0.020403100177645683,0.022398637607693672,0.003867133380845189,0.2400726556777954,1.3106281161308289,0.9572522714734077,1.2946600019931793
200,1,layer_21.attn_o,0.06335406005382538,0.0025591458605593964,0.011625870130956173,0.022398637607693672,0.02642613840289414,0.5324306666851044,1.3106281161308289,0.9572522714734077,1.2946600019931793
200,1,layer_21.mlp_down,0.2487049251794815,0.008387926900989854,0.01142204087227583,0.022398637607693672,0.007240955473389476,0.16297281086444854,1.3106281161308289,0.9572522714734077,1.2946600019931793
200,1,layer_22.attn_o,0.0646628886461258,0.0022986388757652563,-0.0005251443362794816,0.022398637607693672,0.0021582032553851605,0.16353933289647102,1.3106281161308289,0.9572522714734077,1.2946600019931793
200,1,layer_22.mlp_down,0.25228458642959595,0.008783535803675292,0.0018565612845122814,0.022398637607693672,0.012094483885448426,0.18685923963785173,1.3106281161308289,0.9572522714734077,1.2946600019931793
200,1,layer_23.attn_o,0.07228861004114151,0.0033030352832761423,0.006791158113628626,0.022398637607693672,0.017830899404361843,0.28736053556203844,1.3106281161308289,0.9572522714734077,1.2946600019931793
200,1,layer_23.mlp_down,0.2390637844800949,0.007374680681312213,-0.00623322231695056,0.022398637607693672,0.013731195795116946,0.20182351320981978,1.3106281161308289,0.9572522714734077,1.2946600019931793
200,1,layer_24.attn_o,0.07200431078672409,0.003763603306714114,-0.009461000561714172,0.022398637607693672,0.016092180274426937,0.41216883063316345,1.3106281161308289,0.9572522714734077,1.2946600019931793
200,1,layer_24.mlp_down,0.2727782726287842,0.012093482099216934,-0.01361274067312479,0.022398637607693672,0.010284653212875128,0.23208304196596147,1.3106281161308289,0.9572522714734077,1.2946600019931793
200,1,layer_25.attn_o,0.06799633800983429,0.0031255439889610152,0.01999574340879917,0.022398637607693672,0.002106825774535537,0.2587417662143707,1.3106281161308289,0.9572522714734077,1.2946600019931793
200,1,layer_25.mlp_down,0.28960663080215454,0.015726236091445783,0.044355493038892746,0.022398637607693672,0.02981309425085783,0.15419873371720313,1.3106281161308289,0.9572522714734077,1.2946600019931793
220,1,layer_0.attn_o,0.0639461949467659,0.003137020787256212,0.07505960762500763,0.04903918877243996,0.06497021787799895,0.11679365457966924,1.351683074235916,0.9541939869523048,1.2911740839481354
220,1,layer_0.mlp_down,0.21028457581996918,0.006458445374017221,0.013316935859620571,0.04903918877243996,0.007410849956795573,0.061124743334949015,1.351683074235916,0.9541939869523048,1.2911740839481354
220,1,layer_1.attn_o,0.06140821427106857,0.002544462861342368,0.07237667590379715,0.04903918877243996,0.025378585048019885,0.08934642821550369,1.351683074235916,0.9541939869523048,1.2911740839481354
220,1,layer_1.mlp_down,0.25922971963882446,0.013774281788795759,0.00485607935115695,0.04903918877243996,0.003914774338772986,0.05707719512283802,1.351683074235916,0.9541939869523048,1.2911740839481354
220,1,layer_2.attn_o,0.06276293843984604,0.0027578470016557176,0.05823654681444168,0.04903918877243996,0.015199108788510784,0.1048758566379547,1.351683074235916,0.9541939869523048,1.2911740839481354
220,1,layer_2.mlp_down,0.2625811994075775,0.014237596116942463,0.022110797464847565,0.04903918877243996,0.013403503515291959,0.08831936921924352,1.351683074235916,0.9541939869523048,1.2911740839481354
220,1,layer_3.attn_o,0.061732977628707886,0.0027426902339684894,0.030781250447034836,0.04903918877243996,0.011821378872264176,0.09986293502151966,1.351683074235916,0.9541939869523048,1.2911740839481354
220,1,layer_3.mlp_down,0.2515723407268524,0.011463149249107714,0.011975315399467945,0.04903918877243996,0.009039710951037705,0.07595095448195935,1.351683074235916,0.9541939869523048,1.2911740839481354
220,1,layer_4.attn_o,0.07536149770021439,0.004097963409400658,0.0210025105625391,0.04903918877243996,0.014208506047725677,0.10938954018056393,1.351683074235916,0.9541939869523048,1.2911740839481354
220,1,layer_4.mlp_down,0.2212340235710144,0.006992386510900883,-0.0024574208073318005,0.04903918877243996,0.0007946687750518322,0.11708067543804646,1.351683074235916,0.9541939869523048,1.2911740839481354
220,1,layer_5.attn_o,0.0587504543364048,0.002326026939026629,-0.03341539204120636,0.04903918877243996,0.05795213161036372,0.26188980489969255,1.351683074235916,0.9541939869523048,1.2911740839481354
220,1,layer_5.mlp_down,0.23822785913944244,0.009604550742937328,0.008794071152806282,0.04903918877243996,0.004778939179959707,0.07598968073725701,1.351683074235916,0.9541939869523048,1.2911740839481354
220,1,layer_6.attn_o,0.07031919062137604,0.0038245758746726145,0.007849999703466892,0.04903918877243996,0.0057517081731930375,0.1190508171916008,1.351683074235916,0.9541939869523048,1.2911740839481354
220,1,layer_6.mlp_down,0.24377910792827606,0.01042851154544864,0.004626257345080376,0.04903918877243996,0.007878117192740319,0.12745532691478728,1.351683074235916,0.9541939869523048,1.2911740839481354
220,1,layer_7.attn_o,0.05490019544959068,0.0017367874050298472,0.0054611628875136375,0.04903918877243996,0.01146116890013218,0.21114986389875412,1.351683074235916,0.9541939869523048,1.2911740839481354
220,1,layer_7.mlp_down,0.2144395411014557,0.007012090847826753,-0.01015367079526186,0.04903918877243996,0.013008395012002438,0.17092333883047103,1.351683074235916,0.9541939869523048,1.2911740839481354
220,1,layer_8.attn_o,0.05692480877041817,0.0018145984176859236,-0.001475754426792264,0.04903918877243996,0.013551128329709172,0.19997450113296508,1.351683074235916,0.9541939869523048,1.2911740839481354
220,1,layer_8.mlp_down,0.21411533653736115,0.006941479638723845,-0.01051393710076809,0.04903918877243996,0.01450226599117741,0.2068627193570137,1.351683074235916,0.9541939869523048,1.2911740839481354
220,1,layer_9.attn_o,0.05527927353978157,0.0018425895001201618,-0.003467604285106063,0.04903918877243996,0.008067344489973038,0.2958195820450783,1.351683074235916,0.9541939869523048,1.2911740839481354
220,1,layer_9.mlp_down,0.25075894594192505,0.012703783564749082,0.0058755106292665005,0.04903918877243996,0.010331114137079567,0.27572346925735475,1.351683074235916,0.9541939869523048,1.2911740839481354
220,1,layer_10.attn_o,0.06806357204914093,0.0037019788400560845,0.016950536519289017,0.04903918877243996,0.012177704274654389,0.34487044215202334,1.351683074235916,0.9541939869523048,1.2911740839481354
220,1,layer_10.mlp_down,0.20531462132930756,0.006130334610657137,0.19900310039520264,0.04903918877243996,0.01943788011558354,0.37130114138126374,1.351683074235916,0.9541939869523048,1.2911740839481354
220,1,layer_11.attn_o,0.06135799363255501,0.002555830714595858,0.08407726138830185,0.04903918877243996,0.018760668020695447,0.4881137102842331,1.351683074235916,0.9541939869523048,1.2911740839481354
220,1,layer_11.mlp_down,0.25908857583999634,0.014447684788745582,0.06162260100245476,0.04903918877243996,0.00722899166867137,0.35697802901268005,1.351683074235916,0.9541939869523048,1.2911740839481354
220,1,layer_12.attn_o,0.0593077577650547,0.0021369772261351514,0.011340954340994358,0.04903918877243996,0.010466516483575106,0.338188698887825,1.351683074235916,0.9541939869523048,1.2911740839481354
220,1,layer_12.mlp_down,0.2309274524450302,0.0085800049101744,0.027475861832499504,0.04903918877243996,0.01185177348088473,0.2505299523472786,1.351683074235916,0.9541939869523048,1.2911740839481354
220,1,layer_13.attn_o,0.06967105716466904,0.0036176476281125176,0.0026188227348029613,0.04903918877243996,0.003444216470234096,0.23363487422466278,1.351683074235916,0.9541939869523048,1.2911740839481354
220,1,layer_13.mlp_down,0.24890358746051788,0.011833419560105857,0.019199492409825325,0.04903918877243996,-0.002130025636870414,0.2317411407828331,1.351683074235916,0.9541939869523048,1.2911740839481354
220,1,layer_14.attn_o,0.058947861194610596,0.002058989873222676,0.006589035503566265,0.04903918877243996,0.004043920896947384,0.27205812484025954,1.351683074235916,0.9541939869523048,1.2911740839481354
220,1,layer_14.mlp_down,0.24561257660388947,0.010998349847931873,0.011729289777576923,0.04903918877243996,0.00692552043183241,0.28978464007377625,1.351683074235916,0.9541939869523048,1.2911740839481354
220,1,layer_15.attn_o,0.07035281509160995,0.003826409035411139,0.04766365513205528,0.04903918877243996,0.008456043328624218,0.37817097306251524,1.351683074235916,0.9541939869523048,1.2911740839481354
220,1,layer_15.mlp_down,0.23417861759662628,0.009198199232832743,0.024877119809389114,0.04903918877243996,0.005688971013296395,0.16231843158602716,1.351683074235916,0.9541939869523048,1.2911740839481354
220,1,layer_16.attn_o,0.06546536087989807,0.002924326248080612,0.012584925629198551,0.04903918877243996,0.010016834409907461,0.19103909954428672,1.351683074235916,0.9541939869523048,1.2911740839481354
220,1,layer_16.mlp_down,0.21655909717082977,0.006597165882882859,0.023165101185441017,0.04903918877243996,0.010695609473623335,0.14149400368332862,1.351683074235916,0.9541939869523048,1.2911740839481354
220,1,layer_17.attn_o,0.06770949065685272,0.0039216837466851924,0.024220433086156845,0.04903918877243996,-0.0018262853016494773,0.36518273800611495,1.351683074235916,0.9541939869523048,1.2911740839481354
220,1,layer_17.mlp_down,0.23912198841571808,0.009688706366492512,0.019647806882858276,0.04903918877243996,0.011558606335893274,0.1450541704893112,1.351683074235916,0.9541939869523048,1.2911740839481354
220,1,layer_18.attn_o,0.06549077481031418,0.0033994582359075432,0.002538573695346713,0.04903918877243996,-0.0005532989627681673,0.1752093531191349,1.351683074235916,0.9541939869523048,1.2911740839481354
220,1,layer_18.mlp_down,0.23650440573692322,0.009389718951165017,0.025953073054552078,0.04903918877243996,0.010769463310498394,0.1885817229747772,1.351683074235916,0.9541939869523048,1.2911740839481354
220,1,layer_19.attn_o,0.07712306827306747,0.004435009891648033,0.013203929178416729,0.04903918877243996,0.0017431946471333504,0.14481467828154565,1.351683074235916,0.9541939869523048,1.2911740839481354
220,1,layer_19.mlp_down,0.23750273883342743,0.009838731034125702,0.01190830860286951,0.04903918877243996,0.008905040059471504,0.17394140213727952,1.351683074235916,0.9541939869523048,1.2911740839481354
220,1,layer_20.attn_o,0.05497795715928078,0.0017948608976622428,0.01985793560743332,0.04903918877243996,0.01037844514939934,0.3101008892059326,1.351683074235916,0.9541939869523048,1.2911740839481354
220,1,layer_20.mlp_down,0.26128360629081726,0.014085320949113207,0.009973314590752125,0.04903918877243996,0.010666115459753201,0.23139485269784926,1.351683074235916,0.9541939869523048,1.2911740839481354
220,1,layer_21.attn_o,0.05295291170477867,0.002138995302650065,0.14620813727378845,0.04903918877243996,0.014228869415819644,0.5106637179851532,1.351683074235916,0.9541939869523048,1.2911740839481354
220,1,layer_21.mlp_down,0.22019505500793457,0.007426301218332403,0.019895074889063835,0.04903918877243996,0.010213865875266492,0.14815478920936584,1.351683074235916,0.9541939869523048,1.2911740839481354
220,1,layer_22.attn_o,0.053760312497615814,0.0019110712136740252,0.02985316887497902,0.04903918877243996,0.009432550123892724,0.1474559374153614,1.351683074235916,0.9541939869523048,1.2911740839481354
220,1,layer_22.mlp_down,0.22226959466934204,0.007738461397732498,0.02242463268339634,0.04903918877243996,0.012631254753796384,0.16991934105753898,1.351683074235916,0.9541939869523048,1.2911740839481354
220,1,layer_23.attn_o,0.055406149476766586,0.0025316322922678937,0.051801543682813644,0.04903918877243996,0.022239605791401117,0.2725456953048706,1.351683074235916,0.9541939869523048,1.2911740839481354
220,1,layer_23.mlp_down,0.2111625075340271,0.006513940504424055,0.031997811049222946,0.04903918877243996,0.022140748480160254,0.19371501952409745,1.351683074235916,0.9541939869523048,1.2911740839481354
220,1,layer_24.attn_o,0.06480290740728378,0.0033871847256055914,0.07759620249271393,0.04903918877243996,0.03339994053822011,0.41170404851436615,1.351683074235916,0.9541939869523048,1.2911740839481354
220,1,layer_24.mlp_down,0.24269405007362366,0.010759354440397845,0.07918243855237961,0.04903918877243996,0.027389320870861412,0.20753687024116516,1.351683074235916,0.9541939869523048,1.2911740839481354
220,1,layer_25.attn_o,0.06195218116044998,0.0028477118693977367,0.1499287486076355,0.04903918877243996,0.05195881435647607,0.2451714791357517,1.351683074235916,0.9541939869523048,1.2911740839481354
220,1,layer_25.mlp_down,0.26221123337745667,0.014237524306719172,0.1910628229379654,0.04903918877243996,0.037804550025612116,0.15073577165603638,1.351683074235916,0.9541939869523048,1.2911740839481354
240,1,layer_0.attn_o,0.05456910654902458,0.002677001897613972,-0.06605778634548187,0.026914678514003754,0.01926867673173547,0.15247761718928815,1.3846645116806031,0.9430014491081238,1.2850012108683586
240,1,layer_0.mlp_down,0.18019358813762665,0.005534238482840195,0.007264478597790003,0.026914678514003754,0.0002995101829583291,0.0881449880078435,1.3846645116806031,0.9430014491081238,1.2850012108683586
240,1,layer_1.attn_o,0.052458129823207855,0.002173611911028811,0.3024071455001831,0.026914678514003754,0.005390959931537509,0.16919132880866528,1.3846645116806031,0.9430014491081238,1.2850012108683586
240,1,layer_1.mlp_down,0.23028594255447388,0.012235622609725693,-0.0055929082445800304,0.026914678514003754,0.00031808489002287387,0.09081417303532362,1.3846645116806031,0.9430014491081238,1.2850012108683586
240,1,layer_2.attn_o,0.05334065854549408,0.0023438247089291944,0.023949628695845604,0.026914678514003754,-0.008956901729106903,0.13437412567436696,1.3846645116806031,0.9430014491081238,1.2850012108683586
240,1,layer_2.mlp_down,0.23384059965610504,0.01267845995912001,0.013169147074222565,0.026914678514003754,0.00384266902692616,0.12183869369328022,1.3846645116806031,0.9430014491081238,1.2850012108683586
240,1,layer_3.attn_o,0.05171976238489151,0.0022978179313397082,0.053977467119693756,0.026914678514003754,0.0002253744285553694,0.13892939873039722,1.3846645116806031,0.9430014491081238,1.2850012108683586
240,1,layer_3.mlp_down,0.21542659401893616,0.009815853473857031,0.011643311940133572,0.026914678514003754,0.007666572615789846,0.10903697982430458,1.3846645116806031,0.9430014491081238,1.2850012108683586
240,1,layer_4.attn_o,0.06287243962287903,0.0034188382375558695,0.0466034933924675,0.026914678514003754,-0.010638388514053077,0.14611772820353508,1.3846645116806031,0.9430014491081238,1.2850012108683586
240,1,layer_4.mlp_down,0.1858140081167221,0.005872865062982972,0.028892412781715393,0.026914678514003754,-0.0015670826658606529,0.17714810483157634,1.3846645116806031,0.9430014491081238,1.2850012108683586
240,1,layer_5.attn_o,0.05132332444190979,0.0020319749801186882,0.2746536135673523,0.026914678514003754,-0.05053901430219412,0.3699134513735771,1.3846645116806031,0.9430014491081238,1.2850012108683586
240,1,layer_5.mlp_down,0.20044587552547455,0.00808117574905971,0.005753338802605867,0.026914678514003754,0.0015642157930415123,0.09643900990486146,1.3846645116806031,0.9430014491081238,1.2850012108683586
240,1,layer_6.attn_o,0.059465959668159485,0.0032342770500308057,0.0002458941307850182,0.026914678514003754,-0.003932910831645131,0.14176810421049596,1.3846645116806031,0.9430014491081238,1.2850012108683586
240,1,layer_6.mlp_down,0.2044336497783661,0.008745138121589412,0.01386638730764389,0.026914678514003754,0.0003789118374697864,0.1433251090347767,1.3846645116806031,0.9430014491081238,1.2850012108683586
240,1,layer_7.attn_o,0.04665229842066765,0.0014758621305470307,0.016030369326472282,0.026914678514003754,-0.001897570164874196,0.22733500450849534,1.3846645116806031,0.9430014491081238,1.2850012108683586
240,1,layer_7.mlp_down,0.18242605030536652,0.0059652266177087285,-0.0007121585076674819,0.026914678514003754,0.00095268446020782,0.19147001057863236,1.3846645116806031,0.9430014491081238,1.2850012108683586
240,1,layer_8.attn_o,0.04960663616657257,0.0015813138175238826,0.00731966458261013,0.026914678514003754,0.0007460720371454954,0.219852077960968,1.3846645116806031,0.9430014491081238,1.2850012108683586
240,1,layer_8.mlp_down,0.18252968788146973,0.005917455810208133,0.007421351037919521,0.026914678514003754,0.0012335888110101222,0.23503754585981368,1.3846645116806031,0.9430014491081238,1.2850012108683586
240,1,layer_9.attn_o,0.04713883996009827,0.0015712493119437888,0.010224648751318455,0.026914678514003754,-0.007788469875231385,0.3262521356344223,1.3846645116806031,0.9430014491081238,1.2850012108683586
240,1,layer_9.mlp_down,0.21642586588859558,0.010964055125957658,0.013015639036893845,0.026914678514003754,0.00046071905526332555,0.31773931682109835,1.3846645116806031,0.9430014491081238,1.2850012108683586
240,1,layer_10.attn_o,0.05913795903325081,0.0032165169322749265,0.01852264255285263,0.026914678514003754,-0.0070510743535123765,0.4031113624572754,1.3846645116806031,0.9430014491081238,1.2850012108683586
240,1,layer_10.mlp_down,0.17788273096084595,0.0053112416581325775,0.10876130312681198,0.026914678514003754,0.02102049170061946,0.42840600609779356,1.3846645116806031,0.9430014491081238,1.2850012108683586
240,1,layer_11.attn_o,0.05502496659755707,0.002292031331323856,0.03993868827819824,0.026914678514003754,0.009652513731271028,0.5744420528411865,1.3846645116806031,0.9430014491081238,1.2850012108683586
240,1,layer_11.mlp_down,0.2261420488357544,0.012609708130613061,0.05794117599725723,0.026914678514003754,-0.0011718215420842171,0.4070372372865677,1.3846645116806031,0.9430014491081238,1.2850012108683586
240,1,layer_12.attn_o,0.05128725618124008,0.0018479830077823525,0.014807811938226223,0.026914678514003754,-0.008408371731638909,0.36716814041137696,1.3846645116806031,0.9430014491081238,1.2850012108683586
240,1,layer_12.mlp_down,0.1997150182723999,0.007420253745747851,0.03229537978768349,0.026914678514003754,0.0008674439508467912,0.28997539132833483,1.3846645116806031,0.9430014491081238,1.2850012108683586
240,1,layer_13.attn_o,0.06032159924507141,0.0031321809105657903,0.006331869401037693,0.026914678514003754,-0.002162074658554047,0.24730890542268752,1.3846645116806031,0.9430014491081238,1.2850012108683586
240,1,layer_13.mlp_down,0.21476736664772034,0.01021023046703161,0.029530782252550125,0.026914678514003754,-0.0006197064882144332,0.25385970175266265,1.3846645116806031,0.9430014491081238,1.2850012108683586
240,1,layer_14.attn_o,0.050956130027770996,0.0017798472841721097,0.0014666152419522405,0.026914678514003754,-0.0005924429278820753,0.27730665653944014,1.3846645116806031,0.9430014491081238,1.2850012108683586
240,1,layer_14.mlp_down,0.20926617085933685,0.00937056053854417,0.022219877690076828,0.026914678514003754,-0.005422649868705776,0.30499427765607834,1.3846645116806031,0.9430014491081238,1.2850012108683586
240,1,layer_15.attn_o,0.06079215556383133,0.003306409882802486,0.03483160212635994,0.026914678514003754,-0.001955839619040489,0.43823312520980834,1.3846645116806031,0.9430014491081238,1.2850012108683586
240,1,layer_15.mlp_down,0.19969439506530762,0.007843596340881496,0.02615097165107727,0.026914678514003754,-0.006539469675044529,0.17303494289517402,1.3846645116806031,0.9430014491081238,1.2850012108683586
240,1,layer_16.attn_o,0.05605819821357727,0.0025041097197893874,0.01829141564667225,0.026914678514003754,-0.012355081425630488,0.21161157563328742,1.3846645116806031,0.9430014491081238,1.2850012108683586
240,1,layer_16.mlp_down,0.18673036992549896,0.005688456824568119,0.04360578581690788,0.026914678514003754,-0.0015419751056469978,0.15158952176570892,1.3846645116806031,0.9430014491081238,1.2850012108683586
240,1,layer_17.attn_o,0.060016732662916183,0.0034761252629651523,0.04681005701422691,0.026914678514003754,0.008851334569044411,0.4065130054950714,1.3846645116806031,0.9430014491081238,1.2850012108683586
240,1,layer_17.mlp_down,0.20490817725658417,0.008302313464194643,0.04034062474966049,0.026914678514003754,-0.004945707553997636,0.165195332467556,1.3846645116806031,0.9430014491081238,1.2850012108683586
240,1,layer_18.attn_o,0.05927680805325508,0.003076901058340148,0.014999115839600563,0.026914678514003754,-0.001215799991041422,0.18010856956243515,1.3846645116806031,0.9430014491081238,1.2850012108683586
240,1,layer_18.mlp_down,0.2014840692281723,0.007999267563611946,0.022776901721954346,0.026914678514003754,-0.0009300149977207184,0.2108019232749939,1.3846645116806031,0.9430014491081238,1.2850012108683586
240,1,layer_19.attn_o,0.06268901377916336,0.00360496114274835,0.012316343374550343,0.026914678514003754,-0.001149489771341905,0.16756848022341728,1.3846645116806031,0.9430014491081238,1.2850012108683586
240,1,layer_19.mlp_down,0.20068618655204773,0.008313481537120535,0.025507360696792603,0.026914678514003754,-0.002303489530459046,0.190542471408844,1.3846645116806031,0.9430014491081238,1.2850012108683586
240,1,layer_20.attn_o,0.04706307128071785,0.0015364641661921264,0.0175990741699934,0.026914678514003754,-0.003356559423264116,0.35076073110103606,1.3846645116806031,0.9430014491081238,1.2850012108683586
240,1,layer_20.mlp_down,0.2193480283021927,0.011824096307979844,0.03071228787302971,0.026914678514003754,-0.001484344364143908,0.2454547792673111,1.3846645116806031,0.9430014491081238,1.2850012108683586
240,1,layer_21.attn_o,0.045782532542943954,0.0018493517833112032,0.11302969604730606,0.026914678514003754,0.0024460917338728905,0.5523570567369461,1.3846645116806031,0.9430014491081238,1.2850012108683586
240,1,layer_21.mlp_down,0.1824146956205368,0.006152091844594848,0.03752925619482994,0.026914678514003754,-0.005366078950464726,0.16840606033802033,1.3846645116806031,0.9430014491081238,1.2850012108683586
240,1,layer_22.attn_o,0.047610681504011154,0.0016924644035148854,0.02411550097167492,0.026914678514003754,-0.004917127545922995,0.1633194826543331,1.3846645116806031,0.9430014491081238,1.2850012108683586
240,1,layer_22.mlp_down,0.18521536886692047,0.006448349315442594,0.023618685081601143,0.026914678514003754,-0.0024519254919141533,0.18607863262295724,1.3846645116806031,0.9430014491081238,1.2850012108683586
240,1,layer_23.attn_o,0.04960641637444496,0.002266628578301884,0.04245225340127945,0.026914678514003754,-0.004692626325413585,0.29393889755010605,1.3846645116806031,0.9430014491081238,1.2850012108683586
240,1,layer_23.mlp_down,0.17598038911819458,0.005428614495579365,0.016236931085586548,0.026914678514003754,-0.003208994260057807,0.203954342007637,1.3846645116806031,0.9430014491081238,1.2850012108683586
240,1,layer_24.attn_o,0.05565110221505165,0.0029088261899712724,0.03356672823429108,0.026914678514003754,-0.007133363233879209,0.4034156560897827,1.3846645116806031,0.9430014491081238,1.2850012108683586
240,1,layer_24.mlp_down,0.2053031027317047,0.009101444659855384,0.03126385807991028,0.026914678514003754,-0.00309248729608953,0.21893014311790465,1.3846645116806031,0.9430014491081238,1.2850012108683586
240,1,layer_25.attn_o,0.05201992392539978,0.0023911628619477693,0.026008404791355133,0.026914678514003754,0.02083356073126197,0.2668940141797066,1.3846645116806031,0.9430014491081238,1.2850012108683586
240,1,layer_25.mlp_down,0.2236216515302658,0.01214148364031272,-0.00832491647452116,0.026914678514003754,0.01917004082351923,0.11521167065948248,1.3846645116806031,0.9430014491081238,1.2850012108683586
260,2,layer_0.attn_o,0.04648956283926964,0.0022806437999458615,0.01777065545320511,0.056310784071683884,0.0033074229955673217,0.11683206837624312,1.230635678768158,0.9349103420972824,1.2767863869667053
260,2,layer_0.mlp_down,0.1515524834394455,0.0046545764656436206,0.006493173073977232,0.056310784071683884,-0.007333141146227717,0.06664455868303776,1.230635678768158,0.9349103420972824,1.2767863869667053
260,2,layer_1.attn_o,0.04552076384425163,0.0018861594309096035,-0.1760028749704361,0.056310784071683884,-0.006075889524072409,0.12974162213504314,1.230635678768158,0.9349103420972824,1.2767863869667053
260,2,layer_1.mlp_down,0.19459007680416107,0.01033867013684785,0.012093964032828808,0.056310784071683884,-0.0014389633550308644,0.07760062087327242,1.230635678768158,0.9349103420972824,1.2767863869667053
260,2,layer_2.attn_o,0.04528776556253433,0.001989974296367547,0.03948289528489113,0.056310784071683884,0.0009522704698611051,0.12272676303982735,1.230635678768158,0.9349103420972824,1.2767863869667053
260,2,layer_2.mlp_down,0.20071934163570404,0.010882295045040031,0.03712083771824837,0.056310784071683884,-0.0009825280052609743,0.10265100784599782,1.230635678768158,0.9349103420972824,1.2767863869667053
260,2,layer_3.attn_o,0.043688785284757614,0.0019410174112639896,0.029732657596468925,0.056310784071683884,-0.0055313270539045336,0.11641766875982285,1.230635678768158,0.9349103420972824,1.2767863869667053
260,2,layer_3.mlp_down,0.1823374629020691,0.008308019134177424,0.020558981224894524,0.056310784071683884,0.008117701672017575,0.08786268085241318,1.230635678768158,0.9349103420972824,1.2767863869667053
260,2,layer_4.attn_o,0.05397805571556091,0.0029351822470305923,0.012346819043159485,0.056310784071683884,-0.009107990143820643,0.11226916387677192,1.230635678768158,0.9349103420972824,1.2767863869667053
260,2,layer_4.mlp_down,0.15620239078998566,0.004936929114153201,0.038918156176805496,0.056310784071683884,-0.0028977551904972644,0.140648502856493,1.230635678768158,0.9349103420972824,1.2767863869667053
260,2,layer_5.attn_o,0.042625028640031815,0.0016875939701875835,-0.08601853996515274,0.056310784071683884,0.002722840409114724,0.30265802666544916,1.230635678768158,0.9349103420972824,1.2767863869667053
260,2,layer_5.mlp_down,0.16834773123264313,0.006787034968502802,0.02238304726779461,0.056310784071683884,0.0014083613059483469,0.09998565539717674,1.230635678768158,0.9349103420972824,1.2767863869667053
260,2,layer_6.attn_o,0.04990588501095772,0.0027143132268797427,0.0037828548811376095,0.056310784071683884,-0.005086871818639338,0.14269442185759545,1.230635678768158,0.9349103420972824,1.2767863869667053
260,2,layer_6.mlp_down,0.17433391511440277,0.007457473343344176,0.021417707204818726,0.056310784071683884,-0.00296826739795506,0.13771543838083744,1.230635678768158,0.9349103420972824,1.2767863869667053
260,2,layer_7.attn_o,0.03878801316022873,0.0012270733966431072,0.009337584488093853,0.056310784071683884,-0.00264606478594942,0.2159300208091736,1.230635678768158,0.9349103420972824,1.2767863869667053
260,2,layer_7.mlp_down,0.1538144052028656,0.005029622563977598,0.036022160202264786,0.056310784071683884,0.013787867780774832,0.1785604402422905,1.230635678768158,0.9349103420972824,1.2767863869667053
260,2,layer_8.attn_o,0.04055928811430931,0.00129291117840442,0.007663171272724867,0.056310784071683884,-0.002328415773808956,0.21744226217269896,1.230635678768158,0.9349103420972824,1.2767863869667053
260,2,layer_8.mlp_down,0.15292806923389435,0.004957793982574734,0.04280627891421318,0.056310784071683884,0.011780375715534318,0.22301866114139557,1.230635678768158,0.9349103420972824,1.2767863869667053
260,2,layer_9.attn_o,0.03949744999408722,0.0013165439161423448,0.0215896125882864,0.056310784071683884,0.004279736801981926,0.31546987444162367,1.230635678768158,0.9349103420972824,1.2767863869667053
260,2,layer_9.mlp_down,0.1829240322113037,0.009266606625199517,0.03924170508980751,0.056310784071683884,0.011972646927461028,0.29351276755332945,1.230635678768158,0.9349103420972824,1.2767863869667053
260,2,layer_10.attn_o,0.04847477748990059,0.0026365442447102466,0.012671111151576042,0.056310784071683884,0.017776746745221318,0.38211030662059786,1.230635678768158,0.9349103420972824,1.2767863869667053
260,2,layer_10.mlp_down,0.1477610468864441,0.0044118546319454515,0.20680586993694305,0.056310784071683884,0.03199306393507868,0.3894210189580917,1.230635678768158,0.9349103420972824,1.2767863869667053
260,2,layer_11.attn_o,0.04271427541971207,0.00177923701931194,0.12985260784626007,0.056310784071683884,0.012218534760177136,0.5597168326377868,1.230635678768158,0.9349103420972824,1.2767863869667053
260,2,layer_11.mlp_down,0.192477747797966,0.010732122627011202,0.10601438581943512,0.056310784071683884,0.015255809156224131,0.38848080337047575,1.230635678768158,0.9349103420972824,1.2767863869667053
260,2,layer_12.attn_o,0.04351186007261276,0.0015678194142881724,0.013636043295264244,0.056310784071683884,0.016189489187672733,0.34598567336797714,1.230635678768158,0.9349103420972824,1.2767863869667053
260,2,layer_12.mlp_down,0.1698753386735916,0.006311544213711378,0.060107916593551636,0.056310784071683884,0.011827461048960685,0.27243506610393525,1.230635678768158,0.9349103420972824,1.2767863869667053
260,2,layer_13.attn_o,0.05113208293914795,0.002655016460684719,0.015204041264951229,0.056310784071683884,0.010269270977005363,0.2337778091430664,1.230635678768158,0.9349103420972824,1.2767863869667053
260,2,layer_13.mlp_down,0.18434728682041168,0.008763872454605675,0.034002698957920074,0.056310784071683884,0.00428390969755128,0.2476010724902153,1.230635678768158,0.9349103420972824,1.2767863869667053
260,2,layer_14.attn_o,0.04314635694026947,0.0015070593240059636,0.02356909029185772,0.056310784071683884,0.0022136648185551167,0.2688720390200615,1.230635678768158,0.9349103420972824,1.2767863869667053
260,2,layer_14.mlp_down,0.18180856108665466,0.00814093955167425,0.047512687742710114,0.056310784071683884,0.0002725508064031601,0.297523221373558,1.230635678768158,0.9349103420972824,1.2767863869667053
260,2,layer_15.attn_o,0.05087140575051308,0.0027668263000248197,0.08481193333864212,0.056310784071683884,0.0025736400857567787,0.439545339345932,1.230635678768158,0.9349103420972824,1.2767863869667053
260,2,layer_15.mlp_down,0.17159420251846313,0.0067397921660744915,0.048388391733169556,0.056310784071683884,0.0001859961077570915,0.17252683341503144,1.230635678768158,0.9349103420972824,1.2767863869667053
260,2,layer_16.attn_o,0.04745330289006233,0.00211973184404506,0.02868661843240261,0.056310784071683884,0.002572232112288475,0.2029333934187889,1.230635678768158,0.9349103420972824,1.2767863869667053
260,2,layer_16.mlp_down,0.1578412801027298,0.00480837674375228,0.07062588632106781,0.056310784071683884,-0.005536869377829134,0.16066040918231012,1.230635678768158,0.9349103420972824,1.2767863869667053
260,2,layer_17.attn_o,0.048762835562229156,0.0028243043412828532,0.029245872050523758,0.056310784071683884,-0.00043694325722754,0.40539330542087554,1.230635678768158,0.9349103420972824,1.2767863869667053
260,2,layer_17.mlp_down,0.17407946288585663,0.0070531645878370176,0.05560281127691269,0.056310784071683884,-0.005479163106065244,0.16797974556684495,1.230635678768158,0.9349103420972824,1.2767863869667053
260,2,layer_18.attn_o,0.04844037443399429,0.002514411179853181,0.011860685423016548,0.056310784071683884,-0.002483694435795769,0.1757867768406868,1.230635678768158,0.9349103420972824,1.2767863869667053
260,2,layer_18.mlp_down,0.1707003116607666,0.006777025524821681,0.045558735728263855,0.056310784071683884,-0.005862694303505123,0.2105572521686554,1.230635678768158,0.9349103420972824,1.2767863869667053
260,2,layer_19.attn_o,0.05492584779858589,0.003158541491721867,0.02051781676709652,0.056310784071683884,-0.006666107499040663,0.15742761194705962,1.230635678768158,0.9349103420972824,1.2767863869667053
260,2,layer_19.mlp_down,0.17192527651786804,0.007121982435626131,0.045284610241651535,0.056310784071683884,-0.006864036025945097,0.19215202778577806,1.230635678768158,0.9349103420972824,1.2767863869667053
260,2,layer_20.attn_o,0.040865957736968994,0.0013341470182973369,0.03327655419707298,0.056310784071683884,-0.016225231369026004,0.3313664495944977,1.230635678768158,0.9349103420972824,1.2767863869667053
260,2,layer_20.mlp_down,0.19059541821479797,0.010273850445485943,0.04988635703921318,0.056310784071683884,-0.008525882847607136,0.2387621134519577,1.230635678768158,0.9349103420972824,1.2767863869667053
260,2,layer_21.attn_o,0.037910398095846176,0.0015313634008523903,0.22492845356464386,0.056310784071683884,-0.010597293544560672,0.5571595966815949,1.230635678768158,0.9349103420972824,1.2767863869667053
260,2,layer_21.mlp_down,0.159620463848114,0.005383308805588722,0.05100184306502342,0.056310784071683884,-0.010258845041971654,0.16422974541783333,1.230635678768158,0.9349103420972824,1.2767863869667053
260,2,layer_22.attn_o,0.04008684679865837,0.00142500627405115,0.0443640798330307,0.056310784071683884,-0.01258816032204777,0.1544019401073456,1.230635678768158,0.9349103420972824,1.2767863869667053
260,2,layer_22.mlp_down,0.1630191206932068,0.005675555184499739,0.05030135437846184,0.056310784071683884,-0.008552279998548329,0.18106130212545396,1.230635678768158,0.9349103420972824,1.2767863869667053
260,2,layer_23.attn_o,0.0424112007021904,0.0019378633518252468,0.09400312602519989,0.056310784071683884,-0.006599717639619485,0.258515664935112,1.230635678768158,0.9349103420972824,1.2767863869667053
260,2,layer_23.mlp_down,0.15371809899806976,0.004741868749392356,0.06174428015947342,0.056310784071683884,-0.012502192590909544,0.20055680871009826,1.230635678768158,0.9349103420972824,1.2767863869667053
260,2,layer_24.attn_o,0.04668572545051575,0.002440214630182238,0.120749332010746,0.056310784071683884,-0.0030937964096665383,0.3967976182699203,1.230635678768158,0.9349103420972824,1.2767863869667053
260,2,layer_24.mlp_down,0.1783621609210968,0.007907000747719245,0.11482615023851395,0.056310784071683884,-0.01917056958191097,0.22314136028289794,1.230635678768158,0.9349103420972824,1.2767863869667053
260,2,layer_25.attn_o,0.04469123110175133,0.0020542893284854966,0.15381982922554016,0.056310784071683884,-0.021342573780566455,0.2671017974615097,1.230635678768158,0.9349103420972824,1.2767863869667053
260,2,layer_25.mlp_down,0.19478437304496765,0.010575318254367024,0.040435291826725006,0.056310784071683884,-0.05442109890282154,0.15591128692030906,1.230635678768158,0.9349103420972824,1.2767863869667053
280,2,layer_0.attn_o,0.03899338096380234,0.0019128995267613494,0.1836083084344864,0.029965097084641457,0.03686633575707674,0.11557465922087432,1.2098000466823577,0.9254237040877342,1.2655034959316254
280,2,layer_0.mlp_down,0.1298811137676239,0.003988981266082162,0.0035972429905086756,0.029965097084641457,0.001957040373235941,0.08642474748194218,1.2098000466823577,0.9254237040877342,1.2655034959316254
280,2,layer_1.attn_o,0.03760688006877899,0.0015582462662473782,0.11870656162500381,0.029965097084641457,0.03866638001054525,0.1592162936925888,1.2098000466823577,0.9254237040877342,1.2655034959316254
280,2,layer_1.mlp_down,0.16269779205322266,0.008644010911048631,-0.002862446941435337,0.029965097084641457,5.0363014452159405e-05,0.08219791911542415,1.2098000466823577,0.9254237040877342,1.2655034959316254
280,2,layer_2.attn_o,0.03797568380832672,0.00166867673996389,0.05037565156817436,0.029965097084641457,0.012966109928674996,0.14282679557800293,1.2098000466823577,0.9254237040877342,1.2655034959316254
280,2,layer_2.mlp_down,0.16863411664962769,0.009142493893049313,-0.004122646059840918,0.029965097084641457,0.0078870409168303,0.12266394458711147,1.2098000466823577,0.9254237040877342,1.2655034959316254
280,2,layer_3.attn_o,0.03660495579242706,0.0016262950793561701,-0.007431389763951302,0.029965097084641457,0.015669078659266235,0.1286201886832714,1.2098000466823577,0.9254237040877342,1.2655034959316254
280,2,layer_3.mlp_down,0.15508797764778137,0.007066353102191601,0.011633611284196377,0.029965097084641457,-0.004137679724954069,0.1081723377108574,1.2098000466823577,0.9254237040877342,1.2655034959316254
280,2,layer_4.attn_o,0.04461100324988365,0.0024258269962757193,-0.0018296532798558474,0.029965097084641457,0.01377403005026281,0.13960885386914015,1.2098000466823577,0.9254237040877342,1.2655034959316254
280,2,layer_4.mlp_down,0.134277805685997,0.0042439622572893135,0.04252491146326065,0.029965097084641457,0.009560493845492601,0.16469575539231301,1.2098000466823577,0.9254237040877342,1.2655034959316254
280,2,layer_5.attn_o,0.03696996346116066,0.0014636996687554284,-0.07330192625522614,0.029965097084641457,0.024883779883384704,0.3549529671669006,1.2098000466823577,0.9254237040877342,1.2655034959316254
280,2,layer_5.mlp_down,0.1459328979253769,0.005883331060113868,0.007440667599439621,0.029965097084641457,0.000864701857790351,0.10533964149653911,1.2098000466823577,0.9254237040877342,1.2655034959316254
280,2,layer_6.attn_o,0.043011583387851715,0.0023393398372836714,0.0015126983635127544,0.029965097084641457,0.011084710760042072,0.15170624144375325,1.2098000466823577,0.9254237040877342,1.2655034959316254
280,2,layer_6.mlp_down,0.1513223797082901,0.006473039778514764,0.013666030019521713,0.029965097084641457,0.009496063040569425,0.15307208597660066,1.2098000466823577,0.9254237040877342,1.2655034959316254
280,2,layer_7.attn_o,0.03309054300189018,0.0010468313414228583,-0.0035610219929367304,0.029965097084641457,0.01900371992960572,0.23355572447180747,1.2098000466823577,0.9254237040877342,1.2655034959316254
280,2,layer_7.mlp_down,0.13256478309631348,0.004334754902364205,0.01645277999341488,0.029965097084641457,0.01406366708688438,0.2021329768002033,1.2098000466823577,0.9254237040877342,1.2655034959316254
280,2,layer_8.attn_o,0.03475629538297653,0.0011079287854838507,0.0015079239383339882,0.029965097084641457,0.0179771461058408,0.2338501423597336,1.2098000466823577,0.9254237040877342,1.2655034959316254
280,2,layer_8.mlp_down,0.13082149624824524,0.004241098066998538,0.031778883188962936,0.029965097084641457,0.025262812664732338,0.25270872563123703,1.2098000466823577,0.9254237040877342,1.2655034959316254
280,2,layer_9.attn_o,0.03358761966228485,0.0011195554336970721,0.010292327962815762,0.029965097084641457,0.021823878458235413,0.3462278723716736,1.2098000466823577,0.9254237040877342,1.2655034959316254
280,2,layer_9.mlp_down,0.1563452035188675,0.007920057870735655,0.026634790003299713,0.029965097084641457,0.026926777279004454,0.3263153672218323,1.2098000466823577,0.9254237040877342,1.2655034959316254
280,2,layer_10.attn_o,0.04084650054574013,0.0022216400148104116,0.004165331833064556,0.029965097084641457,0.03451837814791361,0.4149217247962952,1.2098000466823577,0.9254237040877342,1.2655034959316254
280,2,layer_10.mlp_down,0.1254487782716751,0.00374564643695592,0.07599865645170212,0.029965097084641457,0.054119727574288845,0.43604032397270204,1.2098000466823577,0.9254237040877342,1.2655034959316254
280,2,layer_11.attn_o,0.03651879355311394,0.0015211668026475238,0.08773646503686905,0.029965097084641457,0.06416172962635755,0.6069403648376465,1.2098000466823577,0.9254237040877342,1.2655034959316254
280,2,layer_11.mlp_down,0.16356946527957916,0.009120069352453623,0.06297723948955536,0.029965097084641457,0.024999594129621983,0.4214689463376999,1.2098000466823577,0.9254237040877342,1.2655034959316254
280,2,layer_12.attn_o,0.036141782999038696,0.0013022606059547635,0.010924209840595722,0.029965097084641457,0.021337807551026343,0.39966513514518737,1.2098000466823577,0.9254237040877342,1.2655034959316254
280,2,layer_12.mlp_down,0.14295804500579834,0.0053114548443135715,0.0319480262696743,0.029965097084641457,0.017117375216912478,0.29482782632112503,1.2098000466823577,0.9254237040877342,1.2655034959316254
280,2,layer_13.attn_o,0.042341794818639755,0.002198584316492288,0.005399289075285196,0.029965097084641457,0.007507892046123743,0.257936654984951,1.2098000466823577,0.9254237040877342,1.2655034959316254
280,2,layer_13.mlp_down,0.15521198511123657,0.007378697530709925,0.016260920092463493,0.029965097084641457,0.0056017454713583,0.25372406393289565,1.2098000466823577,0.9254237040877342,1.2655034959316254
280,2,layer_14.attn_o,0.03578493371605873,0.0012499328004380748,0.00870699156075716,0.029965097084641457,0.006373468437232077,0.30874540507793424,1.2098000466823577,0.9254237040877342,1.2655034959316254
280,2,layer_14.mlp_down,0.1525888592004776,0.006832507756341375,0.022623352706432343,0.029965097084641457,0.01067368455696851,0.31256339997053145,1.2098000466823577,0.9254237040877342,1.2655034959316254
280,2,layer_15.attn_o,0.042361270636320114,0.0023039680855843903,0.04532833769917488,0.029965097084641457,0.031192594766616823,0.47273719906806944,1.2098000466823577,0.9254237040877342,1.2655034959316254
280,2,layer_15.mlp_down,0.1444205343723297,0.005672448954632519,0.02754349634051323,0.029965097084641457,0.011054672580212355,0.19825751855969428,1.2098000466823577,0.9254237040877342,1.2655034959316254
280,2,layer_16.attn_o,0.03889550641179085,0.0017374571132725359,0.016088467091321945,0.029965097084641457,0.012256120756501333,0.23196142241358758,1.2098000466823577,0.9254237040877342,1.2655034959316254
280,2,layer_16.mlp_down,0.13240419328212738,0.004033467605414112,0.03204280510544777,0.029965097084641457,0.014106326599721797,0.1841687299311161,1.2098000466823577,0.9254237040877342,1.2655034959316254
280,2,layer_17.attn_o,0.04107755795121193,0.0023791779093832914,0.023389728739857674,0.029965097084641457,0.012239824916468934,0.4545606702566147,1.2098000466823577,0.9254237040877342,1.2655034959316254
280,2,layer_17.mlp_down,0.148142009973526,0.006002219319307395,0.014936140738427639,0.029965097084641457,0.012346170144155622,0.19890239387750625,1.2098000466823577,0.9254237040877342,1.2655034959316254
280,2,layer_18.attn_o,0.039671484380960464,0.002059238940750775,0.008014495484530926,0.029965097084641457,0.0029602100257761776,0.2092740997672081,1.2098000466823577,0.9254237040877342,1.2655034959316254
280,2,layer_18.mlp_down,0.14715133607387543,0.005842083155981159,0.028685392811894417,0.029965097084641457,0.010215015150606632,0.24207502901554107,1.2098000466823577,0.9254237040877342,1.2655034959316254
280,2,layer_19.attn_o,0.04527278617024422,0.002603429378088862,0.00680195726454258,0.029965097084641457,0.005415208323393017,0.20667412951588632,1.2098000466823577,0.9254237040877342,1.2655034959316254
280,2,layer_19.mlp_down,0.1487777978181839,0.006163054364397545,0.02781142108142376,0.029965097084641457,0.006945369823370129,0.222231687605381,1.2098000466823577,0.9254237040877342,1.2655034959316254
280,2,layer_20.attn_o,0.03392716124653816,0.0011076167921402799,0.02256433479487896,0.029965097084641457,0.019437840781756678,0.3683162868022919,1.2098000466823577,0.9254237040877342,1.2655034959316254
280,2,layer_20.mlp_down,0.16525335609912872,0.008907605614945156,0.030515557155013084,0.029965097084641457,0.014792038453742861,0.26577692925930024,1.2098000466823577,0.9254237040877342,1.2655034959316254
280,2,layer_21.attn_o,0.03345846012234688,0.001351529823491931,0.15015554428100586,0.029965097084641457,0.046039194660261275,0.5678827285766601,1.2098000466823577,0.9254237040877342,1.2655034959316254
280,2,layer_21.mlp_down,0.13664314150810242,0.004608369627921536,0.026945115998387337,0.029965097084641457,0.011522122065071017,0.17880226969718932,1.2098000466823577,0.9254237040877342,1.2655034959316254
280,2,layer_22.attn_o,0.03346413001418114,0.001189581692445534,0.02501986362040043,0.029965097084641457,0.012815304077230394,0.17489018589258193,1.2098000466823577,0.9254237040877342,1.2655034959316254
280,2,layer_22.mlp_down,0.13959677517414093,0.004860086922572896,0.027630336582660675,0.029965097084641457,0.01395880205091089,0.19656548649072647,1.2098000466823577,0.9254237040877342,1.2655034959316254
280,2,layer_23.attn_o,0.03524969518184662,0.0016106363386675382,0.05611472204327583,0.029965097084641457,0.024600657681003214,0.31518482118844987,1.2098000466823577,0.9254237040877342,1.2655034959316254
280,2,layer_23.mlp_down,0.1314711570739746,0.004055585176893787,0.04319019243121147,0.029965097084641457,0.018861892246059143,0.21286913752555847,1.2098000466823577,0.9254237040877342,1.2655034959316254
280,2,layer_24.attn_o,0.03926907107234001,0.0020525539738960132,0.07496851682662964,0.029965097084641457,0.046402995195239785,0.42795604169368745,1.2098000466823577,0.9254237040877342,1.2655034959316254
280,2,layer_24.mlp_down,0.15472063422203064,0.006858883068881278,0.0869036316871643,0.029965097084641457,0.024767137481831014,0.23313986212015153,1.2098000466823577,0.9254237040877342,1.2655034959316254
280,2,layer_25.attn_o,0.037566110491752625,0.001726773181179121,0.11550471931695938,0.029965097084641457,0.040196158643811944,0.2773056194186211,1.2098000466823577,0.9254237040877342,1.2655034959316254
280,2,layer_25.mlp_down,0.16787981986999512,0.009114307196726956,0.01686408370733261,0.029965097084641457,0.028742884914390743,0.13308341279625893,1.2098000466823577,0.9254237040877342,1.2655034959316254
300,2,layer_0.attn_o,0.031446512788534164,0.0015426719979259715,0.24360916018486023,0.05026482418179512,0.009721919056028127,0.1688556857407093,1.1369301617145537,0.9232121556997299,1.2652844786643982
300,2,layer_0.mlp_down,0.10285007953643799,0.003158784242920047,0.016320332884788513,0.05026482418179512,-0.00046376290265470743,0.0810241423547268,1.1369301617145537,0.9232121556997299,1.2652844786643982
300,2,layer_1.attn_o,0.030108846724033356,0.0012475650084831686,0.23388789594173431,0.05026482418179512,0.017974812397733332,0.18127307221293448,1.1369301617145537,0.9232121556997299,1.2652844786643982
300,2,layer_1.mlp_down,0.13247287273406982,0.007038093892273545,-0.0030518812127411366,0.05026482418179512,-0.0011500214197440073,0.07924693636596203,1.1369301617145537,0.9232121556997299,1.2652844786643982
300,2,layer_2.attn_o,0.03001449815928936,0.001318857071553337,0.05236189067363739,0.05026482418179512,0.003932673874078319,0.12563441917300225,1.1369301617145537,0.9232121556997299,1.2652844786643982
300,2,layer_2.mlp_down,0.13858145475387573,0.007513035847215788,0.019725358113646507,0.05026482418179512,-0.001323261414654553,0.11443365067243576,1.1369301617145537,0.9232121556997299,1.2652844786643982
300,2,layer_3.attn_o,0.02928401157259941,0.001301037377137301,0.015650803223252296,0.05026482418179512,-0.0016985128400847315,0.13244218304753302,1.1369301617145537,0.9232121556997299,1.2652844786643982
300,2,layer_3.mlp_down,0.12389472126960754,0.005645044905977242,0.014135219156742096,0.05026482418179512,-0.0015703743556514382,0.09573176689445972,1.1369301617145537,0.9232121556997299,1.2652844786643982
300,2,layer_4.attn_o,0.035435985773801804,0.0019269126954807522,0.035931624472141266,0.05026482418179512,0.004145886952755973,0.12696686647832395,1.1369301617145537,0.9232121556997299,1.2652844786643982
300,2,layer_4.mlp_down,0.10611781477928162,0.003353930283943096,0.03507094457745552,0.05026482418179512,-0.004524353239685297,0.14821436405181884,1.1369301617145537,0.9232121556997299,1.2652844786643982
300,2,layer_5.attn_o,0.029317032545804977,0.0011607076082041847,0.34696805477142334,0.05026482418179512,0.03393173515796662,0.32763961553573606,1.1369301617145537,0.9232121556997299,1.2652844786643982
300,2,layer_5.mlp_down,0.11627000570297241,0.004687434759469824,0.02353566139936447,0.05026482418179512,-0.0007976777385920286,0.08120921812951565,1.1369301617145537,0.9232121556997299,1.2652844786643982
300,2,layer_6.attn_o,0.03413869068026543,0.001856754269840871,-0.006367188412696123,0.05026482418179512,-0.005112142744474113,0.11765145175158978,1.1369301617145537,0.9232121556997299,1.2652844786643982
300,2,layer_6.mlp_down,0.12147200852632523,0.005196109309997486,0.011021713726222515,0.05026482418179512,-0.004879216908011586,0.1184227004647255,1.1369301617145537,0.9232121556997299,1.2652844786643982
300,2,layer_7.attn_o,0.026688847690820694,0.0008443113861146455,0.0014100067783147097,0.05026482418179512,-0.002471699436136987,0.19217118695378305,1.1369301617145537,0.9232121556997299,1.2652844786643982
300,2,layer_7.mlp_down,0.10675624758005142,0.00349082547888508,0.03632041811943054,0.05026482418179512,-0.007476792065426707,0.1583425685763359,1.1369301617145537,0.9232121556997299,1.2652844786643982
300,2,layer_8.attn_o,0.028259672224521637,0.0009008351049884159,0.01161535270512104,0.05026482418179512,-0.011928045935928822,0.17142021134495736,1.1369301617145537,0.9232121556997299,1.2652844786643982
300,2,layer_8.mlp_down,0.1059967502951622,0.0034362945542383027,0.025300178676843643,0.05026482418179512,-0.00855786909814924,0.20128168612718583,1.1369301617145537,0.9232121556997299,1.2652844786643982
300,2,layer_9.attn_o,0.027448002249002457,0.0009149072907607377,0.008997054770588875,0.05026482418179512,0.00044463276863098143,0.28355238437652586,1.1369301617145537,0.9232121556997299,1.2652844786643982
300,2,layer_9.mlp_down,0.12800045311450958,0.006484130919408798,0.04457859694957733,0.05026482418179512,-0.004833760240580886,0.26578822582960127,1.1369301617145537,0.9232121556997299,1.2652844786643982
300,2,layer_10.attn_o,0.03365850821137428,0.0018306841745958052,0.019937625154852867,0.05026482418179512,-0.00086086206138134,0.33649742603302,1.1369301617145537,0.9232121556997299,1.2652844786643982
300,2,layer_10.mlp_down,0.10258343815803528,0.003062926017287476,0.14405223727226257,0.05026482418179512,-0.007430764846503735,0.36408025622367857,1.1369301617145537,0.9232121556997299,1.2652844786643982
300,2,layer_11.attn_o,0.029972344636917114,0.0012484788917667587,0.12097136676311493,0.05026482418179512,0.0005795958102680742,0.49795082211494446,1.1369301617145537,0.9232121556997299,1.2652844786643982
300,2,layer_11.mlp_down,0.13431790471076965,0.007488994887432718,0.10823851078748703,0.05026482418179512,0.0016209138440899551,0.356880983710289,1.1369301617145537,0.9232121556997299,1.2652844786643982
300,2,layer_12.attn_o,0.029591169208288193,0.0010662283984868312,0.01844368502497673,0.05026482418179512,0.00044023216469213367,0.3231028109788895,1.1369301617145537,0.9232121556997299,1.2652844786643982
300,2,layer_12.mlp_down,0.11665430665016174,0.004334154694798524,0.048664018511772156,0.05026482418179512,0.0007501964806579054,0.2558489128947258,1.1369301617145537,0.9232121556997299,1.2652844786643982
300,2,layer_13.attn_o,0.034640178084373474,0.0017986795886239559,0.0063926419243216515,0.05026482418179512,-0.000466858281288296,0.21784305498003959,1.1369301617145537,0.9232121556997299,1.2652844786643982
300,2,layer_13.mlp_down,0.1256444901227951,0.005973033484682653,0.040446940809488297,0.05026482418179512,0.0028788067400455477,0.233165143430233,1.1369301617145537,0.9232121556997299,1.2652844786643982
300,2,layer_14.attn_o,0.028746865689754486,0.0010040996205654762,0.02014380507171154,0.05026482418179512,0.0060700503061525525,0.24443741515278816,1.1369301617145537,0.9232121556997299,1.2652844786643982
300,2,layer_14.mlp_down,0.12265680730342865,0.005492220930960246,0.03926524519920349,0.05026482418179512,0.009538298405823297,0.2751127079129219,1.1369301617145537,0.9232121556997299,1.2652844786643982
300,2,layer_15.attn_o,0.03403620049357414,0.0018511786317798307,0.08115226030349731,0.05026482418179512,0.015211881091818213,0.3747133374214172,1.1369301617145537,0.9232121556997299,1.2652844786643982
300,2,layer_15.mlp_down,0.11632726341485977,0.004568994708691798,0.055696312338113785,0.05026482418179512,0.012930276850238443,0.15407575741410257,1.1369301617145537,0.9232121556997299,1.2652844786643982
300,2,layer_16.attn_o,0.03155183419585228,0.00140941552876864,0.04199815168976784,0.05026482418179512,0.01151498849503696,0.16617962270975112,1.1369301617145537,0.9232121556997299,1.2652844786643982
300,2,layer_16.mlp_down,0.1070546880364418,0.0032612298868023274,0.08513551950454712,0.05026482418179512,0.0067379502404946836,0.14191554300487041,1.1369301617145537,0.9232121556997299,1.2652844786643982
300,2,layer_17.attn_o,0.035367194563150406,0.0020484395542631714,0.10699921101331711,0.05026482418179512,0.008766296866815538,0.35666677057743074,1.1369301617145537,0.9232121556997299,1.2652844786643982
300,2,layer_17.mlp_down,0.11853053420782089,0.004802439724177746,0.06748060882091522,0.05026482418179512,0.006637515500187874,0.1502358179539442,1.1369301617145537,0.9232121556997299,1.2652844786643982
300,2,layer_18.attn_o,0.03261800855398178,0.001693111006107742,0.02248872071504593,0.05026482418179512,0.002535688626812771,0.16237524375319481,1.1369301617145537,0.9232121556997299,1.2652844786643982
300,2,layer_18.mlp_down,0.11744018644094467,0.004662494327823495,0.04263155162334442,0.05026482418179512,0.007646421599201858,0.1845008321106434,1.1369301617145537,0.9232121556997299,1.2652844786643982
300,2,layer_19.attn_o,0.03679012134671211,0.0021156308646051655,0.026400256901979446,0.05026482418179512,0.0062920182244852185,0.14898396991193294,1.1369301617145537,0.9232121556997299,1.2652844786643982
300,2,layer_19.mlp_down,0.11864370107650757,0.004914745670563644,0.03388798236846924,0.05026482418179512,0.008485479140654206,0.1752319298684597,1.1369301617145537,0.9232121556997299,1.2652844786643982
300,2,layer_20.attn_o,0.02720494754612446,0.0008881575448575007,0.03593423590064049,0.05026482418179512,0.01559130531968549,0.2789971560239792,1.1369301617145537,0.9232121556997299,1.2652844786643982
300,2,layer_20.mlp_down,0.13233937323093414,0.007133387094145513,0.03789794445037842,0.05026482418179512,0.005393992690369487,0.2246332511305809,1.1369301617145537,0.9232121556997299,1.2652844786643982
300,2,layer_21.attn_o,0.027484867721796036,0.001110230792478593,0.15888464450836182,0.05026482418179512,0.007218976132571697,0.4421519935131073,1.1369301617145537,0.9232121556997299,1.2652844786643982
300,2,layer_21.mlp_down,0.10826981067657471,0.0036514514607300197,0.03165506571531296,0.05026482418179512,0.0015867742244154216,0.1626291587948799,1.1369301617145537,0.9232121556997299,1.2652844786643982
300,2,layer_22.attn_o,0.027366796508431435,0.0009728338998658117,0.021118175238370895,0.05026482418179512,0.006274486545589752,0.13415176905691623,1.1369301617145537,0.9232121556997299,1.2652844786643982
300,2,layer_22.mlp_down,0.11034995317459106,0.0038418392495925082,0.04288489371538162,0.05026482418179512,-6.303235422819853e-05,0.1743697315454483,1.1369301617145537,0.9232121556997299,1.2652844786643982
300,2,layer_23.attn_o,0.02942994050681591,0.0013447189083641395,0.06294836848974228,0.05026482418179512,0.0010274817701429128,0.24363481551408767,1.1369301617145537,0.9232121556997299,1.2652844786643982
300,2,layer_23.mlp_down,0.10327925533056259,0.003185925218453884,0.04655773565173149,0.05026482418179512,-0.0007974207779625431,0.19255190156400204,1.1369301617145537,0.9232121556997299,1.2652844786643982
300,2,layer_24.attn_o,0.031636111438274384,0.001653585372437701,0.07473144680261612,0.05026482418179512,0.0033450747898314146,0.3511148065328598,1.1369301617145537,0.9232121556997299,1.2652844786643982
300,2,layer_24.mlp_down,0.1226847916841507,0.005438674460921552,0.08801569789648056,0.05026482418179512,0.004042318789288402,0.19644729048013687,1.1369301617145537,0.9232121556997299,1.2652844786643982
300,2,layer_25.attn_o,0.02955079823732376,0.001358338629367618,0.10483025759458542,0.05026482418179512,0.01002927478402853,0.21550426334142686,1.1369301617145537,0.9232121556997299,1.2652844786643982
300,2,layer_25.mlp_down,0.13558654487133026,0.007360985467037873,0.011968938633799553,0.05026482418179512,-0.010743245296180249,0.12459219433367252,1.1369301617145537,0.9232121556997299,1.2652844786643982
320,2,layer_0.attn_o,0.024311242625117302,0.0011926375121755909,0.15129810571670532,0.07069482654333115,0.0032108848361531274,0.08388278223574161,1.1594061315059663,0.9179375618696213,1.2641447111964226
320,2,layer_0.mlp_down,0.08039643615484238,0.002469167785457248,-0.012146002613008022,0.07069482654333115,0.00012475123076001183,0.08247820977121592,1.1594061315059663,0.9179375618696213,1.2641447111964226
320,2,layer_1.attn_o,0.02359160967171192,0.000977522220959986,0.1656092405319214,0.07069482654333115,0.0634857009164989,0.12442992106080056,1.1594061315059663,0.9179375618696213,1.2641447111964226
320,2,layer_1.mlp_down,0.10231505334377289,0.005435814707890266,0.006237063091248274,0.07069482654333115,0.0021437841351144016,0.07545530144125223,1.1594061315059663,0.9179375618696213,1.2641447111964226
320,2,layer_2.attn_o,0.023654552176594734,0.001039396802404108,0.043174345046281815,0.07069482654333115,0.012113732029683888,0.11010041385889054,1.1594061315059663,0.9179375618696213,1.2641447111964226
320,2,layer_2.mlp_down,0.10415533185005188,0.005646606721985277,0.015894141048192978,0.07069482654333115,0.011998741165734827,0.10385740734636784,1.1594061315059663,0.9179375618696213,1.2641447111964226
320,2,layer_3.attn_o,0.023382239043712616,0.0010388314256143155,0.021541455760598183,0.07069482654333115,0.024084964813664556,0.11418944746255874,1.1594061315059663,0.9179375618696213,1.2641447111964226
320,2,layer_3.mlp_down,0.09667018055915833,0.004404590167189589,0.0017314094584435225,0.07069482654333115,0.0064832484466023745,0.09582729432731867,1.1594061315059663,0.9179375618696213,1.2641447111964226
320,2,layer_4.attn_o,0.027923554182052612,0.001518407377206628,0.01163184829056263,0.07069482654333115,0.02474897903157398,0.12646767683327198,1.1594061315059663,0.9179375618696213,1.2641447111964226
320,2,layer_4.mlp_down,0.08314657211303711,0.0026278964566808214,0.0725744292140007,0.07069482654333115,0.011241811281070112,0.1644927069544792,1.1594061315059663,0.9179375618696213,1.2641447111964226
320,2,layer_5.attn_o,0.02320990152657032,0.0009189167871680471,0.2212163209915161,0.07069482654333115,0.07957926131784916,0.3660471633076668,1.1594061315059663,0.9179375618696213,1.2641447111964226
320,2,layer_5.mlp_down,0.09106175601482391,0.0036711471565451133,0.015677280724048615,0.07069482654333115,0.009960039309225977,0.08784181363880635,1.1594061315059663,0.9179375618696213,1.2641447111964226
320,2,layer_6.attn_o,0.02663476951420307,0.0014486258920484644,0.003176674945279956,0.07069482654333115,0.011647515441291034,0.1299934383481741,1.1594061315059663,0.9179375618696213,1.2641447111964226
320,2,layer_6.mlp_down,0.09384673088788986,0.004014391521073283,0.011508991941809654,0.07069482654333115,0.005756282480433583,0.11929087191820145,1.1594061315059663,0.9179375618696213,1.2641447111964226
320,2,layer_7.attn_o,0.020881380885839462,0.0006605899058927495,0.010553894564509392,0.07069482654333115,0.0010862907191039994,0.19163443893194199,1.1594061315059663,0.9179375618696213,1.2641447111964226
320,2,layer_7.mlp_down,0.0827828124165535,0.0027069058134655505,0.0009092657710425556,0.07069482654333115,0.008442907268181444,0.1661580167710781,1.1594061315059663,0.9179375618696213,1.2641447111964226
320,2,layer_8.attn_o,0.021850962191820145,0.0006965443498630851,0.007676174398511648,0.07069482654333115,-0.0016973179648630322,0.17927184589207174,1.1594061315059663,0.9179375618696213,1.2641447111964226
320,2,layer_8.mlp_down,0.0821484625339508,0.002663156955429342,0.018068524077534676,0.07069482654333115,0.013942136516561732,0.20053766593337058,1.1594061315059663,0.9179375618696213,1.2641447111964226
320,2,layer_9.attn_o,0.020871900022029877,0.0006957102290011897,0.01013824250549078,0.07069482654333115,0.003503391146659851,0.2743253670632839,1.1594061315059663,0.9179375618696213,1.2641447111964226
320,2,layer_9.mlp_down,0.09965352714061737,0.005048122922124841,0.04459850490093231,0.07069482654333115,0.01716142692603171,0.2753427505493164,1.1594061315059663,0.9179375618696213,1.2641447111964226
320,2,layer_10.attn_o,0.026168687269091606,0.00142331268733587,0.029076460748910904,0.07069482654333115,0.012269038707017899,0.34164351522922515,1.1594061315059663,0.9179375618696213,1.2641447111964226
320,2,layer_10.mlp_down,0.07969816774129868,0.00237961421463052,0.27826380729675293,0.07069482654333115,0.025106939719989896,0.3744116649031639,1.1594061315059663,0.9179375618696213,1.2641447111964226
320,2,layer_11.attn_o,0.02330697700381279,0.0009708374872959991,0.1172829419374466,0.07069482654333115,0.018423980148509145,0.5051783412694931,1.1594061315059663,0.9179375618696213,1.2641447111964226
320,2,layer_11.mlp_down,0.10605419427156448,0.005913078453387138,0.11500243097543716,0.07069482654333115,0.0164484896697104,0.35555061101913454,1.1594061315059663,0.9179375618696213,1.2641447111964226
320,2,layer_12.attn_o,0.023121710866689682,0.0008331208944652414,0.02249324880540371,0.07069482654333115,0.008692935446742923,0.3202555015683174,1.1594061315059663,0.9179375618696213,1.2641447111964226
320,2,layer_12.mlp_down,0.09159187227487564,0.003402970128045692,0.06922571361064911,0.07069482654333115,0.00941192989994306,0.2502146974205971,1.1594061315059663,0.9179375618696213,1.2641447111964226
320,2,layer_13.attn_o,0.02664615400135517,0.001383591619359681,0.009412041865289211,0.07069482654333115,0.0035507803317159415,0.21287795007228852,1.1594061315059663,0.9179375618696213,1.2641447111964226
320,2,layer_13.mlp_down,0.0986502468585968,0.004689723052662882,0.0374724455177784,0.07069482654333115,0.007328877947293222,0.21846993118524552,1.1594061315059663,0.9179375618696213,1.2641447111964226
320,2,layer_14.attn_o,0.022397620603442192,0.0007823264491676902,0.020715851336717606,0.07069482654333115,0.005599677392820013,0.23398263454437257,1.1594061315059663,0.9179375618696213,1.2641447111964226
320,2,layer_14.mlp_down,0.09605033695697784,0.004300840572281553,0.041370052844285965,0.07069482654333115,0.008285869934479707,0.25762312710285185,1.1594061315059663,0.9179375618696213,1.2641447111964226
320,2,layer_15.attn_o,0.026335706934332848,0.001432359872952954,0.10489042103290558,0.07069482654333115,0.01986187321599573,0.36904225051403045,1.1594061315059663,0.9179375618696213,1.2641447111964226
320,2,layer_15.mlp_down,0.09091704338788986,0.003570940329553619,0.06182599812746048,0.07069482654333115,0.01242177958265529,0.15809640288352966,1.1594061315059663,0.9179375618696213,1.2641447111964226
320,2,layer_16.attn_o,0.02470843307673931,0.0011037214884379704,0.03796110302209854,0.07069482654333115,0.0128002911558724,0.17458566427230834,1.1594061315059663,0.9179375618696213,1.2641447111964226
320,2,layer_16.mlp_down,0.08357887715101242,0.0025460744274856065,0.08867952972650528,0.07069482654333115,0.01419005508068949,0.13917106315493583,1.1594061315059663,0.9179375618696213,1.2641447111964226
320,2,layer_17.attn_o,0.02696630358695984,0.00156186564888776,0.05907121300697327,0.07069482654333115,0.012896207388394032,0.3492151901125908,1.1594061315059663,0.9179375618696213,1.2641447111964226
320,2,layer_17.mlp_down,0.0931599959731102,0.0037745049647599214,0.07059650123119354,0.07069482654333115,0.01070850482210517,0.15561014860868455,1.1594061315059663,0.9179375618696213,1.2641447111964226
320,2,layer_18.attn_o,0.02509121783077717,0.00130241602566352,0.020541435107588768,0.07069482654333115,0.006108153198147193,0.173209984600544,1.1594061315059663,0.9179375618696213,1.2641447111964226
320,2,layer_18.mlp_down,0.09156462550163269,0.0036352061534077446,0.06051963195204735,0.07069482654333115,0.00835065901701455,0.19561935365200042,1.1594061315059663,0.9179375618696213,1.2641447111964226
320,2,layer_19.attn_o,0.027900611981749535,0.0016044356675288095,0.034268226474523544,0.07069482654333115,0.0036491189152002335,0.135215912014246,1.1594061315059663,0.9179375618696213,1.2641447111964226
320,2,layer_19.mlp_down,0.09225399792194366,0.0038215544231985322,0.04962722584605217,0.07069482654333115,0.007743153837509453,0.17413222417235374,1.1594061315059663,0.9179375618696213,1.2641447111964226
320,2,layer_20.attn_o,0.021258395165205002,0.0006940207529193516,0.043001674115657806,0.07069482654333115,0.0046387861482799055,0.27893583923578263,1.1594061315059663,0.9179375618696213,1.2641447111964226
320,2,layer_20.mlp_down,0.10302034765481949,0.005552995458403793,0.0513162836432457,0.07069482654333115,0.010512126400135458,0.223703271150589,1.1594061315059663,0.9179375618696213,1.2641447111964226
320,2,layer_21.attn_o,0.021392103284597397,0.0008641179041966868,0.25343260169029236,0.07069482654333115,0.014938614936545492,0.46342182755470274,1.1594061315059663,0.9179375618696213,1.2641447111964226
320,2,layer_21.mlp_down,0.08392329514026642,0.0028303404008792406,0.055969543755054474,0.07069482654333115,0.009736049338243902,0.1523168280720711,1.1594061315059663,0.9179375618696213,1.2641447111964226
320,2,layer_22.attn_o,0.021269449964165688,0.0007560851824141466,0.06054167076945305,0.07069482654333115,0.00483365822583437,0.1391023002564907,1.1594061315059663,0.9179375618696213,1.2641447111964226
320,2,layer_22.mlp_down,0.08560033142566681,0.0029801696151131227,0.06319952756166458,0.07069482654333115,0.004523466317914426,0.1691288635134697,1.1594061315059663,0.9179375618696213,1.2641447111964226
320,2,layer_23.attn_o,0.022332649677991867,0.0010204271434565077,0.10302990674972534,0.07069482654333115,0.010381554299965502,0.2678896367549896,1.1594061315059663,0.9179375618696213,1.2641447111964226
320,2,layer_23.mlp_down,0.08016767352819443,0.0024729801814647938,0.08766040951013565,0.07069482654333115,0.013069863914279268,0.18860585987567902,1.1594061315059663,0.9179375618696213,1.2641447111964226
320,2,layer_24.attn_o,0.024493245407938957,0.0012802350976564422,0.13902242481708527,0.07069482654333115,-0.004860609686147654,0.3401601329445839,1.1594061315059663,0.9179375618696213,1.2641447111964226
320,2,layer_24.mlp_down,0.09495574980974197,0.004209415921427628,0.15491284430027008,0.07069482654333115,0.013988374173641205,0.20758952647447587,1.1594061315059663,0.9179375618696213,1.2641447111964226
320,2,layer_25.attn_o,0.023146606981754303,0.0010639619490656223,0.17589491605758667,0.07069482654333115,0.039047966711223125,0.24116925448179244,1.1594061315059663,0.9179375618696213,1.2641447111964226
320,2,layer_25.mlp_down,0.10539747774600983,0.00572197836782866,0.0661294236779213,0.07069482654333115,0.01649620719254017,0.1357837151736021,1.1594061315059663,0.9179375618696213,1.2641447111964226
340,2,layer_0.attn_o,0.019352437928318977,0.0009493732501158619,0.35178107023239136,0.054808925837278366,0.015776261780411006,0.0616601750254631,1.0062184393405915,0.9145398661494255,1.2598602771759033
340,2,layer_0.mlp_down,0.06896872073411942,0.0021181877337010744,0.013144996017217636,0.054808925837278366,-0.004590640793321654,0.08645539321005344,1.0062184393405915,0.9145398661494255,1.2598602771759033
340,2,layer_1.attn_o,0.0184505395591259,0.0007645011365787854,0.3323551118373871,0.054808925837278366,0.026456896960735322,0.14984274450689555,1.0062184393405915,0.9145398661494255,1.2598602771759033
340,2,layer_1.mlp_down,0.08765551447868347,0.004656958546272853,0.005462535656988621,0.054808925837278366,-0.0013082513003610074,0.07941123098134995,1.0062184393405915,0.9145398661494255,1.2598602771759033
340,2,layer_2.attn_o,0.018960315734148026,0.0008331290612844014,0.11575042456388474,0.054808925837278366,-0.0036674411734566093,0.11348067644867114,1.0062184393405915,0.9145398661494255,1.2598602771759033
340,2,layer_2.mlp_down,0.08932724595069885,0.0048427003611662325,-0.0015358100645244122,0.054808925837278366,0.0054822564125061035,0.09627987360581755,1.0062184393405915,0.9145398661494255,1.2598602771759033
340,2,layer_3.attn_o,0.0180532094091177,0.0008020719510160745,0.06086469069123268,0.054808925837278366,0.00880617843431537,0.10865609552711249,1.0062184393405915,0.9145398661494255,1.2598602771759033
340,2,layer_3.mlp_down,0.0782768502831459,0.003566525210656236,-0.010372482240200043,0.054808925837278366,0.0012365123257040977,0.09066035132855177,1.0062184393405915,0.9145398661494255,1.2598602771759033
340,2,layer_4.attn_o,0.021748827770352364,0.0011826422047358255,0.04919127747416496,0.054808925837278366,0.005824173393193632,0.10737931448966265,1.0062184393405915,0.9145398661494255,1.2598602771759033
340,2,layer_4.mlp_down,0.065245121717453,0.0020621023531086262,-0.021884704008698463,0.054808925837278366,0.002292960009071976,0.13147698529064655,1.0062184393405915,0.9145398661494255,1.2598602771759033
340,2,layer_5.attn_o,0.01750049740076065,0.00069287242890453,0.20042531192302704,0.054808925837278366,0.04359876684611663,0.2897091805934906,1.0062184393405915,0.9145398661494255,1.2598602771759033
340,2,layer_5.mlp_down,0.07102547585964203,0.002863372309288162,0.008071615360677242,0.054808925837278366,-0.0012662798952078446,0.09474381767213344,1.0062184393405915,0.9145398661494255,1.2598602771759033
340,2,layer_6.attn_o,0.02069615013897419,0.001125632662238919,-0.0012071215314790606,0.054808925837278366,-0.003712045738939196,0.12268938161432744,1.0062184393405915,0.9145398661494255,1.2598602771759033
340,2,layer_6.mlp_down,0.07258202135562897,0.0031047585350117697,0.005763405002653599,0.054808925837278366,-0.006130656693130732,0.12388051338493825,1.0062184393405915,0.9145398661494255,1.2598602771759033
340,2,layer_7.attn_o,0.01571708731353283,0.0004972154032477223,0.017737608402967453,0.054808925837278366,-0.003048333339393139,0.1884954482316971,1.0062184393405915,0.9145398661494255,1.2598602771759033
340,2,layer_7.mlp_down,0.06260603666305542,0.0020471390248127577,0.02133568748831749,0.054808925837278366,-0.006101111229509115,0.1603224642574787,1.0062184393405915,0.9145398661494255,1.2598602771759033
340,2,layer_8.attn_o,0.016323447227478027,0.0005203434130484487,0.006253117695450783,0.054808925837278366,-0.008910105284303426,0.19599637761712074,1.0062184393405915,0.9145398661494255,1.2598602771759033
340,2,layer_8.mlp_down,0.061717260628938675,0.0020007917894116784,0.015918513759970665,0.054808925837278366,-0.01746575371362269,0.205877847969532,1.0062184393405915,0.9145398661494255,1.2598602771759033
340,2,layer_9.attn_o,0.01567051373422146,0.00052233544725196,0.016972819343209267,0.054808925837278366,-0.0170898730866611,0.2856813743710518,1.0062184393405915,0.9145398661494255,1.2598602771759033
340,2,layer_9.mlp_down,0.07495027780532837,0.0037967342488140873,0.02029270865023136,0.054808925837278366,-0.006065344228409231,0.2787349000573158,1.0062184393405915,0.9145398661494255,1.2598602771759033
340,2,layer_10.attn_o,0.019617004320025444,0.001066967095160343,0.0154203986749053,0.054808925837278366,-0.003552165348082781,0.3548551708459854,1.0062184393405915,0.9145398661494255,1.2598602771759033
340,2,layer_10.mlp_down,0.05943620204925537,0.0017746298565189838,0.14474794268608093,0.054808925837278366,0.01748576951213181,0.38608936667442323,1.0062184393405915,0.9145398661494255,1.2598602771759033
340,2,layer_11.attn_o,0.017346875742077827,0.0007225728685054208,0.12099293619394302,0.054808925837278366,0.026365727015945594,0.5260345220565796,1.0062184393405915,0.9145398661494255,1.2598602771759033
340,2,layer_11.mlp_down,0.07950825989246368,0.0044329843039601306,0.08815713226795197,0.054808925837278366,0.007248626369982958,0.3792233645915985,1.0062184393405915,0.9145398661494255,1.2598602771759033
340,2,layer_12.attn_o,0.01715604029595852,0.0006181657501675993,0.01031231228262186,0.054808925837278366,0.004101912188343704,0.3504628509283066,1.0062184393405915,0.9145398661494255,1.2598602771759033
340,2,layer_12.mlp_down,0.06791611015796661,0.002523318640679294,0.05409635230898857,0.054808925837278366,0.007365962956100702,0.28003962635993956,1.0062184393405915,0.9145398661494255,1.2598602771759033
340,2,layer_13.attn_o,0.01960412785410881,0.0010179371360215322,0.008891166187822819,0.054808925837278366,0.009972892305813729,0.2534133717417717,1.0062184393405915,0.9145398661494255,1.2598602771759033
340,2,layer_13.mlp_down,0.0730525329709053,0.003472826433263072,0.04446542263031006,0.054808925837278366,0.010875584185123443,0.26451850682497025,1.0062184393405915,0.9145398661494255,1.2598602771759033
340,2,layer_14.attn_o,0.016611384227871895,0.0005802189320585345,0.014814530499279499,0.054808925837278366,0.005440627847565338,0.28553820848464967,1.0062184393405915,0.9145398661494255,1.2598602771759033
340,2,layer_14.mlp_down,0.07151193916797638,0.003202083917469069,0.03503001481294632,0.054808925837278366,0.01057817491237074,0.3154435455799103,1.0062184393405915,0.9145398661494255,1.2598602771759033
340,2,layer_15.attn_o,0.01998673938214779,0.0010870490973858818,0.07034862786531448,0.054808925837278366,0.024861123785376547,0.4266910135746002,1.0062184393405915,0.9145398661494255,1.2598602771759033
340,2,layer_15.mlp_down,0.06829603016376495,0.0026824450227379212,0.03757034242153168,0.054808925837278366,0.007000074256211519,0.20935369059443473,1.0062184393405915,0.9145398661494255,1.2598602771759033
340,2,layer_16.attn_o,0.018414519727230072,0.0008225733832420138,0.02471037022769451,0.054808925837278366,0.010421909781871363,0.23796702176332474,1.0062184393405915,0.9145398661494255,1.2598602771759033
340,2,layer_16.mlp_down,0.06251837313175201,0.0019045004080328889,0.09181259572505951,0.054808925837278366,0.008026194002013654,0.20010962411761285,1.0062184393405915,0.9145398661494255,1.2598602771759033
340,2,layer_17.attn_o,0.019034354016184807,0.0011024536717294067,0.08604525029659271,0.054808925837278366,0.014029014948755502,0.42975254356861115,1.0062184393405915,0.9145398661494255,1.2598602771759033
340,2,layer_17.mlp_down,0.07165800034999847,0.0029033115864368453,0.08433526754379272,0.054808925837278366,0.003761168450000696,0.21454521119594575,1.0062184393405915,0.9145398661494255,1.2598602771759033
340,2,layer_18.attn_o,0.01820974610745907,0.0009452177775335984,0.025893496349453926,0.054808925837278366,0.0042360614868812265,0.23706453740596772,1.0062184393405915,0.9145398661494255,1.2598602771759033
340,2,layer_18.mlp_down,0.07100145518779755,0.002818820278905903,0.05728525295853615,0.054808925837278366,0.004939734051004052,0.246300158649683,1.0062184393405915,0.9145398661494255,1.2598602771759033
340,2,layer_19.attn_o,0.02046174742281437,0.0011766604475948628,0.022938748821616173,0.054808925837278366,0.006753059424227104,0.2234749600291252,1.0062184393405915,0.9145398661494255,1.2598602771759033
340,2,layer_19.mlp_down,0.07124175131320953,0.0029511281412705624,0.03482436388731003,0.054808925837278366,0.005236924672499299,0.2356239803135395,1.0062184393405915,0.9145398661494255,1.2598602771759033
340,2,layer_20.attn_o,0.016057446599006653,0.0005242257619282499,0.021876513957977295,0.054808925837278366,0.008781846973579376,0.3564241647720337,1.0062184393405915,0.9145398661494255,1.2598602771759033
340,2,layer_20.mlp_down,0.08076942712068558,0.004353608226867209,0.044998649507761,0.054808925837278366,0.007278936228249222,0.2745590090751648,1.0062184393405915,0.9145398661494255,1.2598602771759033
340,2,layer_21.attn_o,0.01621897891163826,0.0006551532385410542,0.1988057941198349,0.054808925837278366,0.007024556957185268,0.5124410539865494,1.0062184393405915,0.9145398661494255,1.2598602771759033
340,2,layer_21.mlp_down,0.0653233677148819,0.002203043868179542,0.06926923990249634,0.054808925837278366,0.007569561549462378,0.20654505342245102,1.0062184393405915,0.9145398661494255,1.2598602771759033
340,2,layer_22.attn_o,0.015709098428487778,0.0005584260126579248,0.05727146193385124,0.054808925837278366,0.008470910048345104,0.19947980344295502,1.0062184393405915,0.9145398661494255,1.2598602771759033
340,2,layer_22.mlp_down,0.06619016826152802,0.0023043989356964743,0.07063452899456024,0.054808925837278366,0.004366810491774231,0.23136141747236252,1.0062184393405915,0.9145398661494255,1.2598602771759033
340,2,layer_23.attn_o,0.016297440975904465,0.0007446650591727806,0.10211683809757233,0.054808925837278366,0.0009869800589513034,0.3261201620101929,1.0062184393405915,0.9145398661494255,1.2598602771759033
340,2,layer_23.mlp_down,0.0623045414686203,0.0019219366407980036,0.09245841950178146,0.054808925837278366,0.0054824805469252166,0.24759287238121033,1.0062184393405915,0.9145398661494255,1.2598602771759033
340,2,layer_24.attn_o,0.018889855593442917,0.0009873520522743358,0.1121898740530014,0.054808925837278366,0.003396705142222345,0.42564513683319094,1.0062184393405915,0.9145398661494255,1.2598602771759033
340,2,layer_24.mlp_down,0.07453862577676773,0.0033043107907904305,0.1202242448925972,0.054808925837278366,0.015365812650998123,0.2652863323688507,1.0062184393405915,0.9145398661494255,1.2598602771759033
340,2,layer_25.attn_o,0.018199456855654716,0.0008365601016888356,0.13185830414295197,0.054808925837278366,0.03518351567909121,0.29841220527887347,1.0062184393405915,0.9145398661494255,1.2598602771759033
340,2,layer_25.mlp_down,0.08234374970197678,0.004470387748837631,0.03612922504544258,0.054808925837278366,0.016193270380608738,0.16430681720376014,1.0062184393405915,0.9145398661494255,1.2598602771759033
360,2,layer_0.attn_o,0.013075114227831364,0.000641425873278174,-0.10996568948030472,0.07763654738664627,0.03391928030177951,0.21843447480350733,1.3400625228881835,0.9147020801901817,1.2529009282588959
360,2,layer_0.mlp_down,0.04375269636511803,0.0013437414905038553,0.0015675340546295047,0.07763654738664627,-0.0004997514795832103,0.15089654438197614,1.3400625228881835,0.9147020801901817,1.2529009282588959
360,2,layer_1.attn_o,0.01233411394059658,0.0005110659962457946,-0.059773240238428116,0.07763654738664627,0.055615053803194314,0.222232948243618,1.3400625228881835,0.9147020801901817,1.2529009282588959
360,2,layer_1.mlp_down,0.054380930960178375,0.002889144629475187,0.025151263922452927,0.07763654738664627,-0.0015831063356017694,0.14601265881210565,1.3400625228881835,0.9147020801901817,1.2529009282588959
360,2,layer_2.attn_o,0.012484900653362274,0.0005485949092649816,0.042159222066402435,0.07763654738664627,-0.00819777938304469,0.19387444984167815,1.3400625228881835,0.9147020801901817,1.2529009282588959
360,2,layer_2.mlp_down,0.055291835218667984,0.0029975333943193946,0.04617614299058914,0.07763654738664627,-0.006715449411422015,0.17477675508707763,1.3400625228881835,0.9147020801901817,1.2529009282588959
360,2,layer_3.attn_o,0.012226274237036705,0.0005431915038897579,0.08775448054075241,0.07763654738664627,-0.00876203714105941,0.19067273177206517,1.3400625228881835,0.9147020801901817,1.2529009282588959
360,2,layer_3.mlp_down,0.05119464546442032,0.002332578100653085,0.04619859531521797,0.07763654738664627,-0.007670092687476426,0.1576059687882662,1.3400625228881835,0.9147020801901817,1.2529009282588959
360,2,layer_4.attn_o,0.014887680299580097,0.0008095518856075582,0.058884646743535995,0.07763654738664627,0.0017027577334374655,0.1794911228120327,1.3400625228881835,0.9147020801901817,1.2529009282588959
360,2,layer_4.mlp_down,0.04412710294127464,0.0013946516833719766,0.08899868279695511,0.07763654738664627,-0.004872018145397306,0.22949779853224755,1.3400625228881835,0.9147020801901817,1.2529009282588959
360,2,layer_5.attn_o,0.012276867404580116,0.00048606049152460007,0.3224385380744934,0.07763654738664627,0.09598937565460801,0.4231796383857727,1.3400625228881835,0.9147020801901817,1.2529009282588959
360,2,layer_5.mlp_down,0.048580218106508255,0.0019584924122238697,0.04359143227338791,0.07763654738664627,-0.005700683608074542,0.15924851261079312,1.3400625228881835,0.9147020801901817,1.2529009282588959
360,2,layer_6.attn_o,0.014321021735668182,0.0007788987985448481,0.011190284974873066,0.07763654738664627,0.0019353835130459629,0.19186586774885656,1.3400625228881835,0.9147020801901817,1.2529009282588959
360,2,layer_6.mlp_down,0.05033651739358902,0.002153186344549773,0.04666639119386673,0.07763654738664627,-0.004077550064539537,0.19590180441737176,1.3400625228881835,0.9147020801901817,1.2529009282588959
360,2,layer_7.attn_o,0.011162915267050266,0.0003531425788627349,0.024358056485652924,0.07763654738664627,-0.0021706306841224434,0.2733677290380001,1.3400625228881835,0.9147020801901817,1.2529009282588959
360,2,layer_7.mlp_down,0.044252607971429825,0.0014469985653025519,0.07851550728082657,0.07763654738664627,-0.002675298415124416,0.2357225425541401,1.3400625228881835,0.9147020801901817,1.2529009282588959
360,2,layer_8.attn_o,0.011687018908560276,0.00037254760002759465,0.02251160889863968,0.07763654738664627,0.0046167207648977636,0.25799998492002485,1.3400625228881835,0.9147020801901817,1.2529009282588959
360,2,layer_8.mlp_down,0.04421032592654228,0.001433233789289462,0.04120244085788727,0.07763654738664627,-0.002058440132532269,0.27228128015995023,1.3400625228881835,0.9147020801901817,1.2529009282588959
360,2,layer_9.attn_o,0.011349746026098728,0.0003783139476775364,0.009607522748410702,0.07763654738664627,0.004681880516000092,0.3555874489247799,1.3400625228881835,0.9147020801901817,1.2529009282588959
360,2,layer_9.mlp_down,0.054729074239730835,0.002772393864650931,0.06583168357610703,0.07763654738664627,-0.0025312369223684074,0.3371592968702316,1.3400625228881835,0.9147020801901817,1.2529009282588959
360,2,layer_10.attn_o,0.01441220287233591,0.0007838784953069693,0.038141608238220215,0.07763654738664627,-0.0001275915652513504,0.41356887966394423,1.3400625228881835,0.9147020801901817,1.2529009282588959
360,2,layer_10.mlp_down,0.04326501861214638,0.0012917903783333364,0.1141052320599556,0.07763654738664627,-0.005576184461824596,0.43651156425476073,1.3400625228881835,0.9147020801901817,1.2529009282588959
360,2,layer_11.attn_o,0.012922052294015884,0.0005382596722351973,0.15910126268863678,0.07763654738664627,0.019108690600842238,0.5679802298545837,1.3400625228881835,0.9147020801901817,1.2529009282588959
360,2,layer_11.mlp_down,0.05785410478711128,0.003225644190145702,0.14517658948898315,0.07763654738664627,0.019145327585283665,0.4234466403722763,1.3400625228881835,0.9147020801901817,1.2529009282588959
360,2,layer_12.attn_o,0.012594327330589294,0.00045379819950885756,0.02557816542685032,0.07763654738664627,0.016356095031369478,0.392989319562912,1.3400625228881835,0.9147020801901817,1.2529009282588959
360,2,layer_12.mlp_down,0.049687936902046204,0.0018460718278412672,0.09441133588552475,0.07763654738664627,0.009767970954999327,0.3216526433825493,1.3400625228881835,0.9147020801901817,1.2529009282588959
360,2,layer_13.attn_o,0.014483282342553139,0.0007520390398163062,0.015857480466365814,0.07763654738664627,0.010446220720768905,0.27365032210946083,1.3400625228881835,0.9147020801901817,1.2529009282588959
360,2,layer_13.mlp_down,0.05305502563714981,0.002522161607848689,0.05609097331762314,0.07763654738664627,0.010299217165447771,0.28474327325820925,1.3400625228881835,0.9147020801901817,1.2529009282588959
360,2,layer_14.attn_o,0.01203788723796606,0.000420471257320468,0.02897741086781025,0.07763654738664627,0.010664474172517657,0.3046485982835293,1.3400625228881835,0.9147020801901817,1.2529009282588959
360,2,layer_14.mlp_down,0.05143507942557335,0.002303097023482493,0.06747964769601822,0.07763654738664627,0.00733650412876159,0.3261254608631134,1.3400625228881835,0.9147020801901817,1.2529009282588959
360,2,layer_15.attn_o,0.014608724042773247,0.0007945465760486037,0.12365555763244629,0.07763654738664627,0.027754883049055934,0.4535329759120941,1.3400625228881835,0.9147020801901817,1.2529009282588959
360,2,layer_15.mlp_down,0.049183670431375504,0.0019317674375752551,0.09038127958774567,0.07763654738664627,0.013982560666045174,0.21085202172398568,1.3400625228881835,0.9147020801901817,1.2529009282588959
360,2,layer_16.attn_o,0.013433986343443394,0.0006000937237367909,0.05537163093686104,0.07763654738664627,0.014936563151422888,0.22723395004868507,1.3400625228881835,0.9147020801901817,1.2529009282588959
360,2,layer_16.mlp_down,0.04488108679652214,0.0013672107186967646,0.11521558463573456,0.07763654738664627,0.012676294217817486,0.18701982647180557,1.3400625228881835,0.9147020801901817,1.2529009282588959
360,2,layer_17.attn_o,0.014742857776582241,0.000853893936683873,0.07488500326871872,0.07763654738664627,0.01532074508140795,0.4025709941983223,1.3400625228881835,0.9147020801901817,1.2529009282588959
360,2,layer_17.mlp_down,0.05000276863574982,0.0020259164810505445,0.10294615477323532,0.07763654738664627,0.013848121045157313,0.20056909695267677,1.3400625228881835,0.9147020801901817,1.2529009282588959
360,2,layer_18.attn_o,0.013752102851867676,0.0007138336494898883,0.02157718874514103,0.07763654738664627,0.008386235206853599,0.23440025448799134,1.3400625228881835,0.9147020801901817,1.2529009282588959
360,2,layer_18.mlp_down,0.049310486763715744,0.0019576638066300784,0.08647221326828003,0.07763654738664627,0.011348159704357385,0.22818502634763718,1.3400625228881835,0.9147020801901817,1.2529009282588959
360,2,layer_19.attn_o,0.014369401149451733,0.0008263172500263038,0.03923271968960762,0.07763654738664627,0.009166878135874867,0.18192251697182654,1.3400625228881835,0.9147020801901817,1.2529009282588959
360,2,layer_19.mlp_down,0.04920326545834541,0.002038198673817182,0.06511694192886353,0.07763654738664627,0.009125873522134498,0.21365736350417136,1.3400625228881835,0.9147020801901817,1.2529009282588959
360,2,layer_20.attn_o,0.011658790521323681,0.0003806231359682796,0.04961264505982399,0.07763654738664627,0.014679931779392063,0.32960515320301054,1.3400625228881835,0.9147020801901817,1.2529009282588959
360,2,layer_20.mlp_down,0.05525825545191765,0.0029785057356525794,0.08055480569601059,0.07763654738664627,0.014507778617553414,0.263610677421093,1.3400625228881835,0.9147020801901817,1.2529009282588959
360,2,layer_21.attn_o,0.011968602426350117,0.0004834623848149687,0.29868414998054504,0.07763654738664627,0.02752177079219109,0.5688616245985031,1.3400625228881835,0.9147020801901817,1.2529009282588959
360,2,layer_21.mlp_down,0.04493890330195427,0.0015155660538133547,0.08558209985494614,0.07763654738664627,0.014333846257068216,0.19334376156330108,1.3400625228881835,0.9147020801901817,1.2529009282588959
360,2,layer_22.attn_o,0.011699297465384007,0.0004158857551483824,0.055249493569135666,0.07763654738664627,0.011406690336298198,0.19199247807264327,1.3400625228881835,0.9147020801901817,1.2529009282588959
360,2,layer_22.mlp_down,0.04577914997935295,0.0015937847094002657,0.08563843369483948,0.07763654738664627,0.010151535685872659,0.20224850177764891,1.3400625228881835,0.9147020801901817,1.2529009282588959
360,2,layer_23.attn_o,0.013144752010703087,0.0006006116716717832,0.1221187487244606,0.07763654738664627,0.019124458730220794,0.2765562556684017,1.3400625228881835,0.9147020801901817,1.2529009282588959
360,2,layer_23.mlp_down,0.04353650286793709,0.001342985010878555,0.10308084636926651,0.07763654738664627,0.012942582648247481,0.21823206469416617,1.3400625228881835,0.9147020801901817,1.2529009282588959
360,2,layer_24.attn_o,0.014642656780779362,0.000765355242926826,0.13810190558433533,0.07763654738664627,0.011108675831928849,0.421097569167614,1.3400625228881835,0.9147020801901817,1.2529009282588959
360,2,layer_24.mlp_down,0.052768953144550323,0.0023392552793436907,0.1739167869091034,0.07763654738664627,0.008150562085211277,0.24695393815636635,1.3400625228881835,0.9147020801901817,1.2529009282588959
360,2,layer_25.attn_o,0.013619175180792809,0.0006260220105633698,0.18986746668815613,0.07763654738664627,0.0028896017000079157,0.28007231950759887,1.3400625228881835,0.9147020801901817,1.2529009282588959
360,2,layer_25.mlp_down,0.05961059406399727,0.0032362107061621663,-0.0011925299186259508,0.07763654738664627,-0.011171436635777354,0.18763773292303085,1.3400625228881835,0.9147020801901817,1.2529009282588959
380,2,layer_0.attn_o,0.008901594206690788,0.0004366853398831412,0.259680837392807,0.04520593211054802,-0.052573317335918544,0.14000988565385342,0.869783240556717,0.9136620610952377,1.2494375556707382
380,2,layer_0.mlp_down,0.028914902359247208,0.0008880384487575642,0.007773805409669876,0.04520593211054802,0.002555226325057447,0.08669713698327541,0.869783240556717,0.9136620610952377,1.2494375556707382
380,2,layer_1.attn_o,0.008623704314231873,0.0003573244914850762,0.3268663287162781,0.04520593211054802,0.025393488770350813,0.13413166925311087,0.869783240556717,0.9136620610952377,1.2494375556707382
380,2,layer_1.mlp_down,0.03651193901896477,0.0019397965296424151,0.008657692931592464,0.04520593211054802,0.0020941065857186915,0.0902938511222601,0.869783240556717,0.9136620610952377,1.2494375556707382
380,2,layer_2.attn_o,0.008642341941595078,0.0003797503019785321,0.13942083716392517,0.04520593211054802,-0.004724977351725101,0.15410518050193786,0.869783240556717,0.9136620610952377,1.2494375556707382
380,2,layer_2.mlp_down,0.03651651740074158,0.0019796631505943968,0.02559967152774334,0.04520593211054802,0.0007340029580518604,0.12464156597852707,0.869783240556717,0.9136620610952377,1.2494375556707382
380,2,layer_3.attn_o,0.008271350525319576,0.00036748131474406015,0.02812218852341175,0.04520593211054802,0.0023920841980725528,0.1338702693581581,0.869783240556717,0.9136620610952377,1.2494375556707382
380,2,layer_3.mlp_down,0.03451243415474892,0.0015724869739602548,0.006641563959419727,0.04520593211054802,-0.003439241484738886,0.0991162747144699,0.869783240556717,0.9136620610952377,1.2494375556707382
380,2,layer_4.attn_o,0.010054959915578365,0.0005467614770776753,0.05452289804816246,0.04520593211054802,0.008852509694406763,0.13711591213941574,0.869783240556717,0.9136620610952377,1.2494375556707382
380,2,layer_4.mlp_down,0.030115801841020584,0.0009518185008313834,0.07433066517114639,0.04520593211054802,-0.0026755507802590727,0.16517328992486,0.869783240556717,0.9136620610952377,1.2494375556707382
380,2,layer_5.attn_o,0.008463664911687374,0.0003350897562211136,0.48125898838043213,0.04520593211054802,0.04994682560209185,0.30143893212080003,0.869783240556717,0.9136620610952377,1.2494375556707382
380,2,layer_5.mlp_down,0.03328536078333855,0.0013418840797262191,0.031180858612060547,0.04520593211054802,-0.0019898942875443025,0.0978597104549408,0.869783240556717,0.9136620610952377,1.2494375556707382
380,2,layer_6.attn_o,0.009722638875246048,0.0005287996270651446,0.011769533157348633,0.04520593211054802,-0.0024831245886161924,0.14705154076218604,0.869783240556717,0.9136620610952377,1.2494375556707382
380,2,layer_6.mlp_down,0.03483560308814049,0.0014901202784931532,0.03774299845099449,0.04520593211054802,-0.009333252836950124,0.15011950954794884,0.869783240556717,0.9136620610952377,1.2494375556707382
380,2,layer_7.attn_o,0.007692717015743256,0.00024336169006133356,0.03199538588523865,0.04520593211054802,-0.018744186370167882,0.22899708300828933,0.869783240556717,0.9136620610952377,1.2494375556707382
380,2,layer_7.mlp_down,0.03052343800663948,0.000998070928739659,0.04648205637931824,0.04520593211054802,-0.01151460432447493,0.19719136133790016,0.869783240556717,0.9136620610952377,1.2494375556707382
380,2,layer_8.attn_o,0.008100761100649834,0.0002582282912832547,0.024403363466262817,0.04520593211054802,-0.012381192622706294,0.23126206248998643,0.869783240556717,0.9136620610952377,1.2494375556707382
380,2,layer_8.mlp_down,0.030993502587080002,0.0010047615651847888,0.03651152178645134,0.04520593211054802,-0.019306618347764017,0.24893627241253852,0.869783240556717,0.9136620610952377,1.2494375556707382
380,2,layer_9.attn_o,0.008025961928069592,0.0002675242402517379,0.015211721882224083,0.04520593211054802,-0.016399942338466644,0.3341251969337463,0.869783240556717,0.9136620610952377,1.2494375556707382
380,2,layer_9.mlp_down,0.037948086857795715,0.0019223204669458456,0.033086590468883514,0.04520593211054802,-0.013721390918362886,0.32612462490797045,0.869783240556717,0.9136620610952377,1.2494375556707382
380,2,layer_10.attn_o,0.010049568489193916,0.0005465951234758275,0.011615660041570663,0.04520593211054802,-0.014274683728581294,0.4107280090451241,0.869783240556717,0.9136620610952377,1.2494375556707382
380,2,layer_10.mlp_down,0.030755862593650818,0.0009182951087886616,0.04790437966585159,0.04520593211054802,-0.027397716231644154,0.43622702956199644,0.869783240556717,0.9136620610952377,1.2494375556707382
380,2,layer_11.attn_o,0.009336136281490326,0.0003888904908411051,0.10377314686775208,0.04520593211054802,-0.011023467453196645,0.5740012496709823,0.869783240556717,0.9136620610952377,1.2494375556707382
380,2,layer_11.mlp_down,0.040292318910360336,0.002246485507850214,0.08362913876771927,0.04520593211054802,-0.011184654221870005,0.4121170789003372,0.869783240556717,0.9136620610952377,1.2494375556707382
380,2,layer_12.attn_o,0.008631041273474693,0.0003109932660140084,0.012125075794756413,0.04520593211054802,-0.010957412698189728,0.4003842160105705,0.869783240556717,0.9136620610952377,1.2494375556707382
380,2,layer_12.mlp_down,0.03460137918591499,0.0012855529303976718,0.050390638411045074,0.04520593211054802,-0.010031219263328239,0.2995179399847984,0.869783240556717,0.9136620610952377,1.2494375556707382
380,2,layer_13.attn_o,0.00985938124358654,0.0005119446979104223,0.006960040889680386,0.04520593211054802,-0.004269221378490329,0.2870543971657753,0.869783240556717,0.9136620610952377,1.2494375556707382
380,2,layer_13.mlp_down,0.03671157360076904,0.0017452145739104818,0.031325943768024445,0.04520593211054802,-0.009290869400138036,0.26551411151885984,0.869783240556717,0.9136620610952377,1.2494375556707382
380,2,layer_14.attn_o,0.008463183417916298,0.00029561039998915033,0.011932398192584515,0.04520593211054802,-0.006565955665428192,0.3064072847366333,0.869783240556717,0.9136620610952377,1.2494375556707382
380,2,layer_14.mlp_down,0.03619570657610893,0.0016207271793650547,0.03112543188035488,0.04520593211054802,-0.004816953511908651,0.3083534076809883,0.869783240556717,0.9136620610952377,1.2494375556707382
380,2,layer_15.attn_o,0.010369767434895039,0.0005639958539021284,0.06845729798078537,0.04520593211054802,-0.013678118004463613,0.45299649983644485,0.869783240556717,0.9136620610952377,1.2494375556707382
380,2,layer_15.mlp_down,0.03424665704369545,0.0013450893887544404,0.03254378214478493,0.04520593211054802,-0.0043276914861053225,0.19534058943390847,0.869783240556717,0.9136620610952377,1.2494375556707382
380,2,layer_16.attn_o,0.0092921182513237,0.0004150771595339837,0.024261504411697388,0.04520593211054802,-0.007588653528364376,0.23221847787499428,0.869783240556717,0.9136620610952377,1.2494375556707382
380,2,layer_16.mlp_down,0.031160542741417885,0.000949240248241473,0.05278869345784187,0.04520593211054802,-0.003396275753766531,0.18771783262491226,0.869783240556717,0.9136620610952377,1.2494375556707382
380,2,layer_17.attn_o,0.009298563934862614,0.0005385648327300422,0.04877351224422455,0.04520593211054802,0.0001675186213105917,0.45915813744068146,0.869783240556717,0.9136620610952377,1.2494375556707382
380,2,layer_17.mlp_down,0.03459245339035988,0.0014015474636104512,0.034623634070158005,0.04520593211054802,-0.0031340829329565166,0.19429334551095961,0.869783240556717,0.9136620610952377,1.2494375556707382
380,2,layer_18.attn_o,0.009202325716614723,0.00047766715169088943,0.013565311208367348,0.04520593211054802,-0.004740901384502649,0.254791472107172,0.869783240556717,0.9136620610952377,1.2494375556707382
380,2,layer_18.mlp_down,0.03383919596672058,0.0013434382413516808,0.030448537319898605,0.04520593211054802,-0.0019478641916066408,0.24013298749923706,0.869783240556717,0.9136620610952377,1.2494375556707382
380,2,layer_19.attn_o,0.010378651320934296,0.0005968278377991774,0.0101622324436903,0.04520593211054802,-0.004107097908854484,0.2335920512676239,0.869783240556717,0.9136620610952377,1.2494375556707382
380,2,layer_19.mlp_down,0.03379236161708832,0.001399814475649734,0.026659414172172546,0.04520593211054802,-0.0034109587664715945,0.22323782593011857,0.869783240556717,0.9136620610952377,1.2494375556707382
380,2,layer_20.attn_o,0.00793058518320322,0.0002589087989120313,0.028902070596814156,0.04520593211054802,-0.013014704221859574,0.35962994992733,0.869783240556717,0.9136620610952377,1.2494375556707382
380,2,layer_20.mlp_down,0.038353290408849716,0.0020672967806117737,0.0328618660569191,0.04520593211054802,-0.005930153094232083,0.2721149533987045,0.869783240556717,0.9136620610952377,1.2494375556707382
380,2,layer_21.attn_o,0.008050093427300453,0.00032517723689454414,0.1980127990245819,0.04520593211054802,-0.01469541247934103,0.5413310080766678,0.869783240556717,0.9136620610952377,1.2494375556707382
380,2,layer_21.mlp_down,0.031203605234622955,0.0010523396773594762,0.03852785378694534,0.04520593211054802,-0.009323806455358862,0.19790741577744483,0.869783240556717,0.9136620610952377,1.2494375556707382
380,2,layer_22.attn_o,0.007988153956830502,0.0002839622827915638,0.03518887981772423,0.04520593211054802,-0.00825306506594643,0.19919060468673705,0.869783240556717,0.9136620610952377,1.2494375556707382
380,2,layer_22.mlp_down,0.031930845230817795,0.0011116577655720067,0.05235808342695236,0.04520593211054802,-0.0077010733541101216,0.22179169356822967,0.869783240556717,0.9136620610952377,1.2494375556707382
380,2,layer_23.attn_o,0.008258292451500893,0.0003773389104747952,0.08365452289581299,0.04520593211054802,-0.018577723007183522,0.33328419327735903,0.869783240556717,0.9136620610952377,1.2494375556707382
380,2,layer_23.mlp_down,0.03025682456791401,0.0009333399331607155,0.061027731746435165,0.04520593211054802,-0.009105598302267027,0.23671477437019348,0.869783240556717,0.9136620610952377,1.2494375556707382
380,2,layer_24.attn_o,0.009730761870741844,0.0005086160064354335,0.09916432201862335,0.04520593211054802,-0.02390907984226942,0.3933882534503937,0.869783240556717,0.9136620610952377,1.2494375556707382
380,2,layer_24.mlp_down,0.03625212609767914,0.0016070610106043112,0.0917620062828064,0.04520593211054802,-0.004963502543978393,0.2582949951291084,0.869783240556717,0.9136620610952377,1.2494375556707382
380,2,layer_25.attn_o,0.00927660334855318,0.00042641043319586346,0.12754255533218384,0.04520593211054802,-0.006954624806530774,0.2950872167944908,0.869783240556717,0.9136620610952377,1.2494375556707382
380,2,layer_25.mlp_down,0.04034101590514183,0.0021900762059608395,0.03466150909662247,0.04520593211054802,-0.020269866252783687,0.1887245737016201,0.869783240556717,0.9136620610952377,1.2494375556707382
400,2,layer_0.attn_o,0.005935083143413067,0.0002911572078574167,-0.0328618660569191,-0.017631307244300842,-0.025745710544288158,0.14688514554873108,0.9793341815471649,0.9129566624760628,1.25125053524971
400,2,layer_0.mlp_down,0.016170497983694077,0.0004966302619578636,-0.004230193328112364,-0.017631307244300842,0.005905283149331808,0.08107845233753323,0.9793341815471649,0.9129566624760628,1.25125053524971
400,2,layer_1.attn_o,0.006034480407834053,0.0002500395285929836,0.0002629440859891474,-0.017631307244300842,-0.0023284013383090495,0.10972155258059502,0.9793341815471649,0.9129566624760628,1.25125053524971
400,2,layer_1.mlp_down,0.02000231295824051,0.0010626750557026232,-0.011859794147312641,-0.017631307244300842,0.004247906570526538,0.07883546277880668,0.9793341815471649,0.9129566624760628,1.25125053524971
400,2,layer_2.attn_o,0.005651083774864674,0.00024831241167191833,0.0029393837321549654,-0.017631307244300842,0.004739191592670977,0.11148284375667572,0.9793341815471649,0.9129566624760628,1.25125053524971
400,2,layer_2.mlp_down,0.020218191668391228,0.0010960821091451126,-0.023618049919605255,-0.017631307244300842,0.00675488646957092,0.10672739371657372,0.9793341815471649,0.9129566624760628,1.25125053524971
400,2,layer_3.attn_o,0.005374251399189234,0.00023876831985596223,-0.005823279730975628,-0.017631307244300842,0.0013599243888165803,0.10520080542191863,0.9793341815471649,0.9129566624760628,1.25125053524971
400,2,layer_3.mlp_down,0.02033996768295765,0.0009267471756384761,-0.02236953191459179,-0.017631307244300842,0.008270257338881492,0.09692882783710957,0.9793341815471649,0.9129566624760628,1.25125053524971
400,2,layer_4.attn_o,0.006745055317878723,0.0003667777949428287,-0.013513659127056599,-0.017631307244300842,0.0035647165961563585,0.11469999514520168,0.9793341815471649,0.9129566624760628,1.25125053524971
400,2,layer_4.mlp_down,0.019176047295331955,0.0006060638557927484,-0.03405771031975746,-0.017631307244300842,0.007527635432779789,0.15749236941337585,0.9793341815471649,0.9129566624760628,1.25125053524971
400,2,layer_5.attn_o,0.0073194052092731,0.0002897866778075744,-0.09437382221221924,-0.017631307244300842,0.02104498352855444,0.33298818618059156,0.9793341815471649,0.9129566624760628,1.25125053524971
400,2,layer_5.mlp_down,0.021289635449647903,0.0008582813113708564,-0.021080797538161278,-0.017631307244300842,0.0038909913622774185,0.07522204667329788,0.9793341815471649,0.9129566624760628,1.25125053524971
400,2,layer_6.attn_o,0.006440655328333378,0.0003502974318757656,-0.009832501411437988,-0.017631307244300842,0.005124998168321326,0.10373563095927238,0.9793341815471649,0.9129566624760628,1.25125053524971
400,2,layer_6.mlp_down,0.022643806412816048,0.0009686057321924025,-0.014823975041508675,-0.017631307244300842,0.002639360981993377,0.10556813701987267,0.9793341815471649,0.9129566624760628,1.25125053524971
400,2,layer_7.attn_o,0.005567535292357206,0.00017613083023072798,-0.01586928777396679,-0.017631307244300842,0.0033040039241313936,0.1776273213326931,0.9793341815471649,0.9129566624760628,1.25125053524971
400,2,layer_7.mlp_down,0.020391235128045082,0.0006667619151002003,-0.01025396678596735,-0.017631307244300842,0.013567201234400273,0.15121586248278618,0.9793341815471649,0.9129566624760628,1.25125053524971
400,2,layer_8.attn_o,0.005860264878720045,0.0001868078793189283,0.0006536422879435122,-0.017631307244300842,0.016019504400901496,0.15864877700805663,0.9793341815471649,0.9129566624760628,1.25125053524971
400,2,layer_8.mlp_down,0.021631192415952682,0.000701248821111256,-0.012989839538931847,-0.017631307244300842,0.016287426371127366,0.17811106368899346,0.9793341815471649,0.9129566624760628,1.25125053524971
400,2,layer_9.attn_o,0.005904051475226879,0.0001967959478322154,-0.007723306771367788,-0.017631307244300842,0.005436934647150338,0.2474319651722908,0.9793341815471649,0.9129566624760628,1.25125053524971
400,2,layer_9.mlp_down,0.027205733582377434,0.0013781455462848191,-0.01150858961045742,-0.017631307244300842,0.01394455332774669,0.241972416639328,0.9793341815471649,0.9129566624760628,1.25125053524971
400,2,layer_10.attn_o,0.007840806618332863,0.0004264606761071499,-0.005153329111635685,-0.017631307244300842,0.013697767886333168,0.30284250229597093,0.9793341815471649,0.9129566624760628,1.25125053524971
400,2,layer_10.mlp_down,0.023905964568257332,0.0007137729518431521,-0.13388650119304657,-0.017631307244300842,0.010076486598700285,0.34398429095745087,0.9793341815471649,0.9129566624760628,1.25125053524971
400,2,layer_11.attn_o,0.009059182368218899,0.00037735413148136057,-0.04379964992403984,-0.017631307244300842,0.005797164835530566,0.4746795058250427,0.9793341815471649,0.9129566624760628,1.25125053524971
400,2,layer_11.mlp_down,0.030156856402754784,0.0016813781313329717,-0.02445322647690773,-0.017631307244300842,0.00450464803725481,0.3287877798080444,0.9793341815471649,0.9129566624760628,1.25125053524971
400,2,layer_12.attn_o,0.00661984970793128,0.0002385260914035099,-0.0059211100451648235,-0.017631307244300842,0.004477064590901136,0.2829550504684448,0.9793341815471649,0.9129566624760628,1.25125053524971
400,2,layer_12.mlp_down,0.025395596399903297,0.0009435265782471689,-0.021704338490962982,-0.017631307244300842,0.0019198514753952622,0.22713397890329362,0.9793341815471649,0.9129566624760628,1.25125053524971
400,2,layer_13.attn_o,0.006917758844792843,0.0003592019796199445,-0.0008775367168709636,-0.017631307244300842,-0.001462750928476453,0.1689768172800541,0.9793341815471649,0.9129566624760628,1.25125053524971
400,2,layer_13.mlp_down,0.025485485792160034,0.0012115417719562641,-0.010834391228854656,-0.017631307244300842,0.00423993292497471,0.20149680227041245,0.9793341815471649,0.9129566624760628,1.25125053524971
400,2,layer_14.attn_o,0.006120630074292421,0.0002137873485048692,-0.008168013766407967,-0.017631307244300842,-0.002845115470699966,0.20797714293003083,0.9793341815471649,0.9129566624760628,1.25125053524971
400,2,layer_14.mlp_down,0.024738695472478867,0.0011077174143009328,-0.01572909951210022,-0.017631307244300842,-0.0029059691238217055,0.24406574219465255,0.9793341815471649,0.9129566624760628,1.25125053524971
400,2,layer_15.attn_o,0.008127132430672646,0.00044202216894378987,-0.029267821460962296,-0.017631307244300842,-0.0015139397932216526,0.3346462607383728,0.9793341815471649,0.9129566624760628,1.25125053524971
400,2,layer_15.mlp_down,0.023749757558107376,0.0009328059964226014,-0.018919697031378746,-0.017631307244300842,-0.0020527523709461095,0.13148428201675416,0.9793341815471649,0.9129566624760628,1.25125053524971
400,2,layer_16.attn_o,0.006592588499188423,0.0002944896776178804,-0.018513977527618408,-0.017631307244300842,-0.010067706368863583,0.1491636112332344,0.9793341815471649,0.9129566624760628,1.25125053524971
400,2,layer_16.mlp_down,0.021748825907707214,0.000662531287890582,-0.026696916669607162,-0.017631307244300842,0.00436943625099957,0.12151939645409585,0.9793341815471649,0.9129566624760628,1.25125053524971
400,2,layer_17.attn_o,0.006770542822778225,0.00039214380567506964,-0.03005397878587246,-0.017631307244300842,0.0036032831587363033,0.36016719937324526,0.9793341815471649,0.9129566624760628,1.25125053524971
400,2,layer_17.mlp_down,0.02343909628689289,0.000949657435189367,-0.0259641595184803,-0.017631307244300842,0.0038373437542759347,0.1442264996469021,0.9793341815471649,0.9129566624760628,1.25125053524971
400,2,layer_18.attn_o,0.006670786067843437,0.00034626193021416784,-0.004039776511490345,-0.017631307244300842,0.00025141558726318183,0.13436339423060417,0.9793341815471649,0.9129566624760628,1.25125053524971
400,2,layer_18.mlp_down,0.022155260667204857,0.0008795772258166479,-0.006109912414103746,-0.017631307244300842,0.0026090612635016443,0.17237261012196542,0.9793341815471649,0.9129566624760628,1.25125053524971
400,2,layer_19.attn_o,0.007021978963166475,0.0004038011310961955,-0.005429351702332497,-0.017631307244300842,-0.0016825136495754122,0.1312563255429268,0.9793341815471649,0.9129566624760628,1.25125053524971
400,2,layer_19.mlp_down,0.02207309752702713,0.0009143544878006392,-0.01317832712084055,-0.017631307244300842,0.0009135071770288051,0.1758396863937378,0.9793341815471649,0.9129566624760628,1.25125053524971
400,2,layer_20.attn_o,0.005757540464401245,0.0001879656628412293,-0.0027637507300823927,-0.017631307244300842,0.0009513823781162501,0.25047383904457093,0.9793341815471649,0.9129566624760628,1.25125053524971
400,2,layer_20.mlp_down,0.024325277656316757,0.0013111637507635398,-0.020320408046245575,-0.017631307244300842,0.004866768332431093,0.22554087340831758,0.9793341815471649,0.9129566624760628,1.25125053524971
400,2,layer_21.attn_o,0.0061043077148497105,0.0002465787616913629,-0.06559282541275024,-0.017631307244300842,0.014453367795795202,0.45638938546180724,0.9793341815471649,0.9129566624760628,1.25125053524971
400,2,layer_21.mlp_down,0.019670233130455017,0.0006633765127018749,-0.011561249382793903,-0.017631307244300842,-0.0001023072050884366,0.1469493627548218,0.9793341815471649,0.9129566624760628,1.25125053524971
400,2,layer_22.attn_o,0.005451432894915342,0.0001937871043463683,-0.010192491114139557,-0.017631307244300842,-0.00040699467062950135,0.11222674176096917,0.9793341815471649,0.9129566624760628,1.25125053524971
400,2,layer_22.mlp_down,0.019830653443932533,0.0006903942085103462,0.0021372828632593155,-0.017631307244300842,0.003699208778562024,0.15614721924066544,0.9793341815471649,0.9129566624760628,1.25125053524971
400,2,layer_23.attn_o,0.005681453738361597,0.0002595977029117601,-0.0042461552657186985,-0.017631307244300842,0.00866440631216392,0.21940245777368544,0.9793341815471649,0.9129566624760628,1.25125053524971
400,2,layer_23.mlp_down,0.0188257098197937,0.0005807210303858184,0.007494840770959854,-0.017631307244300842,0.003408427647082135,0.1811169281601906,0.9793341815471649,0.9129566624760628,1.25125053524971
400,2,layer_24.attn_o,0.006886937189847231,0.0003599724089621014,-0.011953217908740044,-0.017631307244300842,-0.00608301991596818,0.31943358182907106,0.9793341815471649,0.9129566624760628,1.25125053524971
400,2,layer_24.mlp_down,0.022587554529309273,0.001001307338381193,-0.00273064780049026,-0.017631307244300842,0.007099487632513046,0.20204321220517157,0.9793341815471649,0.9129566624760628,1.25125053524971
400,2,layer_25.attn_o,0.006815769709646702,0.00031329511900340777,-0.016341492533683777,-0.017631307244300842,-0.006162221357226372,0.20156517624855042,0.9793341815471649,0.9129566624760628,1.25125053524971
400,2,layer_25.mlp_down,0.024587463587522507,0.0013348263667410797,0.006785568781197071,-0.017631307244300842,0.0024324714089743794,0.11158684210386127,0.9793341815471649,0.9129566624760628,1.25125053524971
420,2,layer_0.attn_o,0.0033750985749065876,0.000165572085457121,0.18183697760105133,0.02317861095070839,0.023578496440313755,0.14479621984064578,0.9426297247409821,0.9123538359999657,1.2515960186719894
420,2,layer_0.mlp_down,0.00989986676722765,0.00030404588843917885,0.011983308009803295,0.02317861095070839,0.006042157963383943,0.0768105449154973,0.9426297247409821,0.9123538359999657,1.2515960186719894
420,2,layer_1.attn_o,0.003423525718972087,0.00014185424947844223,0.40000876784324646,0.02317861095070839,0.015706707863137125,0.16256322376430035,0.9426297247409821,0.9123538359999657,1.2515960186719894
420,2,layer_1.mlp_down,0.01285913959145546,0.000683174367088411,-0.0025684242136776447,0.02317861095070839,-0.00023696731077507138,0.07192477956414223,0.9426297247409821,0.9123538359999657,1.2515960186719894
420,2,layer_2.attn_o,0.0032149674370884895,0.00014126781386499958,0.10643156617879868,0.02317861095070839,0.011120882770046591,0.11548992916941643,0.9426297247409821,0.9123538359999657,1.2515960186719894
420,2,layer_2.mlp_down,0.012979897670447826,0.000703673862279229,-0.005674535874277353,0.02317861095070839,-0.002463974361307919,0.0895220723003149,0.9426297247409821,0.9123538359999657,1.2515960186719894
420,2,layer_3.attn_o,0.0030931925866752863,0.00013742496944550855,0.019009258598089218,0.02317861095070839,0.0032973863766528667,0.08583418522030115,0.9426297247409821,0.9123538359999657,1.2515960186719894
420,2,layer_3.mlp_down,0.012328844517469406,0.0005617368767851491,-0.003956095315515995,0.02317861095070839,-0.006559346138965338,0.07372567914426327,0.9426297247409821,0.9123538359999657,1.2515960186719894
420,2,layer_4.attn_o,0.0037698550149798393,0.000204994459063192,0.046058423817157745,0.02317861095070839,0.008937771525233984,0.10493604615330696,0.9426297247409821,0.9123538359999657,1.2515960186719894
420,2,layer_4.mlp_down,0.010855985805392265,0.0003431059878033021,0.03288569673895836,0.02317861095070839,0.0013734077103435994,0.13228305876255037,0.9426297247409821,0.9123538359999657,1.2515960186719894
420,2,layer_5.attn_o,0.003586067585274577,0.00014197797065735885,0.4276638925075531,0.02317861095070839,0.043222594261169436,0.36385705322027206,0.9426297247409821,0.9123538359999657,1.2515960186719894
420,2,layer_5.mlp_down,0.012025316245853901,0.00048479448473981267,0.015560602769255638,0.02317861095070839,0.00036207083612680433,0.06199584091082215,0.9426297247409821,0.9123538359999657,1.2515960186719894
420,2,layer_6.attn_o,0.003618007292971015,0.0001967778847262811,0.009252394549548626,0.02317861095070839,0.006244401821459178,0.08661808725446463,0.9426297247409821,0.9123538359999657,1.2515960186719894
420,2,layer_6.mlp_down,0.012530837208032608,0.0005360151337947403,0.030681926757097244,0.02317861095070839,0.009027971816249192,0.08993918299674988,0.9426297247409821,0.9123538359999657,1.2515960186719894
420,2,layer_7.attn_o,0.0029717800207436085,9.40132434278601e-05,0.026221586391329765,0.02317861095070839,0.008570619905367494,0.14824058748781682,0.9426297247409821,0.9123538359999657,1.2515960186719894
420,2,layer_7.mlp_down,0.011281546205282211,0.00036888894094393485,0.04894646629691124,0.02317861095070839,0.007188855018466711,0.12535406276583672,0.9426297247409821,0.9123538359999657,1.2515960186719894
420,2,layer_8.attn_o,0.0030910198111087084,9.853254035102815e-05,0.020641203969717026,0.02317861095070839,0.006620353879407048,0.14680836163461208,0.9426297247409821,0.9123538359999657,1.2515960186719894
420,2,layer_8.mlp_down,0.011576789431273937,0.00037530080455722473,0.03206281363964081,0.02317861095070839,0.009319288469851018,0.15835780873894692,0.9426297247409821,0.9123538359999657,1.2515960186719894
420,2,layer_9.attn_o,0.0031348566990345716,0.00010449214739221829,0.015159382484853268,0.02317861095070839,0.0063779402844375,0.2267621286213398,0.9426297247409821,0.9123538359999657,1.2515960186719894
420,2,layer_9.mlp_down,0.014476506970822811,0.0007333267136292768,0.02695721760392189,0.02317861095070839,-0.0022692953993100674,0.22943342551589013,0.9426297247409821,0.9123538359999657,1.2515960186719894
420,2,layer_10.attn_o,0.004029007162898779,0.0002191372224342659,0.027118850499391556,0.02317861095070839,0.0018431355711072683,0.2902371287345886,0.9426297247409821,0.9123538359999657,1.2515960186719894
420,2,layer_10.mlp_down,0.01199033297598362,0.00035800143051147607,0.19068853557109833,0.02317861095070839,-0.010115323727950454,0.3295048400759697,0.9426297247409821,0.9123538359999657,1.2515960186719894
420,2,layer_11.attn_o,0.004154562018811703,0.00017305543755540372,0.05643342062830925,0.02317861095070839,-0.003587213670834899,0.4724598616361618,0.9426297247409821,0.9123538359999657,1.2515960186719894
420,2,layer_11.mlp_down,0.015719106420874596,0.000876406261797345,0.037216346710920334,0.02317861095070839,-0.0004159680334851146,0.3189122885465622,0.9426297247409821,0.9123538359999657,1.2515960186719894
420,2,layer_12.attn_o,0.0034514942672103643,0.0001243640591255742,0.006891448982059956,0.02317861095070839,-0.0027323645539581777,0.27917482405900956,0.9426297247409821,0.9123538359999657,1.2515960186719894
420,2,layer_12.mlp_down,0.01324146706610918,0.0004919617111625578,0.01025802455842495,0.02317861095070839,-0.0003864061756758019,0.21511054411530495,0.9426297247409821,0.9123538359999657,1.2515960186719894
420,2,layer_13.attn_o,0.003757425816729665,0.00019510285839484626,0.0006064581102691591,0.02317861095070839,-0.002138230273703812,0.1702020477503538,0.9426297247409821,0.9123538359999657,1.2515960186719894
420,2,layer_13.mlp_down,0.013804428279399872,0.0006562406267479614,0.010850139893591404,0.02317861095070839,0.001360167283564806,0.19314431473612786,0.9426297247409821,0.9123538359999657,1.2515960186719894
420,2,layer_14.attn_o,0.0032223614398390055,0.00011255378186394241,0.0029838017653673887,0.02317861095070839,0.002813834836706519,0.2003560796380043,0.9426297247409821,0.9123538359999657,1.2515960186719894
420,2,layer_14.mlp_down,0.013443080708384514,0.0006019361668648071,0.003028466133400798,0.02317861095070839,-0.0005345404264517128,0.23826495110988616,0.9426297247409821,0.9123538359999657,1.2515960186719894
420,2,layer_15.attn_o,0.004248260520398617,0.00023105629823090123,0.011253937147557735,0.02317861095070839,-0.0018517032731324434,0.33401676267385483,0.9426297247409821,0.9123538359999657,1.2515960186719894
420,2,layer_15.mlp_down,0.012868194840848446,0.0005054164654333472,0.0019521766807883978,0.02317861095070839,0.0037563707679510116,0.15386538170278072,0.9426297247409821,0.9123538359999657,1.2515960186719894
420,2,layer_16.attn_o,0.0035457175690680742,0.00015838650418387303,0.004157353658229113,0.02317861095070839,0.0016950607066974043,0.157948037981987,0.9426297247409821,0.9123538359999657,1.2515960186719894
420,2,layer_16.mlp_down,0.01169331930577755,0.00035621166084456515,0.02014969103038311,0.02317861095070839,0.0020871563232503832,0.1446216143667698,0.9426297247409821,0.9123538359999657,1.2515960186719894
420,2,layer_17.attn_o,0.003788985311985016,0.0002194546278841606,0.003641109447926283,0.02317861095070839,0.0040226146928034725,0.38438955396413804,0.9426297247409821,0.9123538359999657,1.2515960186719894
420,2,layer_17.mlp_down,0.012826762162148952,0.000519688031926043,0.01228820625692606,0.02317861095070839,0.002279048110358417,0.16687596067786217,0.9426297247409821,0.9123538359999657,1.2515960186719894
420,2,layer_18.attn_o,0.0037095847073942423,0.00019255417482586597,-0.004680002573877573,0.02317861095070839,0.0012041655194479973,0.19535620138049126,0.9426297247409821,0.9123538359999657,1.2515960186719894
420,2,layer_18.mlp_down,0.012338552623987198,0.0004898473215126584,0.00409703841432929,0.02317861095070839,-0.00011921159457415343,0.2058698818087578,0.9426297247409821,0.9123538359999657,1.2515960186719894
420,2,layer_19.attn_o,0.003774405922740698,0.00021704836406898572,0.004682446364313364,0.02317861095070839,-0.0029478680080501363,0.15892930403351785,0.9426297247409821,0.9123538359999657,1.2515960186719894
420,2,layer_19.mlp_down,0.012337522581219673,0.000511068169738191,0.0058725690469145775,0.02317861095070839,-0.003969211131334305,0.19987315982580184,0.9426297247409821,0.9123538359999657,1.2515960186719894
420,2,layer_20.attn_o,0.0030642568599432707,0.00010003838884959003,0.014414574950933456,0.02317861095070839,-0.0016641460009850562,0.2946139872074127,0.9426297247409821,0.9123538359999657,1.2515960186719894
420,2,layer_20.mlp_down,0.013623812235891819,0.0007343391893824188,-0.0010453651193529367,0.02317861095070839,0.0004811038335901685,0.2361386723816395,0.9426297247409821,0.9123538359999657,1.2515960186719894
420,2,layer_21.attn_o,0.003441629931330681,0.0001390219424613428,0.08716562390327454,0.02317861095070839,0.0035536552080884577,0.4724826604127884,0.9426297247409821,0.9123538359999657,1.2515960186719894
420,2,layer_21.mlp_down,0.010989516973495483,0.00037062021537720256,-0.014977145940065384,0.02317861095070839,-0.0022018996736733244,0.16369498893618584,0.9426297247409821,0.9123538359999657,1.2515960186719894
420,2,layer_22.attn_o,0.0030700131319463253,0.00010913256121844858,-0.0061222463846206665,0.02317861095070839,0.002730590756982565,0.13934725970029832,0.9426297247409821,0.9123538359999657,1.2515960186719894
420,2,layer_22.mlp_down,0.011111470870673656,0.00038684010602248864,-0.0058332704938948154,0.02317861095070839,-0.0045909324690001085,0.17812696024775504,0.9426297247409821,0.9123538359999657,1.2515960186719894
420,2,layer_23.attn_o,0.0031215627677738667,0.0001426308159990872,0.013244242407381535,0.02317861095070839,-0.0085112793603912,0.2602615781128407,0.9426297247409821,0.9123538359999657,1.2515960186719894
420,2,layer_23.mlp_down,0.010528088547289371,0.0003247622326036412,0.004609636962413788,0.02317861095070839,-0.005363181751454249,0.18753983154892923,0.9426297247409821,0.9123538359999657,1.2515960186719894
420,2,layer_24.attn_o,0.0038955113850533962,0.00020361394898218624,0.017021654173731804,0.02317861095070839,0.0008190965745598078,0.35059856325387956,0.9426297247409821,0.9123538359999657,1.2515960186719894
420,2,layer_24.mlp_down,0.012622363865375519,0.0005595492650590519,0.032179705798625946,0.02317861095070839,-0.006928131496533751,0.20855121016502381,0.9426297247409821,0.9123538359999657,1.2515960186719894
420,2,layer_25.attn_o,0.00364472228102386,0.00016753406428028666,0.04298369213938713,0.02317861095070839,-0.017814868688583375,0.22230449467897415,0.9426297247409821,0.9123538359999657,1.2515960186719894
420,2,layer_25.mlp_down,0.013962559401988983,0.0007580101942366437,-0.0008363487431779504,0.02317861095070839,0.0008764801546931267,0.11155988574028015,0.9426297247409821,0.9123538359999657,1.2515960186719894
440,2,layer_0.attn_o,0.0015511695528402925,7.609566715202247e-05,-0.06297005712985992,0.006138666998594999,-0.024306795466691254,0.1293483456596732,0.9851903915405273,0.9118798598647118,1.2512134462594986
440,2,layer_0.mlp_down,0.004771894309669733,0.00014655498695440502,0.017996400594711304,0.006138666998594999,-0.00150152544665616,0.10348498523235321,0.9851903915405273,0.9118798598647118,1.2512134462594986
440,2,layer_1.attn_o,0.0015319280792027712,6.34756514023882e-05,0.29090720415115356,0.006138666998594999,-0.02043116856366396,0.15357922986149788,0.9851903915405273,0.9118798598647118,1.2512134462594986
440,2,layer_1.mlp_down,0.006024771369993687,0.0003200811119550969,0.009141857735812664,0.006138666998594999,-0.0038695365604326072,0.09632063806056976,0.9851903915405273,0.9118798598647118,1.2512134462594986
440,2,layer_2.attn_o,0.001464984379708767,6.437238552882716e-05,0.05756321921944618,0.006138666998594999,-0.009441119246184826,0.1448686547577381,0.9851903915405273,0.9118798598647118,1.2512134462594986
440,2,layer_2.mlp_down,0.006110480986535549,0.00033126489372454446,0.01619691029191017,0.006138666998594999,-0.004731004789937288,0.12057508826255799,0.9851903915405273,0.9118798598647118,1.2512134462594986
440,2,layer_3.attn_o,0.0014384147943928838,6.390617578127564e-05,0.03316834568977356,0.006138666998594999,-0.0031974245197488927,0.12357538603246213,0.9851903915405273,0.9118798598647118,1.2512134462594986
440,2,layer_3.mlp_down,0.005822919309139252,0.00026530855615341517,0.01179826632142067,0.006138666998594999,0.0008240751514676959,0.11043206192553043,0.9851903915405273,0.9118798598647118,1.2512134462594986
440,2,layer_4.attn_o,0.0017611690564081073,9.57675618062714e-05,0.04625997692346573,0.006138666998594999,-0.0004663913045078516,0.12627485245466233,0.9851903915405273,0.9118798598647118,1.2512134462594986
440,2,layer_4.mlp_down,0.0051146820187568665,0.00016165071014535577,0.06846742331981659,0.006138666998594999,-0.0032973963679978624,0.18255336210131645,0.9851903915405273,0.9118798598647118,1.2512134462594986
440,2,layer_5.attn_o,0.0015883112791925669,6.288370389837144e-05,0.2788882255554199,0.006138666998594999,-0.04820337635464966,0.33243738636374476,0.9851903915405273,0.9118798598647118,1.2512134462594986
440,2,layer_5.mlp_down,0.00571508938446641,0.00023040085745802306,0.02296668104827404,0.006138666998594999,0.00037572824512608347,0.10271312445402145,0.9851903915405273,0.9118798598647118,1.2512134462594986
440,2,layer_6.attn_o,0.0016952421283349395,9.220161776766708e-05,0.013162084855139256,0.006138666998594999,-0.0006270099664106965,0.1493031546473503,0.9851903915405273,0.9118798598647118,1.2512134462594986
440,2,layer_6.mlp_down,0.005910098552703857,0.00025280844675305115,0.02234048768877983,0.006138666998594999,-0.0022755521757062526,0.15140644684433938,0.9851903915405273,0.9118798598647118,1.2512134462594986
440,2,layer_7.attn_o,0.0013588202418759465,4.298672239064481e-05,0.019259894266724586,0.006138666998594999,-0.0051434618886560205,0.24833103865385056,0.9851903915405273,0.9118798598647118,1.2512134462594986
440,2,layer_7.mlp_down,0.0053038764744997025,0.00017342845527779706,0.02568439207971096,0.006138666998594999,-0.0023709342116490007,0.1932585693895817,0.9851903915405273,0.9118798598647118,1.2512134462594986
440,2,layer_8.attn_o,0.0014359464403241873,4.577371198485089e-05,0.0167053434997797,0.006138666998594999,-0.005418621143326164,0.23198997974395752,0.9851903915405273,0.9118798598647118,1.2512134462594986
440,2,layer_8.mlp_down,0.0054179769940674305,0.00017564203664217372,0.01118412148207426,0.006138666998594999,-0.010163880558684469,0.2289174184203148,0.9851903915405273,0.9118798598647118,1.2512134462594986
440,2,layer_9.attn_o,0.0014335212763398886,4.778263597928391e-05,0.008457818999886513,0.006138666998594999,-0.015833155950531363,0.3077800765633583,0.9851903915405273,0.9118798598647118,1.2512134462594986
440,2,layer_9.mlp_down,0.00674042571336031,0.00034144493202415007,0.004522395320236683,0.006138666998594999,-0.010803213579492876,0.3034878134727478,0.9851903915405273,0.9118798598647118,1.2512134462594986
440,2,layer_10.attn_o,0.0018183985957875848,9.890247401153548e-05,0.00486574275419116,0.006138666998594999,-0.0193921007681638,0.3912446081638336,0.9851903915405273,0.9118798598647118,1.2512134462594986
440,2,layer_10.mlp_down,0.005509090609848499,0.00016448770214250947,-0.059083856642246246,0.006138666998594999,-0.006005176436156034,0.4118164360523224,0.9851903915405273,0.9118798598647118,1.2512134462594986
440,2,layer_11.attn_o,0.0017880485393106937,7.447992634876776e-05,0.021714843809604645,0.006138666998594999,-0.034837051294744015,0.54539195895195,0.9851903915405273,0.9118798598647118,1.2512134462594986
440,2,layer_11.mlp_down,0.007212481461465359,0.0004021256048598272,0.019908329471945763,0.006138666998594999,-0.007038412755719037,0.3964465603232384,0.9851903915405273,0.9118798598647118,1.2512134462594986
440,2,layer_12.attn_o,0.0015934482216835022,5.741504215655418e-05,0.008188378065824509,0.006138666998594999,-0.007339416514150798,0.3782771036028862,0.9851903915405273,0.9118798598647118,1.2512134462594986
440,2,layer_12.mlp_down,0.006160709075629711,0.00022888946665499044,0.0075536323711276054,0.006138666998594999,-0.00336772573646158,0.29068977683782576,0.9851903915405273,0.9118798598647118,1.2512134462594986
440,2,layer_13.attn_o,0.0017586426110938191,9.13168171704226e-05,-0.001334578264504671,0.006138666998594999,-7.195968646556139e-06,0.2535473175346851,0.9851903915405273,0.9118798598647118,1.2512134462594986
440,2,layer_13.mlp_down,0.006524405442178249,0.0003101597464792483,0.0013061361387372017,0.006138666998594999,0.003851409211711143,0.2539934903383255,0.9851903915405273,0.9118798598647118,1.2512134462594986
440,2,layer_14.attn_o,0.0014949556207284331,5.2217263880300035e-05,0.0013929482083767653,0.006138666998594999,-0.0026616991613991558,0.2741346746683121,0.9851903915405273,0.9118798598647118,1.2512134462594986
440,2,layer_14.mlp_down,0.006349423434585333,0.00028430578737503496,0.004349459428340197,0.006138666998594999,-0.005355440266430378,0.29985382705926894,0.9851903915405273,0.9118798598647118,1.2512134462594986
440,2,layer_15.attn_o,0.0019321241416037083,0.0001050852233346667,0.018234049901366234,0.006138666998594999,-0.021182852610945702,0.4196650132536888,0.9851903915405273,0.9118798598647118,1.2512134462594986
440,2,layer_15.mlp_down,0.006056100595742464,0.0002378618040886668,0.008265175856649876,0.006138666998594999,-0.00201980143901892,0.19815024510025978,0.9851903915405273,0.9118798598647118,1.2512134462594986
440,2,layer_16.attn_o,0.0016514967428520322,7.377203363665993e-05,0.001006971811875701,0.006138666998594999,-0.0015901560182101093,0.2276760794222355,0.9851903915405273,0.9118798598647118,1.2512134462594986
440,2,layer_16.mlp_down,0.005552732385694981,0.00016915195281686608,0.006226871162652969,0.006138666998594999,-0.002749702660366893,0.1895979806780815,0.9851903915405273,0.9118798598647118,1.2512134462594986
440,2,layer_17.attn_o,0.0017840676009654999,0.00010333158246865453,0.009705992415547371,0.006138666998594999,-0.006520074559375644,0.40200119018554686,0.9851903915405273,0.9118798598647118,1.2512134462594986
440,2,layer_17.mlp_down,0.0060963984578847885,0.0002470011170287683,0.005910312756896019,0.006138666998594999,-0.0026472231606021524,0.19942348301410676,0.9851903915405273,0.9118798598647118,1.2512134462594986
440,2,layer_18.attn_o,0.0017556726234033704,9.113204118245164e-05,0.005712797399610281,0.006138666998594999,-0.0036129850894212725,0.24199110604822635,0.9851903915405273,0.9118798598647118,1.2512134462594986
440,2,layer_18.mlp_down,0.005902995355427265,0.0002343521071721147,0.0064344704151153564,0.006138666998594999,-0.0036202798364683986,0.2367868348956108,0.9851903915405273,0.9118798598647118,1.2512134462594986
440,2,layer_19.attn_o,0.0018420782871544361,0.0001059292622586345,0.006568477023392916,0.006138666998594999,-0.005112734297290445,0.20441468060016632,0.9851903915405273,0.9118798598647118,1.2512134462594986
440,2,layer_19.mlp_down,0.0059273443184792995,0.00024553361613938797,-0.0010792930843308568,0.006138666998594999,-0.0036191418301314117,0.23402412310242654,0.9851903915405273,0.9118798598647118,1.2512134462594986
440,2,layer_20.attn_o,0.0014322104398161173,4.675718500159272e-05,0.0009423739393241704,0.006138666998594999,-0.009890535508748143,0.3389932423830032,0.9851903915405273,0.9118798598647118,1.2512134462594986
440,2,layer_20.mlp_down,0.0066295950673520565,0.0003573425249357899,-0.0026672473177313805,0.006138666998594999,-0.0057535110914614055,0.26758388578891756,0.9851903915405273,0.9118798598647118,1.2512134462594986
440,2,layer_21.attn_o,0.0015662377700209618,6.32669466180659e-05,0.04806952178478241,0.006138666998594999,-0.011087165900971741,0.538993114233017,0.9851903915405273,0.9118798598647118,1.2512134462594986
440,2,layer_21.mlp_down,0.005383992567658424,0.00018157452793166236,0.003768237540498376,0.006138666998594999,-0.006347081100102514,0.19248050674796105,0.9851903915405273,0.9118798598647118,1.2512134462594986
440,2,layer_22.attn_o,0.0014380003558471799,5.1117912243962e-05,0.004876976832747459,0.006138666998594999,-0.0070142527809366586,0.1872139424085617,0.9851903915405273,0.9118798598647118,1.2512134462594986
440,2,layer_22.mlp_down,0.005463053938001394,0.00019019338203267268,0.0063478704541921616,0.006138666998594999,-0.002344638481736183,0.20635349974036216,0.9851903915405273,0.9118798598647118,1.2512134462594986
440,2,layer_23.attn_o,0.0015329368179664016,7.004313079295132e-05,0.015228565782308578,0.006138666998594999,-0.007619829673785716,0.2859580785036087,0.9851903915405273,0.9118798598647118,1.2512134462594986
440,2,layer_23.mlp_down,0.005136291030794382,0.00015844026564589307,-0.003767175367102027,0.006138666998594999,-0.0023004418588243427,0.23795889914035798,0.9851903915405273,0.9118798598647118,1.2512134462594986
440,2,layer_24.attn_o,0.0017969729378819466,9.392572205612833e-05,0.004963926039636135,0.006138666998594999,-0.0020046966150403024,0.42982401251792907,0.9851903915405273,0.9118798598647118,1.2512134462594986
440,2,layer_24.mlp_down,0.0061457399278879166,0.0002724404518828202,0.015973635017871857,0.006138666998594999,0.004410665755858645,0.2550502225756645,0.9851903915405273,0.9118798598647118,1.2512134462594986
440,2,layer_25.attn_o,0.0016730878269299865,7.69054971425365e-05,0.03283648565411568,0.006138666998594999,0.011167721136007457,0.3048414081335068,0.9851903915405273,0.9118798598647118,1.2512134462594986
440,2,layer_25.mlp_down,0.006755240727216005,0.0003667334531437481,-0.01740826852619648,0.006138666998594999,-0.00769096277654171,0.17635117769241332,0.9851903915405273,0.9118798598647118,1.2512134462594986
460,2,layer_0.attn_o,0.0006101473118178546,2.9931974018428333e-05,0.1491783857345581,0.022604195401072502,-0.005597768817096949,0.17052730582654477,0.9224875628948211,0.911913774907589,1.2512765973806381
460,2,layer_0.mlp_down,0.0018260091310366988,5.608061013325951e-05,0.004306409973651171,0.022604195401072502,-0.0028786772629246114,0.08052032962441444,0.9224875628948211,0.911913774907589,1.2512765973806381
460,2,layer_1.attn_o,0.0005964580341242254,2.471432096859669e-05,0.11082806438207626,0.022604195401072502,0.011098167486488819,0.12980473972856998,0.9224875628948211,0.911913774907589,1.2512765973806381
460,2,layer_1.mlp_down,0.0023901639506220818,0.00012698345058473348,0.009030204266309738,0.022604195401072502,-0.0016185452870558948,0.07810463681817055,0.9224875628948211,0.911913774907589,1.2512765973806381
460,2,layer_2.attn_o,0.0005762362852692604,2.5320204655305704e-05,0.06656927615404129,0.022604195401072502,-0.005976212013047188,0.118979487195611,0.9224875628948211,0.911913774907589,1.2512765973806381
460,2,layer_2.mlp_down,0.0024075752589851618,0.00013052084836839422,0.011458401568233967,0.022604195401072502,-0.005865564383566379,0.10644645392894744,0.9224875628948211,0.911913774907589,1.2512765973806381
460,2,layer_3.attn_o,0.0005560800200328231,2.470563265005353e-05,0.03713570535182953,0.022604195401072502,-0.0053568747593089935,0.10938101708889007,0.9224875628948211,0.911913774907589,1.2512765973806381
460,2,layer_3.mlp_down,0.002274623606353998,0.0001036382393015609,0.02511087991297245,0.022604195401072502,0.001955107832327485,0.0945554468780756,0.9224875628948211,0.911913774907589,1.2512765973806381
460,2,layer_4.attn_o,0.0006763630080968142,3.677877256910969e-05,0.02838010899722576,0.022604195401072502,-0.0015839710948057472,0.10622828342020511,0.9224875628948211,0.911913774907589,1.2512765973806381
460,2,layer_4.mlp_down,0.001974034123122692,6.23898057951033e-05,0.04048435017466545,0.022604195401072502,-0.0002891280222684145,0.15228885859251023,0.9224875628948211,0.911913774907589,1.2512765973806381
460,2,layer_5.attn_o,0.0006180471973493695,2.4469445921893553e-05,0.16752302646636963,0.022604195401072502,0.010573734482750296,0.3113299861550331,0.9224875628948211,0.911913774907589,1.2512765973806381
460,2,layer_5.mlp_down,0.0021890748757869005,8.825140880726673e-05,0.008679519407451153,0.022604195401072502,0.0005190657451748848,0.08535071276128292,0.9224875628948211,0.911913774907589,1.2512765973806381
460,2,layer_6.attn_o,0.0006532082334160805,3.5526993373670524e-05,0.006967918947339058,0.022604195401072502,-0.0017161329044029117,0.11952597387135029,0.9224875628948211,0.911913774907589,1.2512765973806381
460,2,layer_6.mlp_down,0.00226260581985116,9.678448808087883e-05,0.021558785811066628,0.022604195401072502,0.0011672464097500779,0.12074924036860465,0.9224875628948211,0.911913774907589,1.2512765973806381
460,2,layer_7.attn_o,0.0005245173815637827,1.65932787689578e-05,0.028164077550172806,0.022604195401072502,0.0038155579008162023,0.1947613801807165,0.9224875628948211,0.911913774907589,1.2512765973806381
460,2,layer_7.mlp_down,0.002022692933678627,6.613889155898735e-05,0.021653739735484123,0.022604195401072502,0.0016645850148051978,0.15727957040071489,0.9224875628948211,0.911913774907589,1.2512765973806381
460,2,layer_8.attn_o,0.0005511657218448818,1.756952787316652e-05,0.014431911520659924,0.022604195401072502,-0.0019016147125512362,0.1713366135954857,0.9224875628948211,0.911913774907589,1.2512765973806381
460,2,layer_8.mlp_down,0.0020620657596737146,6.684882710293937e-05,0.02620301954448223,0.022604195401072502,-0.005666877096518874,0.19575633704662324,0.9224875628948211,0.911913774907589,1.2512765973806381
460,2,layer_9.attn_o,0.0005485481233336031,1.828439921121494e-05,0.01989579200744629,0.022604195401072502,-0.015830477789859288,0.2549041919410229,0.9224875628948211,0.911913774907589,1.2512765973806381
460,2,layer_9.mlp_down,0.002593795070424676,0.00013139202465361956,0.034707799553871155,0.022604195401072502,-0.001054194473545067,0.26588393598794935,0.9224875628948211,0.911913774907589,1.2512765973806381
460,2,layer_10.attn_o,0.000701627810485661,3.8161449559563285e-05,0.02048468589782715,0.022604195401072502,-0.005120547488331795,0.34065698459744453,0.9224875628948211,0.911913774907589,1.2512765973806381
460,2,layer_10.mlp_down,0.0020847150590270758,6.224439094688983e-05,0.007777736987918615,0.022604195401072502,0.010599313501734287,0.3813598155975342,0.9224875628948211,0.911913774907589,1.2512765973806381
460,2,layer_11.attn_o,0.0006956129218451679,2.8975275585221018e-05,0.04714201018214226,0.022604195401072502,-0.012727901455946267,0.5380508452653885,0.9224875628948211,0.911913774907589,1.2512765973806381
460,2,layer_11.mlp_down,0.002775985049083829,0.00015477262200378318,0.05763939768075943,0.022604195401072502,0.001045746891759336,0.3495352312922478,0.9224875628948211,0.911913774907589,1.2512765973806381
460,2,layer_12.attn_o,0.0006131593836471438,2.2093326524029362e-05,0.012663220055401325,0.022604195401072502,-0.0034169814665801824,0.32036326080560684,0.9224875628948211,0.911913774907589,1.2512765973806381
460,2,layer_12.mlp_down,0.002358226105570793,8.761542038905669e-05,0.027296418324112892,0.022604195401072502,0.0013538828352466226,0.24477483183145524,0.9224875628948211,0.911913774907589,1.2512765973806381
460,2,layer_13.attn_o,0.00068017648300156,3.531789298750309e-05,0.007561778649687767,0.022604195401072502,-0.001928104150283616,0.20028359144926072,0.9224875628948211,0.911913774907589,1.2512765973806381
460,2,layer_13.mlp_down,0.0024840706028044224,0.00011808871250740346,0.01407785713672638,0.022604195401072502,0.006513329292647541,0.21999287009239196,0.9224875628948211,0.911913774907589,1.2512765973806381
460,2,layer_14.attn_o,0.000569427851587534,1.988952981269798e-05,0.008856992237269878,0.022604195401072502,0.0034467952369595877,0.24145472943782806,0.9224875628948211,0.911913774907589,1.2512765973806381
460,2,layer_14.mlp_down,0.0024122416507452726,0.00010801205320759615,0.008263042196631432,0.022604195401072502,0.001279893354512751,0.2512538403272629,0.9224875628948211,0.911913774907589,1.2512765973806381
460,2,layer_15.attn_o,0.0007290866924449801,3.965388985943777e-05,0.02429915778338909,0.022604195401072502,0.0034509234130382536,0.39064161777496337,0.9224875628948211,0.911913774907589,1.2512765973806381
460,2,layer_15.mlp_down,0.0022905117366462946,8.996304558546695e-05,0.026200443506240845,0.022604195401072502,0.0008926132693886756,0.15095509737730026,0.9224875628948211,0.911913774907589,1.2512765973806381
460,2,layer_16.attn_o,0.0006370545015670359,2.845709888402713e-05,0.016793567687273026,0.022604195401072502,0.0006934914912562817,0.176974880695343,0.9224875628948211,0.911913774907589,1.2512765973806381
460,2,layer_16.mlp_down,0.0020915118511766195,6.37133663717804e-05,0.031315796077251434,0.022604195401072502,0.0016409252071753143,0.14655068069696425,0.9224875628948211,0.911913774907589,1.2512765973806381
460,2,layer_17.attn_o,0.0006996025913394988,4.052034957821073e-05,0.023272089660167694,0.022604195401072502,8.840258233249188e-05,0.3805572181940079,0.9224875628948211,0.911913774907589,1.2512765973806381
460,2,layer_17.mlp_down,0.0022934379521757364,9.292072031330524e-05,0.036037325859069824,0.022604195401072502,0.0008938180399127305,0.16324835568666457,0.9224875628948211,0.911913774907589,1.2512765973806381
460,2,layer_18.attn_o,0.000670050154440105,3.478042401229283e-05,0.01064638327807188,0.022604195401072502,-0.0036687436746433376,0.1791966088116169,0.9224875628948211,0.911913774907589,1.2512765973806381
460,2,layer_18.mlp_down,0.0022259096149355173,8.836980849979465e-05,0.035910215228796005,0.022604195401072502,-0.00012567347148433327,0.20841893255710603,0.9224875628948211,0.911913774907589,1.2512765973806381
460,2,layer_19.attn_o,0.000697426323313266,4.010570909146838e-05,0.024334536865353584,0.022604195401072502,-0.0008382501895539462,0.1488098047673702,0.9224875628948211,0.911913774907589,1.2512765973806381
460,2,layer_19.mlp_down,0.0022133958991616964,9.168744498881968e-05,0.018092885613441467,0.022604195401072502,-0.0037294372596079484,0.1865452080965042,0.9224875628948211,0.911913774907589,1.2512765973806381
460,2,layer_20.attn_o,0.0005407581920735538,1.7654060151053908e-05,0.022579392418265343,0.022604195401072502,-0.005472239060327411,0.3061049535870552,0.9224875628948211,0.911913774907589,1.2512765973806381
460,2,layer_20.mlp_down,0.0024722220841795206,0.0001332554978039905,0.02375870570540428,0.022604195401072502,-0.0027951943106018008,0.24484635144472122,0.9224875628948211,0.911913774907589,1.2512765973806381
460,2,layer_21.attn_o,0.0006118685123510659,2.4715948784501725e-05,0.10679962486028671,0.022604195401072502,0.0001314006745815277,0.4994119256734848,0.9224875628948211,0.911913774907589,1.2512765973806381
460,2,layer_21.mlp_down,0.00198943424038589,6.709344013939782e-05,0.026854408904910088,0.022604195401072502,-0.0005865637362148845,0.1712818570435047,0.9224875628948211,0.911913774907589,1.2512765973806381
460,2,layer_22.attn_o,0.0005436808569356799,1.9326720066899384e-05,0.012221798300743103,0.022604195401072502,-0.0023851406469475476,0.15987822338938712,0.9224875628948211,0.911913774907589,1.2512765973806381
460,2,layer_22.mlp_down,0.0020184838213026524,7.027246928201294e-05,0.02994561940431595,0.022604195401072502,0.0018147452909033745,0.17786640971899031,0.9224875628948211,0.911913774907589,1.2512765973806381
460,2,layer_23.attn_o,0.0005759521736763418,2.6316474990021938e-05,0.05016939714550972,0.022604195401072502,0.00724728730856441,0.26324864774942397,0.9224875628948211,0.911913774907589,1.2512765973806381
460,2,layer_23.mlp_down,0.0019058692269027233,5.879075480465872e-05,0.024943456053733826,0.022604195401072502,0.0022004082275088876,0.20123445838689805,0.9224875628948211,0.911913774907589,1.2512765973806381
460,2,layer_24.attn_o,0.0006876509287394583,3.5942728264204966e-05,0.04528491199016571,0.022604195401072502,0.020176709481165744,0.36022453755140305,0.9224875628948211,0.911913774907589,1.2512765973806381
460,2,layer_24.mlp_down,0.0022846278734505177,0.00010127747960868434,0.06687944382429123,0.022604195401072502,0.010490134917199611,0.22296973764896394,0.9224875628948211,0.911913774907589,1.2512765973806381
460,2,layer_25.attn_o,0.0006289600278250873,2.891090524006071e-05,0.03992243483662605,0.022604195401072502,0.010897039622068404,0.21870132237672807,0.9224875628948211,0.911913774907589,1.2512765973806381
460,2,layer_25.mlp_down,0.0025625114794820547,0.00013911548444085677,-0.024540027603507042,0.022604195401072502,0.0008145312778651715,0.12044981829822063,0.9224875628948211,0.911913774907589,1.2512765973806381
480,2,layer_0.attn_o,0.00014582168660126626,7.153569064605648e-06,0.19709455966949463,0.018417175859212875,0.02397209054324776,0.08974974418524653,0.8605633437633514,0.9114720374345779,1.251077450811863
480,2,layer_0.mlp_down,0.0004315426340326667,1.3253588825881659e-05,0.010875279083848,0.018417175859212875,0.002483389154076576,0.07322819032706321,0.8605633437633514,0.9114720374345779,1.251077450811863
480,2,layer_1.attn_o,0.00014232571993488818,5.897285849661025e-06,0.3887541592121124,0.018417175859212875,0.02006527967751026,0.1249444454908371,0.8605633437633514,0.9114720374345779,1.251077450811863
480,2,layer_1.mlp_down,0.0005674138083122671,3.0145280732798004e-05,0.009530679322779179,0.018417175859212875,-0.0006241025534109212,0.06726882951334119,0.8605633437633514,0.9114720374345779,1.251077450811863
480,2,layer_2.attn_o,0.00013477870379574597,5.92226565824553e-06,0.15016810595989227,0.018417175859212875,0.0027474282775074243,0.10767403710633516,0.8605633437633514,0.9114720374345779,1.251077450811863
480,2,layer_2.mlp_down,0.0005729612894356251,3.106170546498698e-05,0.023603267967700958,0.018417175859212875,-0.00016488698311150073,0.08590612718835473,0.8605633437633514,0.9114720374345779,1.251077450811863
480,2,layer_3.attn_o,0.00013493480219040066,5.994909967142689e-06,0.035223040729761124,0.018417175859212875,0.005385443428531289,0.09698153641074896,0.8605633437633514,0.9114720374345779,1.251077450811863
480,2,layer_3.mlp_down,0.0005350009887479246,2.4376147483716908e-05,0.019557062536478043,0.018417175859212875,-0.004917597374878823,0.07217488531023264,0.8605633437633514,0.9114720374345779,1.251077450811863
480,2,layer_4.attn_o,0.00016547647828701884,8.998158810578143e-06,0.04873413220047951,0.018417175859212875,0.00199027294293046,0.09596838261932135,0.8605633437633514,0.9114720374345779,1.251077450811863
480,2,layer_4.mlp_down,0.0004680854908656329,1.4793950382385229e-05,0.07556010782718658,0.018417175859212875,-0.003593510971404612,0.12616900950670243,0.8605633437633514,0.9114720374345779,1.251077450811863
480,2,layer_5.attn_o,0.00014301424380391836,5.662155446750284e-06,0.45704972743988037,0.018417175859212875,0.021605489403009416,0.3164693519473076,0.8605633437633514,0.9114720374345779,1.251077450811863
480,2,layer_5.mlp_down,0.0005193164106458426,2.0935969510752403e-05,0.03229488432407379,0.018417175859212875,-0.00507492235628888,0.07619775822386146,0.8605633437633514,0.9114720374345779,1.251077450811863
480,2,layer_6.attn_o,0.00015853992954362184,8.622743465590535e-06,0.0036288753617554903,0.018417175859212875,-0.001962540060048923,0.10217873491346836,0.8605633437633514,0.9114720374345779,1.251077450811863
480,2,layer_6.mlp_down,0.0005430272431112826,2.3228356118147756e-05,0.018768582493066788,0.018417175859212875,-0.0010418490506708621,0.10113501641899347,0.8605633437633514,0.9114720374345779,1.251077450811863
480,2,layer_7.attn_o,0.0001274070964427665,4.030565130397372e-06,0.014175535179674625,0.018417175859212875,0.0005557773634791374,0.16886273473501207,0.8605633437633514,0.9114720374345779,1.251077450811863
480,2,layer_7.mlp_down,0.0004871667770203203,1.5929590745091153e-05,0.03297994285821915,0.018417175859212875,0.000423515000147745,0.14319905191659926,0.8605633437633514,0.9114720374345779,1.251077450811863
480,2,layer_8.attn_o,0.00013619988749269396,4.3416483006512145e-06,0.0057015554048120975,0.018417175859212875,-0.002875708742067218,0.17203907519578934,0.8605633437633514,0.9114720374345779,1.251077450811863
480,2,layer_8.mlp_down,0.0004915003664791584,1.5933644630710277e-05,0.02239549532532692,0.018417175859212875,0.010226356936618686,0.17917314395308495,0.8605633437633514,0.9114720374345779,1.251077450811863
480,2,layer_9.attn_o,0.00013070589920971543,4.356735058881679e-06,-0.00023318712192121893,0.018417175859212875,0.005687721958383918,0.2514238879084587,0.8605633437633514,0.9114720374345779,1.251077450811863
480,2,layer_9.mlp_down,0.0006190900458022952,3.13608023580473e-05,0.023106899112462997,0.018417175859212875,0.014700256660580635,0.2434564173221588,0.8605633437633514,0.9114720374345779,1.251077450811863
480,2,layer_10.attn_o,0.00017199588182847947,9.354834672683296e-06,0.015533010475337505,0.018417175859212875,0.016725983750075103,0.3152441784739494,0.8605633437633514,0.9114720374345779,1.251077450811863
480,2,layer_10.mlp_down,0.0005009604501537979,1.4957429301084127e-05,0.0658731758594513,0.018417175859212875,0.018787559930933638,0.3407389894127846,0.8605633437633514,0.9114720374345779,1.251077450811863
480,2,layer_11.attn_o,0.0001613144122529775,6.7194403728146415e-06,0.0850771889090538,0.018417175859212875,0.030233719013631345,0.4702657267451286,0.8605633437633514,0.9114720374345779,1.251077450811863
480,2,layer_11.mlp_down,0.0006600407068617642,3.679999316420699e-05,0.06982972472906113,0.018417175859212875,0.008152503101155163,0.31887028068304063,0.8605633437633514,0.9114720374345779,1.251077450811863
480,2,layer_12.attn_o,0.00014547262981068343,5.2416621133637086e-06,0.007279553450644016,0.018417175859212875,0.006403266824781895,0.2839433431625366,0.8605633437633514,0.9114720374345779,1.251077450811863
480,2,layer_12.mlp_down,0.0005587729392573237,2.076014927466402e-05,0.02196042239665985,0.018417175859212875,0.008120592217892408,0.2107340231537819,0.8605633437633514,0.9114720374345779,1.251077450811863
480,2,layer_13.attn_o,0.0001586975995451212,8.240309652245584e-06,0.0024091911036521196,0.018417175859212875,0.0041629276005551216,0.16962674856185914,0.8605633437633514,0.9114720374345779,1.251077450811863
480,2,layer_13.mlp_down,0.0005886836443096399,2.7985074118048596e-05,0.010773747228085995,0.018417175859212875,0.005968086171196774,0.1834661580622196,0.8605633437633514,0.9114720374345779,1.251077450811863
480,2,layer_14.attn_o,0.0001350788661511615,4.718166011530202e-06,0.0015589632093906403,0.018417175859212875,0.004953410872258246,0.20242054089903833,0.8605633437633514,0.9114720374345779,1.251077450811863
480,2,layer_14.mlp_down,0.0005766047979705036,2.5818420015632967e-05,0.00932377204298973,0.018417175859212875,0.007247808866668493,0.22714651003479958,0.8605633437633514,0.9114720374345779,1.251077450811863
480,2,layer_15.attn_o,0.00017677043797448277,9.614268852361055e-06,0.04133906215429306,0.018417175859212875,0.018240105523727835,0.3335652410984039,0.8605633437633514,0.9114720374345779,1.251077450811863
480,2,layer_15.mlp_down,0.0005443749250844121,2.138108502891148e-05,0.02860589511692524,0.018417175859212875,0.004251996288076043,0.13482435382902622,0.8605633437633514,0.9114720374345779,1.251077450811863
480,2,layer_16.attn_o,0.00015300032100640237,6.8344941499623465e-06,0.021829087287187576,0.018417175859212875,0.011202739825239404,0.15061319693922998,0.8605633437633514,0.9114720374345779,1.251077450811863
480,2,layer_16.mlp_down,0.0005014800117351115,1.5276499484250717e-05,0.03297749534249306,0.018417175859212875,0.00925474960822612,0.13391071893274784,0.8605633437633514,0.9114720374345779,1.251077450811863
480,2,layer_17.attn_o,0.0001636087108636275,9.476069661081491e-06,0.030496997758746147,0.018417175859212875,0.00515516409650445,0.3472898729145527,0.8605633437633514,0.9114720374345779,1.251077450811863
480,2,layer_17.mlp_down,0.0005522971041500568,2.237681847720789e-05,0.015092259272933006,0.018417175859212875,0.009409920583493658,0.1438235640525818,0.8605633437633514,0.9114720374345779,1.251077450811863
480,2,layer_18.attn_o,0.00015991917462088168,8.300955777941468e-06,0.006679822225123644,0.018417175859212875,0.0031305869175412226,0.16828350126743316,0.8605633437633514,0.9114720374345779,1.251077450811863
480,2,layer_18.mlp_down,0.0005318981711752713,2.1116643377054363e-05,0.004713295493274927,0.018417175859212875,0.008578399394173175,0.17307905443012714,0.8605633437633514,0.9114720374345779,1.251077450811863
480,2,layer_19.attn_o,0.00016092250007204711,9.253896445291455e-06,0.005089058540761471,0.018417175859212875,0.0012284268595976755,0.13105190005153416,0.8605633437633514,0.9114720374345779,1.251077450811863
480,2,layer_19.mlp_down,0.0005277862655930221,2.1862954661993628e-05,0.006441191770136356,0.018417175859212875,0.004050184250809252,0.1624721974134445,0.8605633437633514,0.9114720374345779,1.251077450811863
480,2,layer_20.attn_o,0.0001253615482710302,4.092661648489616e-06,0.008548088371753693,0.018417175859212875,0.00605708594666794,0.25856689661741256,0.8605633437633514,0.9114720374345779,1.251077450811863
480,2,layer_20.mlp_down,0.0005960767739452422,3.212919573438375e-05,0.006160130258649588,0.018417175859212875,0.007504132809117436,0.21194962412118912,0.8605633437633514,0.9114720374345779,1.251077450811863
480,2,layer_21.attn_o,0.00014497016672976315,5.855956212562341e-06,0.07435736060142517,0.018417175859212875,-0.002035193983465433,0.4810823708772659,0.8605633437633514,0.9114720374345779,1.251077450811863
480,2,layer_21.mlp_down,0.0004794422129634768,1.616913329566799e-05,0.013459078967571259,0.018417175859212875,0.0059298666194081305,0.14686674624681473,0.8605633437633514,0.9114720374345779,1.251077450811863
480,2,layer_22.attn_o,0.00013327508349902928,4.737651138199089e-06,0.01391399372369051,0.018417175859212875,0.007264836225658655,0.13769293539226055,0.8605633437633514,0.9114720374345779,1.251077450811863
480,2,layer_22.mlp_down,0.00048357935156673193,1.683556477874468e-05,0.009938160888850689,0.018417175859212875,0.006459630466997624,0.1591975100338459,0.8605633437633514,0.9114720374345779,1.251077450811863
480,2,layer_23.attn_o,0.00014199405268300325,6.4880090864350316e-06,0.03064831532537937,0.018417175859212875,0.004000495094805956,0.23902370408177376,0.8605633437633514,0.9114720374345779,1.251077450811863
480,2,layer_23.mlp_down,0.0004594495112542063,1.417273713221301e-05,0.01367382612079382,0.018417175859212875,0.007286051590926945,0.19515566527843475,0.8605633437633514,0.9114720374345779,1.251077450811863
480,2,layer_24.attn_o,0.00016699104162398726,8.72843092446638e-06,0.020954672247171402,0.018417175859212875,0.012865683156996965,0.37336156368255613,0.8605633437633514,0.9114720374345779,1.251077450811863
480,2,layer_24.mlp_down,0.0005522375577129424,2.4480673041054674e-05,0.02479737251996994,0.018417175859212875,0.010012646298855543,0.21183742731809616,0.8605633437633514,0.9114720374345779,1.251077450811863
480,2,layer_25.attn_o,0.00014752012793906033,6.780940363723524e-06,0.06733990460634232,0.018417175859212875,0.00712402667850256,0.23203279748558997,0.8605633437633514,0.9114720374345779,1.251077450811863
480,2,layer_25.mlp_down,0.0006160663324408233,3.344545652631768e-05,-0.06856584548950195,0.018417175859212875,0.0007105158641934395,0.14353378638625144,0.8605633437633514,0.9114720374345779,1.251077450811863
500,2,layer_0.attn_o,1.0450919035065453e-05,5.126903470151835e-07,-0.1934482753276825,0.02867516316473484,0.011528653465211392,0.11322706425562501,0.9885325253009796,0.9121263027191162,1.2509275525808334
500,2,layer_0.mlp_down,3.281861063442193e-05,1.007929082511949e-06,0.007347074802964926,0.02867516316473484,0.0020351773622678594,0.09456475079059601,0.9885325253009796,0.9121263027191162,1.2509275525808334
500,2,layer_1.attn_o,1.1675422683765646e-05,4.837727503734519e-07,0.13140231370925903,0.02867516316473484,-0.008892934024333953,0.1338944613933563,0.9885325253009796,0.9121263027191162,1.2509275525808334
500,2,layer_1.mlp_down,4.161399556323886e-05,2.2108478156331207e-06,-0.003857055911794305,0.02867516316473484,0.003995431252405979,0.09428630843758583,0.9885325253009796,0.9121263027191162,1.2509275525808334
500,2,layer_2.attn_o,1.0279436537530273e-05,4.516852609340153e-07,-0.006105819717049599,0.02867516316473484,0.007824942632578314,0.12122077569365501,0.9885325253009796,0.9121263027191162,1.2509275525808334
500,2,layer_2.mlp_down,4.43603603343945e-05,2.4048892524395716e-06,0.0025277764070779085,0.02867516316473484,0.010301990911830216,0.11806566305458546,0.9885325253009796,0.9121263027191162,1.2509275525808334
500,2,layer_3.attn_o,9.87062776403036e-06,4.3853419432181594e-07,0.011655348353087902,0.02867516316473484,0.014064493542537092,0.12531352713704108,0.9885325253009796,0.9121263027191162,1.2509275525808334
500,2,layer_3.mlp_down,4.125580016989261e-05,1.8797301138706663e-06,0.008707534521818161,0.02867516316473484,0.010996042680926622,0.11249035336077214,0.9885325253009796,0.9121263027191162,1.2509275525808334
500,2,layer_4.attn_o,1.2455196156224702e-05,6.772795396105804e-07,0.009929056279361248,0.02867516316473484,0.013699706364423036,0.12389182485640049,0.9885325253009796,0.9121263027191162,1.2509275525808334
500,2,layer_4.mlp_down,3.679070869111456e-05,1.162778871659957e-06,0.003952144645154476,0.02867516316473484,0.01299617849290371,0.18001247346401214,0.9885325253009796,0.9121263027191162,1.2509275525808334
500,2,layer_5.attn_o,1.0764479156932794e-05,4.2618240441437054e-07,0.22575505077838898,0.02867516316473484,0.015451976773329079,0.3268039241433144,0.9885325253009796,0.9121263027191162,1.2509275525808334
500,2,layer_5.mlp_down,4.044768866151571e-05,1.6306274156535322e-06,-0.006460315547883511,0.02867516316473484,0.0023629872113815507,0.09341390617191792,0.9885325253009796,0.9121263027191162,1.2509275525808334
500,2,layer_6.attn_o,1.185591554531129e-05,6.448250519046542e-07,-0.003658059984445572,0.02867516316473484,-0.0037093063816428184,0.12314846739172935,0.9885325253009796,0.9121263027191162,1.2509275525808334
500,2,layer_6.mlp_down,4.1897554183378816e-05,1.7921961032284235e-06,0.0025459995958954096,0.02867516316473484,0.0032595687749562784,0.12183694913983345,0.9885325253009796,0.9121263027191162,1.2509275525808334
500,2,layer_7.attn_o,9.838292498898227e-06,3.1123759818608255e-07,0.011393435299396515,0.02867516316473484,-0.0018316405126824974,0.1962671171873808,0.9885325253009796,0.9121263027191162,1.2509275525808334
500,2,layer_7.mlp_down,3.778744212468155e-05,1.2355901854220392e-06,0.01028802152723074,0.02867516316473484,-0.0020823271945118902,0.1603915926069021,0.9885325253009796,0.9121263027191162,1.2509275525808334
500,2,layer_8.attn_o,1.0442533493915107e-05,3.3287698421029845e-07,0.010093544609844685,0.02867516316473484,-3.680987283587456e-05,0.18820318579673767,0.9885325253009796,0.9121263027191162,1.2509275525808334
500,2,layer_8.mlp_down,3.7901263567619026e-05,1.2286974861633922e-06,0.024183189496397972,0.02867516316473484,0.0018681457440834492,0.1977610170841217,0.9885325253009796,0.9121263027191162,1.2509275525808334
500,2,layer_9.attn_o,1.0069352356367745e-05,3.3563519853707845e-07,0.009670075960457325,0.02867516316473484,0.00530488109216094,0.2605276070535183,0.9885325253009796,0.9121263027191162,1.2509275525808334
500,2,layer_9.mlp_down,4.699772034655325e-05,2.3807299585264475e-06,0.015199028886854649,0.02867516316473484,0.004163093212991953,0.26640592962503434,0.9885325253009796,0.9121263027191162,1.2509275525808334
500,2,layer_10.attn_o,1.2614693332579918e-05,6.861116052218486e-07,0.012836584821343422,0.02867516316473484,0.007494305958971381,0.34283440858125686,0.9885325253009796,0.9121263027191162,1.2509275525808334
500,2,layer_10.mlp_down,3.823446968453936e-05,1.1415858816706357e-06,0.06994263082742691,0.02867516316473484,0.010645565367303789,0.3766871318221092,0.9885325253009796,0.9121263027191162,1.2509275525808334
500,2,layer_11.attn_o,1.2181707461422775e-05,5.074206066457073e-07,0.11887042969465256,0.02867516316473484,0.01032523940957617,0.5266500055789948,0.9885325253009796,0.9121263027191162,1.2509275525808334
500,2,layer_11.mlp_down,5.0188788009108976e-05,2.798232043045581e-06,0.06287556141614914,0.02867516316473484,0.004639542615041137,0.35214254409074786,0.9885325253009796,0.9121263027191162,1.2509275525808334
500,2,layer_12.attn_o,1.0791036402224563e-05,3.8882205365421367e-07,0.013428601436316967,0.02867516316473484,0.006711668032221496,0.33131439834833143,0.9885325253009796,0.9121263027191162,1.2509275525808334
500,2,layer_12.mlp_down,4.330410956754349e-05,1.608882098019077e-06,0.038591597229242325,0.02867516316473484,0.007101623562630266,0.25333969965577124,0.9885325253009796,0.9121263027191162,1.2509275525808334
500,2,layer_13.attn_o,1.2086655260645784e-05,6.275947606841179e-07,0.00805487297475338,0.02867516316473484,0.004584845964564011,0.20999590530991555,0.9885325253009796,0.9121263027191162,1.2509275525808334
500,2,layer_13.mlp_down,4.542901297099888e-05,2.1596222476914774e-06,0.02790587581694126,0.02867516316473484,0.015159598179161548,0.22015867680311202,0.9885325253009796,0.9121263027191162,1.2509275525808334
500,2,layer_14.attn_o,1.0712693438108545e-05,3.741833753258207e-07,0.013086534105241299,0.02867516316473484,0.01071485892025521,0.22716129049658776,0.9885325253009796,0.9121263027191162,1.2509275525808334
500,2,layer_14.mlp_down,4.475868627196178e-05,2.0041431593785826e-06,0.026701856404542923,0.02867516316473484,0.01263518799096346,0.2518248111009598,0.9885325253009796,0.9121263027191162,1.2509275525808334
500,2,layer_15.attn_o,1.3373742149269674e-05,7.273770097452169e-07,0.058363668620586395,0.02867516316473484,0.025330873671919107,0.3791233316063881,0.9885325253009796,0.9121263027191162,1.2509275525808334
500,2,layer_15.mlp_down,4.213342253933661e-05,1.6548489806596477e-06,0.026010530069470406,0.02867516316473484,0.016715871379710735,0.15474151074886322,0.9885325253009796,0.9121263027191162,1.2509275525808334
500,2,layer_16.attn_o,1.1588280358409975e-05,5.176461970583864e-07,0.02586696483194828,0.02867516316473484,0.017616282822564243,0.1680212989449501,0.9885325253009796,0.9121263027191162,1.2509275525808334
500,2,layer_16.mlp_down,3.760353502002545e-05,1.1455100301043604e-06,0.03976992890238762,0.02867516316473484,0.012461490975692869,0.1518236007541418,0.9885325253009796,0.9121263027191162,1.2509275525808334
500,2,layer_17.attn_o,1.2191704627184663e-05,7.06132587468576e-07,0.04678180441260338,0.02867516316473484,0.013490950330742634,0.3780330538749695,0.9885325253009796,0.9121263027191162,1.2509275525808334
500,2,layer_17.mlp_down,4.234973312122747e-05,1.7158378769163938e-06,0.027427662163972855,0.02867516316473484,0.011173665232490748,0.1718476004898548,0.9885325253009796,0.9121263027191162,1.2509275525808334
500,2,layer_18.attn_o,1.1764485861931462e-05,6.106614614640404e-07,0.007082855794578791,0.02867516316473484,0.002867264812812209,0.17735701203346252,0.9885325253009796,0.9121263027191162,1.2509275525808334
500,2,layer_18.mlp_down,4.071626972290687e-05,1.616457799587474e-06,0.022186866030097008,0.02867516316473484,0.007089695706963539,0.20659413784742356,0.9885325253009796,0.9121263027191162,1.2509275525808334
500,2,layer_19.attn_o,1.230393536388874e-05,7.075414791344251e-07,0.015654420480132103,0.02867516316473484,-4.431490378919989e-05,0.14777281731367112,0.9885325253009796,0.9121263027191162,1.2509275525808334
500,2,layer_19.mlp_down,4.0971637645270675e-05,1.697204180293901e-06,0.018219225108623505,0.02867516316473484,0.003289825200045016,0.19366001412272454,0.9885325253009796,0.9121263027191162,1.2509275525808334
500,2,layer_20.attn_o,9.728805707709398e-06,3.1761501476884977e-07,0.020279064774513245,0.02867516316473484,0.010966996039496735,0.3027366980910301,0.9885325253009796,0.9121263027191162,1.2509275525808334
500,2,layer_20.mlp_down,4.607886876328848e-05,2.4837018626239565e-06,0.023505069315433502,0.02867516316473484,0.007637861272087321,0.25239780843257903,0.9885325253009796,0.9121263027191162,1.2509275525808334
500,2,layer_21.attn_o,1.0571739039733075e-05,4.270371091088962e-07,0.1046309769153595,0.02867516316473484,0.013165634730830789,0.4917039856314659,0.9885325253009796,0.9121263027191162,1.2509275525808334
500,2,layer_21.mlp_down,3.746398942894302e-05,1.2634687194517479e-06,0.033055052161216736,0.02867516316473484,0.01030626634019427,0.17697048485279082,0.9885325253009796,0.9121263027191162,1.2509275525808334
500,2,layer_22.attn_o,9.914239853969775e-06,3.524305406185005e-07,0.026021534577012062,0.02867516316473484,0.009010741638485342,0.15262276381254197,0.9885325253009796,0.9121263027191162,1.2509275525808334
500,2,layer_22.mlp_down,3.801691855187528e-05,1.3235393382590164e-06,0.040242381393909454,0.02867516316473484,0.012944605643860995,0.1871466413140297,0.9885325253009796,0.9121263027191162,1.2509275525808334
500,2,layer_23.attn_o,1.0037515494332183e-05,4.5863534776238507e-07,0.0626387968659401,0.02867516316473484,0.0202541442704387,0.25907250940799714,0.9885325253009796,0.9121263027191162,1.2509275525808334
500,2,layer_23.mlp_down,3.619724157033488e-05,1.116584036159148e-06,0.04355177283287048,0.02867516316473484,0.012889803451253101,0.20799806267023085,0.9885325253009796,0.9121263027191162,1.2509275525808334
500,2,layer_24.attn_o,1.2608351426024456e-05,6.590241214331311e-07,0.04939098283648491,0.02867516316473484,0.016276555228978397,0.37699112594127654,0.9885325253009796,0.9121263027191162,1.2509275525808334
500,2,layer_24.mlp_down,4.26457409048453e-05,1.8904843126003518e-06,0.08196553587913513,0.02867516316473484,0.014003932784544305,0.23917121216654777,0.9885325253009796,0.9121263027191162,1.2509275525808334
500,2,layer_25.attn_o,1.170049927168293e-05,5.378275418785395e-07,0.0827585756778717,0.02867516316473484,0.010212162020616233,0.2625871118158102,0.9885325253009796,0.9121263027191162,1.2509275525808334
500,2,layer_25.mlp_down,4.7253488446585834e-05,2.565331702668477e-06,0.006689365021884441,0.02867516316473484,0.009150767873506993,0.15446194112300873,0.9885325253009796,0.9121263027191162,1.2509275525808334
