step,epoch,layer,weight_delta_abs,weight_delta_rel,grad_cossim_train_vs_safety,grad_cossim_whole_model,cossim_intra_math,cossim_intra_safety,train_loss,math_val_loss,safety_val_loss
20,1,layer_0.attn_o,0.03691723942756653,0.0018111111924666904,0.05699681118130684,-0.0073917624540627,0.020679008029401303,0.09370994381606579,1.2262127935886382,1.2093281298875809,1.292148768901825
20,1,layer_0.mlp_down,0.10247280448675156,0.0031477278594528543,-0.0032002257648855448,-0.0073917624540627,0.00459249303676188,0.06094934828579426,1.2262127935886382,1.2093281298875809,1.292148768901825
20,1,layer_1.attn_o,0.03618723526597023,0.0014994476180676475,0.3346676826477051,-0.0073917624540627,-0.027375020587351175,0.10721567841246724,1.2262127935886382,1.2093281298875809,1.292148768901825
20,1,layer_1.mlp_down,0.1295188069343567,0.006890404440086688,0.006758308038115501,-0.0073917624540627,0.006101978127480834,0.062122907303273675,1.2262127935886382,1.2093281298875809,1.292148768901825
20,1,layer_2.attn_o,0.03467852994799614,0.0015238249423500778,0.07325315475463867,-0.0073917624540627,0.0035481816448736936,0.09662703033536672,1.2262127935886382,1.2093281298875809,1.292148768901825
20,1,layer_2.mlp_down,0.12032593786716461,0.006532699751275214,0.0027313653845340014,-0.0073917624540627,0.010209804819896817,0.09151847548782825,1.2262127935886382,1.2093281298875809,1.292148768901825
20,1,layer_3.attn_o,0.03589014708995819,0.0015945777633592656,0.006414202973246574,-0.0073917624540627,0.0008000345434993506,0.10473504699766636,1.2262127935886382,1.2093281298875809,1.292148768901825
20,1,layer_3.mlp_down,0.12828293442726135,0.005849500269178387,-0.005309961270540953,-0.0073917624540627,0.013975221646251156,0.07241977136582137,1.2262127935886382,1.2093281298875809,1.292148768901825
20,1,layer_4.attn_o,0.041092418134212494,0.002234603059260222,0.04394451528787613,-0.0073917624540627,0.003529638549662195,0.08979334831237792,1.2262127935886382,1.2093281298875809,1.292148768901825
20,1,layer_4.mlp_down,0.11838163435459137,0.003742206953740393,-0.007908519357442856,-0.0073917624540627,0.009028916992247105,0.10935332886874675,1.2262127935886382,1.2093281298875809,1.292148768901825
20,1,layer_5.attn_o,0.035913966596126556,0.0014219102931046772,0.24277019500732422,-0.0073917624540627,-0.047235925868153575,0.23102370761334895,1.2262127935886382,1.2093281298875809,1.292148768901825
20,1,layer_5.mlp_down,0.13455846905708313,0.005427052153553728,-0.004202648065984249,-0.0073917624540627,0.007041880371980369,0.06433367170393467,1.2262127935886382,1.2093281298875809,1.292148768901825
20,1,layer_6.attn_o,0.041905179619789124,0.002279274505404889,6.67433996568434e-05,-0.0073917624540627,0.008336737228091806,0.09937027096748352,1.2262127935886382,1.2093281298875809,1.292148768901825
20,1,layer_6.mlp_down,0.13602030277252197,0.005821759079735872,0.01519178319722414,-0.0073917624540627,0.006379270437173545,0.10263595283031464,1.2262127935886382,1.2093281298875809,1.292148768901825
20,1,layer_7.attn_o,0.0348321758210659,0.0011019345785824037,0.007365161087363958,-0.0073917624540627,0.014394401363097132,0.17236092686653137,1.2262127935886382,1.2093281298875809,1.292148768901825
20,1,layer_7.mlp_down,0.12528471648693085,0.004097348978370994,0.006548274774104357,-0.0073917624540627,0.01607202850282192,0.13326705284416676,1.2262127935886382,1.2093281298875809,1.292148768901825
20,1,layer_8.attn_o,0.03566976264119148,0.0011370576750500457,0.0024668611586093903,-0.0073917624540627,0.025689788977615535,0.16070930063724517,1.2262127935886382,1.2093281298875809,1.292148768901825
20,1,layer_8.mlp_down,0.126636803150177,0.004106066830263996,-0.010887525044381618,-0.0073917624540627,0.010948496055789292,0.17773731350898742,1.2262127935886382,1.2093281298875809,1.292148768901825
20,1,layer_9.attn_o,0.03536786884069443,0.0011789016786281816,-0.008785448037087917,-0.0073917624540627,0.027355843083932997,0.2609410144388676,1.2262127935886382,1.2093281298875809,1.292148768901825
20,1,layer_9.mlp_down,0.15841832756996155,0.008032579914939582,-0.036036401987075806,-0.0073917624540627,0.01990061057731509,0.23830583244562148,1.2262127935886382,1.2093281298875809,1.292148768901825
20,1,layer_10.attn_o,0.04652267321944237,0.0025304787174842943,-0.012957856059074402,-0.0073917624540627,0.015890627840417438,0.2965265244245529,1.2262127935886382,1.2093281298875809,1.292148768901825
20,1,layer_10.mlp_down,0.12834620475769043,0.003832622630425374,-0.16484759747982025,-0.0073917624540627,0.0477355245500803,0.33815253227949144,1.2262127935886382,1.2093281298875809,1.292148768901825
20,1,layer_11.attn_o,0.03933784365653992,0.0016386275378857801,-0.06607121229171753,-0.0073917624540627,0.018797619501128793,0.4802711486816406,1.2262127935886382,1.2093281298875809,1.292148768901825
20,1,layer_11.mlp_down,0.1672825664281845,0.009339428926070347,-0.0015775186475366354,-0.0073917624540627,0.021561124827712774,0.3252753898501396,1.2262127935886382,1.2093281298875809,1.292148768901825
20,1,layer_12.attn_o,0.0386812798678875,0.0013937719865166674,-0.005700997076928616,-0.0073917624540627,0.01811527623794973,0.29331845343112944,1.2262127935886382,1.2093281298875809,1.292148768901825
20,1,layer_12.mlp_down,0.13877029716968536,0.005157252662851182,-0.008576315827667713,-0.0073917624540627,0.014048079727217555,0.2008892625570297,1.2262127935886382,1.2093281298875809,1.292148768901825
20,1,layer_13.attn_o,0.04038514941930771,0.0020970249597177214,-0.005074183922261,-0.0073917624540627,0.021675751043949275,0.20216309204697608,1.2262127935886382,1.2093281298875809,1.292148768901825
20,1,layer_13.mlp_down,0.14283302426338196,0.006795237795898741,-0.009943973273038864,-0.0073917624540627,0.01771230041049421,0.1713091515004635,1.2262127935886382,1.2093281298875809,1.292148768901825
20,1,layer_14.attn_o,0.03327946737408638,0.0011624282904190673,0.0015702835517004132,-0.0073917624540627,0.02074623084627092,0.2316853478550911,1.2262127935886382,1.2093281298875809,1.292148768901825
20,1,layer_14.mlp_down,0.13942654430866241,0.006247120121006395,-0.013575872406363487,-0.0073917624540627,0.022273627959657462,0.2239219419658184,1.2262127935886382,1.2093281298875809,1.292148768901825
20,1,layer_15.attn_o,0.04311129078269005,0.0023448615430035325,0.010104713030159473,-0.0073917624540627,0.03956081783398986,0.3458870694041252,1.2262127935886382,1.2093281298875809,1.292148768901825
20,1,layer_15.mlp_down,0.1333843171596527,0.0052409227590420274,-0.007667576894164085,-0.0073917624540627,0.011622565984725951,0.12744008004665375,1.2262127935886382,1.2093281298875809,1.292148768901825
20,1,layer_16.attn_o,0.038479290902614594,0.0017188948442476257,0.008693935349583626,-0.0073917624540627,0.014817435992881656,0.16498837284743786,1.2262127935886382,1.2093281298875809,1.292148768901825
20,1,layer_16.mlp_down,0.11967030167579651,0.0036460191087705754,-0.01654387079179287,-0.0073917624540627,0.01054350963095203,0.11667998395860195,1.2262127935886382,1.2093281298875809,1.292148768901825
20,1,layer_17.attn_o,0.0382271334528923,0.002214172490203647,-0.006124679930508137,-0.0073917624540627,0.005612439720425755,0.2851906821131706,1.2262127935886382,1.2093281298875809,1.292148768901825
20,1,layer_17.mlp_down,0.13141489028930664,0.005326681840788093,0.020957471802830696,-0.0073917624540627,0.007174860825762153,0.1222042141482234,1.2262127935886382,1.2093281298875809,1.292148768901825
20,1,layer_18.attn_o,0.037230610847473145,0.0019326035446247357,-0.0028919661417603493,-0.0073917624540627,0.0022292045527137817,0.14487316869199277,1.2262127935886382,1.2093281298875809,1.292148768901825
20,1,layer_18.mlp_down,0.1276526004076004,0.005069724933896231,0.006848056335002184,-0.0073917624540627,0.011048714839853346,0.13517225421965123,1.2262127935886382,1.2093281298875809,1.292148768901825
20,1,layer_19.attn_o,0.03714773431420326,0.0021363131705898052,0.008907275274395943,-0.0073917624540627,0.0033160168444737793,0.15214601382613183,1.2262127935886382,1.2093281298875809,1.292148768901825
20,1,layer_19.mlp_down,0.12575630843639374,0.005211615128416164,-0.011713269166648388,-0.0073917624540627,0.008483558939769865,0.12794225569814444,1.2262127935886382,1.2093281298875809,1.292148768901825
20,1,layer_20.attn_o,0.03435049206018448,0.001121442260613082,0.008371255360543728,-0.0073917624540627,0.01870986642315984,0.2352827914059162,1.2262127935886382,1.2093281298875809,1.292148768901825
20,1,layer_20.mlp_down,0.14127971231937408,0.007624235807371041,-0.02744411677122116,-0.0073917624540627,0.013916641939431429,0.15554996952414513,1.2262127935886382,1.2093281298875809,1.292148768901825
20,1,layer_21.attn_o,0.04016860947012901,0.0016226004854162756,0.06034255772829056,-0.0073917624540627,0.043941930821165445,0.37358966171741487,1.2262127935886382,1.2093281298875809,1.292148768901825
20,1,layer_21.mlp_down,0.1102561205625534,0.0037191172792442897,-0.00432161521166563,-0.0073917624540627,0.01364952689036727,0.09205099791288376,1.2262127935886382,1.2093281298875809,1.292148768901825
20,1,layer_22.attn_o,0.03408203646540642,0.0012115557163038231,0.0025691513437777758,-0.0073917624540627,0.01654526055790484,0.12531126849353313,1.2262127935886382,1.2093281298875809,1.292148768901825
20,1,layer_22.mlp_down,0.1126067042350769,0.0039212591041981595,0.004478490445762873,-0.0073917624540627,0.017436853575054555,0.11883012540638446,1.2262127935886382,1.2093281298875809,1.292148768901825
20,1,layer_23.attn_o,0.0377156101167202,0.0017233555411739722,0.021314695477485657,-0.0073917624540627,0.019082354940474035,0.21567609757184983,1.2262127935886382,1.2093281298875809,1.292148768901825
20,1,layer_23.mlp_down,0.10902238637208939,0.003363520877758646,-0.0008420122903771698,-0.0073917624540627,0.01701435326831415,0.12818204723298549,1.2262127935886382,1.2093281298875809,1.292148768901825
20,1,layer_24.attn_o,0.04796762019395828,0.0025073291798742357,0.03557272255420685,-0.0073917624540627,0.042203687317669394,0.3187643900513649,1.2262127935886382,1.2093281298875809,1.292148768901825
20,1,layer_24.mlp_down,0.13400448858737946,0.005944456203503244,0.04981492459774017,-0.0073917624540627,0.022233738587237893,0.18081758990883828,1.2262127935886382,1.2093281298875809,1.292148768901825
20,1,layer_25.attn_o,0.04440711811184883,0.0020412882355453194,0.04535301774740219,-0.0073917624540627,0.020721459435299037,0.19841771721839904,1.2262127935886382,1.2093281298875809,1.292148768901825
20,1,layer_25.mlp_down,0.1501113772392273,0.00816117969796736,0.04350028932094574,-0.0073917624540627,0.030664370907470585,0.1092383099719882,1.2262127935886382,1.2093281298875809,1.292148768901825
40,1,layer_0.attn_o,0.08061820268630981,0.003955022210248972,0.15845900774002075,0.024746114388108253,-0.025553715508431198,0.27157216891646385,1.0083893716335297,1.0549377799034119,1.341111183166504
40,1,layer_0.mlp_down,0.2330898642539978,0.0071600057247834,-0.004922529216855764,0.024746114388108253,0.0032471849117428064,0.10820288397371769,1.0083893716335297,1.0549377799034119,1.341111183166504
40,1,layer_1.attn_o,0.07348790764808655,0.0030450316521422015,-0.0693206638097763,0.024746114388108253,0.0022625949000939726,0.1950739838182926,1.0083893716335297,1.0549377799034119,1.341111183166504
40,1,layer_1.mlp_down,0.27952349185943604,0.014870662734730889,0.01399290096014738,0.024746114388108253,-0.0005403607035987079,0.10702535696327686,1.0083893716335297,1.0549377799034119,1.341111183166504
40,1,layer_2.attn_o,0.07418867945671082,0.0032599577149254135,0.007490378338843584,0.024746114388108253,0.0009803196182474494,0.14146488904953003,1.0083893716335297,1.0549377799034119,1.341111183166504
40,1,layer_2.mlp_down,0.27757924795150757,0.015070289901070403,0.006757667753845453,0.024746114388108253,-0.0029876633547246457,0.13786305412650107,1.0083893716335297,1.0549377799034119,1.341111183166504
40,1,layer_3.attn_o,0.07466817647218704,0.003317461846983822,0.02652096003293991,0.024746114388108253,0.007841446681413799,0.15960076972842216,1.0083893716335297,1.0549377799034119,1.341111183166504
40,1,layer_3.mlp_down,0.27540719509124756,0.012558156165796705,-0.005086124408990145,0.024746114388108253,0.00040817625122144816,0.13104858621954918,1.0083893716335297,1.0549377799034119,1.341111183166504
40,1,layer_4.attn_o,0.08608084172010422,0.0046810774421855595,-0.0005106543540023267,0.024746114388108253,0.010679175052791834,0.14399693086743354,1.0083893716335297,1.0549377799034119,1.341111183166504
40,1,layer_4.mlp_down,0.23647001385688782,0.00747519554811875,0.03632442280650139,0.024746114388108253,0.005839243717491627,0.18635232448577882,1.0083893716335297,1.0549377799034119,1.341111183166504
40,1,layer_5.attn_o,0.0734894648194313,0.0029096056939121305,-0.0035003931261599064,0.024746114388108253,-0.052460180455818774,0.34636062681674956,1.0083893716335297,1.0549377799034119,1.341111183166504
40,1,layer_5.mlp_down,0.2631663382053375,0.010614171531608698,0.017876889556646347,0.024746114388108253,0.0009360437077702954,0.12977124750614166,1.0083893716335297,1.0549377799034119,1.341111183166504
40,1,layer_6.attn_o,0.08213672786951065,0.004467518132339578,0.013495556078851223,0.024746114388108253,0.0011603405000641942,0.16819135770201682,1.0083893716335297,1.0549377799034119,1.341111183166504
40,1,layer_6.mlp_down,0.2663094699382782,0.011398231993843516,0.012380881235003471,0.024746114388108253,0.006873771653044969,0.17782024666666985,1.0083893716335297,1.0549377799034119,1.341111183166504
40,1,layer_7.attn_o,0.06903098523616791,0.0021838358288085616,0.008701537735760212,0.024746114388108253,0.009240990552643779,0.2523054271936417,1.0083893716335297,1.0549377799034119,1.341111183166504
40,1,layer_7.mlp_down,0.24089834094047546,0.007878483902487026,0.011233599856495857,0.024746114388108253,0.0028943407349288465,0.21624026894569398,1.0083893716335297,1.0549377799034119,1.341111183166504
40,1,layer_8.attn_o,0.06782948225736618,0.0021622259097769272,0.005501350853592157,0.024746114388108253,0.008642758309724741,0.2418191060423851,1.0083893716335297,1.0549377799034119,1.341111183166504
40,1,layer_8.mlp_down,0.23767869174480438,0.007706568633541199,0.010860721580684185,0.024746114388108253,0.003887920780107379,0.2485932469367981,1.0083893716335297,1.0549377799034119,1.341111183166504
40,1,layer_9.attn_o,0.06445303559303284,0.002148387669120049,0.010788612999022007,0.024746114388108253,0.011507082800380885,0.3040249586105347,1.0083893716335297,1.0549377799034119,1.341111183166504
40,1,layer_9.mlp_down,0.2905518710613251,0.014732446118972476,0.010617566294968128,0.024746114388108253,0.0022665973752737044,0.33225761651992797,1.0083893716335297,1.0549377799034119,1.341111183166504
40,1,layer_10.attn_o,0.08395208418369293,0.004566356614763683,0.0029220825526863337,0.024746114388108253,0.009419218474067747,0.3694717526435852,1.0083893716335297,1.0549377799034119,1.341111183166504
40,1,layer_10.mlp_down,0.24333040416240692,0.007266327976555056,0.0033804152626544237,0.024746114388108253,-0.009401374182198196,0.4399136871099472,1.0083893716335297,1.0549377799034119,1.341111183166504
40,1,layer_11.attn_o,0.06998329609632492,0.002915174627600355,-0.017788106575608253,0.024746114388108253,-0.0223681912291795,0.5905210137367248,1.0083893716335297,1.0549377799034119,1.341111183166504
40,1,layer_11.mlp_down,0.30280187726020813,0.016905660102345378,-0.007008357904851437,0.024746114388108253,-0.0008817531168460846,0.4051860600709915,1.0083893716335297,1.0549377799034119,1.341111183166504
40,1,layer_12.attn_o,0.06909539550542831,0.0024896630290927577,0.0031037188600748777,0.024746114388108253,0.010597090917872264,0.37076418101787567,1.0083893716335297,1.0549377799034119,1.341111183166504
40,1,layer_12.mlp_down,0.26254478096961975,0.009757325441767013,0.003769094357267022,0.024746114388108253,0.008013706794008613,0.3130169928073883,1.0083893716335297,1.0549377799034119,1.341111183166504
40,1,layer_13.attn_o,0.0763288214802742,0.003963422947265787,0.0044938186183571815,0.024746114388108253,0.009932896780082957,0.25079777240753176,1.0083893716335297,1.0549377799034119,1.341111183166504
40,1,layer_13.mlp_down,0.2753686308860779,0.013100624244913796,0.006961220875382423,0.024746114388108253,0.0012965918751433492,0.27960956245660784,1.0083893716335297,1.0549377799034119,1.341111183166504
40,1,layer_14.attn_o,0.06300657242536545,0.0022007762468676723,0.008673754520714283,0.024746114388108253,0.008205221279058605,0.2964847251772881,1.0083893716335297,1.0549377799034119,1.341111183166504
40,1,layer_14.mlp_down,0.27069464325904846,0.012128721388250621,0.006096240598708391,0.024746114388108253,-0.0011572768620681019,0.3365806773304939,1.0083893716335297,1.0549377799034119,1.341111183166504
40,1,layer_15.attn_o,0.0793328583240509,0.004314988029675091,0.005544337909668684,0.024746114388108253,-0.009773913212120533,0.4426089286804199,1.0083893716335297,1.0549377799034119,1.341111183166504
40,1,layer_15.mlp_down,0.262660950422287,0.01032055279190767,0.018577126786112785,0.024746114388108253,0.003126132691977546,0.23084325194358826,1.0083893716335297,1.0549377799034119,1.341111183166504
40,1,layer_16.attn_o,0.07423901557922363,0.0033163049039574657,0.017430441454052925,0.024746114388108253,0.002666160021908581,0.2471794918179512,1.0083893716335297,1.0549377799034119,1.341111183166504
40,1,layer_16.mlp_down,0.23874884843826294,0.007274069971685258,0.015517376363277435,0.024746114388108253,-0.0010524421464651822,0.23439575582742692,1.0083893716335297,1.0549377799034119,1.341111183166504
40,1,layer_17.attn_o,0.07954268157482147,0.004607235137640299,0.024840176105499268,0.024746114388108253,0.00022449161333497613,0.5041804045438767,1.0083893716335297,1.0549377799034119,1.341111183166504
40,1,layer_17.mlp_down,0.25962159037590027,0.010523388539384018,0.021949606016278267,0.024746114388108253,-0.003450237913057208,0.24723752290010453,1.0083893716335297,1.0549377799034119,1.341111183166504
40,1,layer_18.attn_o,0.07436155527830124,0.00386003121279736,0.007774606347084045,0.024746114388108253,0.0008808060869341716,0.246749709546566,1.0083893716335297,1.0549377799034119,1.341111183166504
40,1,layer_18.mlp_down,0.25667983293533325,0.010194126801566672,0.019435003399848938,0.024746114388108253,-0.0015964658290613444,0.2762700363993645,1.0083893716335297,1.0549377799034119,1.341111183166504
40,1,layer_19.attn_o,0.07555544376373291,0.004345091908457654,0.029629750177264214,0.024746114388108253,0.0008839485934004187,0.22580057233572007,1.0083893716335297,1.0549377799034119,1.341111183166504
40,1,layer_19.mlp_down,0.2566987872123718,0.010638214465033323,0.02121196687221527,0.024746114388108253,0.0008040375774726272,0.23608810752630233,1.0083893716335297,1.0549377799034119,1.341111183166504
40,1,layer_20.attn_o,0.06399530172348022,0.0020892599503338823,0.02897733822464943,0.024746114388108253,0.0015627108048647642,0.33665417283773424,1.0083893716335297,1.0549377799034119,1.341111183166504
40,1,layer_20.mlp_down,0.28040507435798645,0.015132348008763641,0.02896878495812416,0.024746114388108253,-0.0023480217321775855,0.294976544380188,1.0083893716335297,1.0549377799034119,1.341111183166504
40,1,layer_21.attn_o,0.0701025202870369,0.0028317734289296263,0.005885097198188305,0.024746114388108253,-0.0008278504014015198,0.5340316951274872,1.0083893716335297,1.0549377799034119,1.341111183166504
40,1,layer_21.mlp_down,0.2321840077638626,0.007832002593000164,0.043959129601716995,0.024746114388108253,-0.00505808450980112,0.208519783616066,1.0083893716335297,1.0549377799034119,1.341111183166504
40,1,layer_22.attn_o,0.0631132647395134,0.002243566171485001,0.016447773203253746,0.024746114388108253,-0.005980860826093703,0.24027947783470155,1.0083893716335297,1.0549377799034119,1.341111183166504
40,1,layer_22.mlp_down,0.2415359765291214,0.00841098466079937,0.027072325348854065,0.024746114388108253,-0.0009384765289723873,0.23405533283948898,1.0083893716335297,1.0549377799034119,1.341111183166504
40,1,layer_23.attn_o,0.07152044028043747,0.0032680152767365096,0.036361213773489,0.024746114388108253,-0.0022372060746420177,0.36505330801010133,1.0083893716335297,1.0549377799034119,1.341111183166504
40,1,layer_23.mlp_down,0.23446136713027954,0.007233586387153969,0.04196346178650856,0.024746114388108253,-0.00161709176027216,0.24850232452154158,1.0083893716335297,1.0549377799034119,1.341111183166504
40,1,layer_24.attn_o,0.08126986026763916,0.004248085591389952,0.03428496792912483,0.024746114388108253,0.00438096709549427,0.4737886041402817,1.0083893716335297,1.0549377799034119,1.341111183166504
40,1,layer_24.mlp_down,0.2778815031051636,0.012326899592625243,0.09049341082572937,0.024746114388108253,0.006409826828166843,0.29147789925336837,1.0083893716335297,1.0549377799034119,1.341111183166504
40,1,layer_25.attn_o,0.07857953757047653,0.003612114247951322,0.15896561741828918,0.024746114388108253,0.016459508676780386,0.31194037199020386,1.0083893716335297,1.0549377799034119,1.341111183166504
40,1,layer_25.mlp_down,0.31221675872802734,0.0169745701099102,0.11515580117702484,0.024746114388108253,0.0010055989027023316,0.1751160979270935,1.0083893716335297,1.0549377799034119,1.341111183166504
60,1,layer_0.attn_o,0.10705631971359253,0.005252026459653295,0.08043468743562698,0.020151041448116302,0.0034090994857251646,0.16999897831119598,1.0786995053291322,1.0104289427399635,1.3588482961058617
60,1,layer_0.mlp_down,0.34570303559303284,0.010619305754093733,0.004912827163934708,0.020151041448116302,0.003843631020572502,0.09848431926220655,1.0786995053291322,1.0104289427399635,1.3588482961058617
60,1,layer_1.attn_o,0.09676333516836166,0.00400946076967513,-0.03008190356194973,0.020151041448116302,-0.011134415605920368,0.17018268067622558,1.0786995053291322,1.0104289427399635,1.3588482961058617
60,1,layer_1.mlp_down,0.3961692154407501,0.021074881945947678,0.005462187342345715,0.020151041448116302,0.004508699756115675,0.09351338986307382,1.0786995053291322,1.0104289427399635,1.3588482961058617
60,1,layer_2.attn_o,0.10022822767496109,0.004404160518575392,-0.0028170228470116854,0.020151041448116302,0.010140175046399236,0.12843068987131118,1.0786995053291322,1.0104289427399635,1.3588482961058617
60,1,layer_2.mlp_down,0.3970184922218323,0.021553639433444453,-0.0018118686275556684,0.020151041448116302,0.002928066661115736,0.11631677877157927,1.0786995053291322,1.0104289427399635,1.3588482961058617
60,1,layer_3.attn_o,0.0977218896150589,0.004341710742787007,-0.01570257730782032,0.020151041448116302,0.009396011475473642,0.13627356328070164,1.0786995053291322,1.0104289427399635,1.3588482961058617
60,1,layer_3.mlp_down,0.3854832649230957,0.017576734181010186,-0.02215764857828617,0.020151041448116302,0.0013775237486697734,0.10592712867073714,1.0786995053291322,1.0104289427399635,1.3588482961058617
60,1,layer_4.attn_o,0.1138419508934021,0.006190693578761983,0.010655182413756847,0.020151041448116302,0.010089797142427415,0.13841187283396722,1.0786995053291322,1.0104289427399635,1.3588482961058617
60,1,layer_4.mlp_down,0.32984790205955505,0.010427068431140227,-0.03186071291565895,0.020151041448116302,0.00550797472242266,0.17355769202113153,1.0786995053291322,1.0104289427399635,1.3588482961058617
60,1,layer_5.attn_o,0.09544576704502106,0.003778905122096503,-0.034789394587278366,0.020151041448116302,-0.0094111688551493,0.26394311934709547,1.0786995053291322,1.0104289427399635,1.3588482961058617
60,1,layer_5.mlp_down,0.3545292019844055,0.014298849513428044,-0.010620432905852795,0.020151041448116302,0.0062381354160606865,0.1228031300008297,1.0786995053291322,1.0104289427399635,1.3588482961058617
60,1,layer_6.attn_o,0.10577806085348129,0.005753371395996698,-0.002509501064196229,0.020151041448116302,0.0037026056146714837,0.1683787453919649,1.0786995053291322,1.0104289427399635,1.3588482961058617
60,1,layer_6.mlp_down,0.36746594309806824,0.015727342881049135,-0.001060854410752654,0.020151041448116302,0.0037267792999045924,0.174424646794796,1.0786995053291322,1.0104289427399635,1.3588482961058617
60,1,layer_7.attn_o,0.08344008773565292,0.0026396769003543784,0.014829457737505436,0.020151041448116302,0.004355453845346346,0.24966860860586165,1.0786995053291322,1.0104289427399635,1.3588482961058617
60,1,layer_7.mlp_down,0.3260250985622406,0.010662610924190281,0.0018620961345732212,0.020151041448116302,0.004708961397409439,0.2214827984571457,1.0786995053291322,1.0104289427399635,1.3588482961058617
60,1,layer_8.attn_o,0.08551647514104843,0.0027260421582070826,0.011077268980443478,0.020151041448116302,0.015412521455436945,0.25588794350624083,1.0786995053291322,1.0104289427399635,1.3588482961058617
60,1,layer_8.mlp_down,0.3243621587753296,0.010517298026064204,0.00036193328560329974,0.020151041448116302,0.011089372006244958,0.25740778893232347,1.0786995053291322,1.0104289427399635,1.3588482961058617
60,1,layer_9.attn_o,0.08253876119852066,0.0027512337920122666,-0.000706239603459835,0.020151041448116302,0.016438942262902857,0.2870313137769699,1.0786995053291322,1.0104289427399635,1.3588482961058617
60,1,layer_9.mlp_down,0.37187641859054565,0.018854802105675493,0.0010290700010955334,0.020151041448116302,0.018498676689341666,0.326286806166172,1.0786995053291322,1.0104289427399635,1.3588482961058617
60,1,layer_10.attn_o,0.10265970975160599,0.005583874213589374,0.001422036555595696,0.020151041448116302,0.024779563210904597,0.3505456641316414,1.0786995053291322,1.0104289427399635,1.3588482961058617
60,1,layer_10.mlp_down,0.3118171989917755,0.009311545127002665,-0.010986726731061935,0.020151041448116302,0.022831776784732936,0.4098238170146942,1.0786995053291322,1.0104289427399635,1.3588482961058617
60,1,layer_11.attn_o,0.09365033358335495,0.003901028263433428,0.04959769546985626,0.020151041448116302,0.013961540441960097,0.5581958919763566,1.0786995053291322,1.0104289427399635,1.3588482961058617
60,1,layer_11.mlp_down,0.37838152050971985,0.02112334984552477,0.019896728917956352,0.020151041448116302,0.023053856380283833,0.3863703727722168,1.0786995053291322,1.0104289427399635,1.3588482961058617
60,1,layer_12.attn_o,0.08753754943609238,0.0031541761043336505,0.004083732143044472,0.020151041448116302,0.022250945246196353,0.349739833176136,1.0786995053291322,1.0104289427399635,1.3588482961058617
60,1,layer_12.mlp_down,0.3387933671474457,0.012591028063076987,0.010877248831093311,0.020151041448116302,0.010619593085721135,0.2998523682355881,1.0786995053291322,1.0104289427399635,1.3588482961058617
60,1,layer_13.attn_o,0.10224766284227371,0.0053092706546376935,-0.00036073653609491885,0.020151041448116302,0.012213320867158473,0.2471237763762474,1.0786995053291322,1.0104289427399635,1.3588482961058617
60,1,layer_13.mlp_down,0.3631094694137573,0.01727399522177901,0.008488362655043602,0.020151041448116302,0.012075080233626068,0.2657103732228279,1.0786995053291322,1.0104289427399635,1.3588482961058617
60,1,layer_14.attn_o,0.0942295715212822,0.00329137566901377,0.010234293527901173,0.020151041448116302,0.01577239503385499,0.28520788103342054,1.0786995053291322,1.0104289427399635,1.3588482961058617
60,1,layer_14.mlp_down,0.3567599952220917,0.015984293045453235,0.01676926761865616,0.020151041448116302,0.012310808803886176,0.3257559329271317,1.0786995053291322,1.0104289427399635,1.3588482961058617
60,1,layer_15.attn_o,0.10151022672653198,0.005521216271367461,0.02672566846013069,0.020151041448116302,0.010792001429945231,0.4366516053676605,1.0786995053291322,1.0104289427399635,1.3588482961058617
60,1,layer_15.mlp_down,0.34653428196907043,0.013615949277967415,0.009756803512573242,0.020151041448116302,0.008318253606557847,0.23426760882139205,1.0786995053291322,1.0104289427399635,1.3588482961058617
60,1,layer_16.attn_o,0.09906552731990814,0.004425309195829288,0.002066930290311575,0.020151041448116302,0.009681759751401842,0.24381332993507385,1.0786995053291322,1.0104289427399635,1.3588482961058617
60,1,layer_16.mlp_down,0.3290385603904724,0.01002505049979659,0.020942041650414467,0.020151041448116302,0.008730073005426674,0.21569501906633376,1.0786995053291322,1.0104289427399635,1.3588482961058617
60,1,layer_17.attn_o,0.11377957463264465,0.006590286750160776,0.004261705093085766,0.020151041448116302,0.005856720174779184,0.43923003077507017,1.0786995053291322,1.0104289427399635,1.3588482961058617
60,1,layer_17.mlp_down,0.3591794967651367,0.014558665553906098,0.01390696968883276,0.020151041448116302,0.003860089206136763,0.22494949102401735,1.0786995053291322,1.0104289427399635,1.3588482961058617
60,1,layer_18.attn_o,0.11009696871042252,0.0057150098430358695,-0.008864092640578747,0.020151041448116302,0.0029733577743172646,0.2140871599316597,1.0786995053291322,1.0104289427399635,1.3588482961058617
60,1,layer_18.mlp_down,0.357351690530777,0.014192234183085763,0.011652673594653606,0.020151041448116302,0.005496641574427486,0.2631412595510483,1.0786995053291322,1.0104289427399635,1.3588482961058617
60,1,layer_19.attn_o,0.1010226160287857,0.0058096600615921085,-0.006534699350595474,0.020151041448116302,0.0015505244722589851,0.2035984419286251,1.0786995053291322,1.0104289427399635,1.3588482961058617
60,1,layer_19.mlp_down,0.36104607582092285,0.014962325857128124,0.007021088618785143,0.020151041448116302,0.007787055923836305,0.24324497804045678,1.0786995053291322,1.0104289427399635,1.3588482961058617
60,1,layer_20.attn_o,0.08535602688789368,0.002786627928336515,-0.011426189914345741,0.020151041448116302,0.008667681459337473,0.34324729442596436,1.0786995053291322,1.0104289427399635,1.3588482961058617
60,1,layer_20.mlp_down,0.3855934739112854,0.020807667310602993,-0.0008839432848617435,0.020151041448116302,0.008711687778122723,0.2909621700644493,1.0786995053291322,1.0104289427399635,1.3588482961058617
60,1,layer_21.attn_o,0.07964204251766205,0.003217117765776495,0.07984983921051025,0.020151041448116302,0.005563211243133992,0.4859411746263504,1.0786995053291322,1.0104289427399635,1.3588482961058617
60,1,layer_21.mlp_down,0.326191782951355,0.011003161909898853,0.006413335911929607,0.020151041448116302,0.00785272060893476,0.20758969932794571,1.0786995053291322,1.0104289427399635,1.3588482961058617
60,1,layer_22.attn_o,0.08801001310348511,0.0031286013930917097,-0.0006692295428365469,0.020151041448116302,0.008121793624013662,0.2144970715045929,1.0786995053291322,1.0104289427399635,1.3588482961058617
60,1,layer_22.mlp_down,0.33732548356056213,0.011746679428411386,0.013020534068346024,0.020151041448116302,0.0085589699447155,0.23856469690799714,1.0786995053291322,1.0104289427399635,1.3588482961058617
60,1,layer_23.attn_o,0.09248651564121246,0.004226011274329111,0.02403491921722889,0.020151041448116302,0.011522696749307216,0.3635274857282639,1.0786995053291322,1.0104289427399635,1.3588482961058617
60,1,layer_23.mlp_down,0.3252699375152588,0.01003530906799094,0.031143903732299805,0.020151041448116302,0.01210927681531757,0.24334513023495674,1.0786995053291322,1.0104289427399635,1.3588482961058617
60,1,layer_24.attn_o,0.09396142512559891,0.004911472746117003,0.09524096548557281,0.020151041448116302,0.013568983972072601,0.45082829892635345,1.0786995053291322,1.0104289427399635,1.3588482961058617
60,1,layer_24.mlp_down,0.3705131411552429,0.016435364955276907,0.04407217726111412,0.020151041448116302,0.01047099584247917,0.274788036942482,1.0786995053291322,1.0104289427399635,1.3588482961058617
60,1,layer_25.attn_o,0.09068313241004944,0.00416847964415055,0.09076525270938873,0.020151041448116302,0.00399152971804142,0.2910540774464607,1.0786995053291322,1.0104289427399635,1.3588482961058617
60,1,layer_25.mlp_down,0.3935607969760895,0.02139534202349959,0.11681155860424042,0.020151041448116302,0.02109962797258049,0.18357305973768234,1.0786995053291322,1.0104289427399635,1.3588482961058617
80,1,layer_0.attn_o,0.1089213564991951,0.005343473436654969,0.1503496766090393,0.020757248625159264,0.02672945081721991,0.176278905197978,1.1030496656894684,0.9612112939357758,1.3786798492074013
80,1,layer_0.mlp_down,0.3689880967140198,0.011334337187219488,0.016524745151400566,0.020757248625159264,-0.004486932691361289,0.08755032960325479,1.1030496656894684,0.9612112939357758,1.3786798492074013
80,1,layer_1.attn_o,0.098423071205616,0.0040782202745030215,0.09623831510543823,0.020757248625159264,-0.008776127733290196,0.14559753090143204,1.1030496656894684,0.9612112939357758,1.3786798492074013
80,1,layer_1.mlp_down,0.42788395285606384,0.022758155550899037,-0.00621123006567359,0.020757248625159264,-0.0006287729076575488,0.07155582029372454,1.1030496656894684,0.9612112939357758,1.3786798492074013
80,1,layer_2.attn_o,0.10504034906625748,0.004615596392638397,0.029634268954396248,0.020757248625159264,0.005170309403183637,0.11239258542191237,1.1030496656894684,0.9612112939357758,1.3786798492074013
80,1,layer_2.mlp_down,0.4351455867290497,0.023618987380069588,-0.005211182404309511,0.020757248625159264,0.0008081591695372481,0.10773665299639106,1.1030496656894684,0.9612112939357758,1.3786798492074013
80,1,layer_3.attn_o,0.0982314720749855,0.004364328181571467,-0.003787165740504861,0.020757248625159264,0.00261447518132627,0.11161862560547889,1.1030496656894684,0.9612112939357758,1.3786798492074013
80,1,layer_3.mlp_down,0.40228551626205444,0.018340762541770868,-0.029443465173244476,0.020757248625159264,-0.0003785618115216494,0.08555026133544744,1.1030496656894684,0.9612112939357758,1.3786798492074013
80,1,layer_4.attn_o,0.11721009016036987,0.0063737885886570155,-0.0008259288151748478,0.020757248625159264,0.006358832807745784,0.10253801308572293,1.1030496656894684,0.9612112939357758,1.3786798492074013
80,1,layer_4.mlp_down,0.3523782193660736,0.011139015756524406,-0.0070697106420993805,0.020757248625159264,-0.00318780648522079,0.13137433659285308,1.1030496656894684,0.9612112939357758,1.3786798492074013
80,1,layer_5.attn_o,0.09054222702980042,0.0035847470853569503,0.019272537901997566,0.020757248625159264,0.006385626032715664,0.21518540110555479,1.1030496656894684,0.9612112939357758,1.3786798492074013
80,1,layer_5.mlp_down,0.3685319125652313,0.014862663844262738,-0.004503755364567041,0.020757248625159264,-0.000765632709953934,0.09060976468026638,1.1030496656894684,0.9612112939357758,1.3786798492074013
80,1,layer_6.attn_o,0.11156555265188217,0.006068119661766919,0.0001899973867693916,0.020757248625159264,-0.0011067232233472168,0.12216600775718689,1.1030496656894684,0.9612112939357758,1.3786798492074013
80,1,layer_6.mlp_down,0.37707096338272095,0.016137067786223536,-0.0048947385512292385,0.020757248625159264,-0.0012585049611516298,0.12743955738842488,1.1030496656894684,0.9612112939357758,1.3786798492074013
80,1,layer_7.attn_o,0.08421572297811508,0.0026642116898186554,-0.011619810946285725,0.020757248625159264,-0.0033596155066334178,0.18309823498129846,1.1030496656894684,0.9612112939357758,1.3786798492074013
80,1,layer_7.mlp_down,0.3339367210865021,0.010921075487773622,0.001980477711185813,0.020757248625159264,-0.005284189712256193,0.17502814680337905,1.1030496656894684,0.9612112939357758,1.3786798492074013
80,1,layer_8.attn_o,0.0873400866985321,0.0027841754920301036,0.0005846050335094333,0.020757248625159264,-0.002608252875506878,0.1853945754468441,1.1030496656894684,0.9612112939357758,1.3786798492074013
80,1,layer_8.mlp_down,0.32816046476364136,0.010640170152461853,0.0060369535349309444,0.020757248625159264,0.0030459446832537653,0.2046184092760086,1.1030496656894684,0.9612112939357758,1.3786798492074013
80,1,layer_9.attn_o,0.0838625580072403,0.0027953558636906084,-0.011305423453450203,0.020757248625159264,0.0037418406456708906,0.2468820720911026,1.1030496656894684,0.9612112939357758,1.3786798492074013
80,1,layer_9.mlp_down,0.37270230054855347,0.018893946029795272,0.009617330506443977,0.020757248625159264,0.003180680023797322,0.27149138003587725,1.1030496656894684,0.9612112939357758,1.3786798492074013
80,1,layer_10.attn_o,0.10129135847091675,0.0055094038858495295,0.01052745059132576,0.020757248625159264,0.001577064022421837,0.30006477385759356,1.1030496656894684,0.9612112939357758,1.3786798492074013
80,1,layer_10.mlp_down,0.3155312240123749,0.009422266221574308,0.07169552892446518,0.020757248625159264,0.011943238653475418,0.35453965663909914,1.1030496656894684,0.9612112939357758,1.3786798492074013
80,1,layer_11.attn_o,0.09269485622644424,0.0038612098200812954,0.06774765253067017,0.020757248625159264,-0.003346856370626483,0.49773988127708435,1.1030496656894684,0.9612112939357758,1.3786798492074013
80,1,layer_11.mlp_down,0.382467120885849,0.021347180112343468,0.01724768429994583,0.020757248625159264,0.004900249472120777,0.35062752664089203,1.1030496656894684,0.9612112939357758,1.3786798492074013
80,1,layer_12.attn_o,0.0902729257941246,0.0032527338839579483,0.007792321499437094,0.020757248625159264,0.0015342829501605593,0.3157652497291565,1.1030496656894684,0.9612112939357758,1.3786798492074013
80,1,layer_12.mlp_down,0.3491012156009674,0.012973535721216498,0.006801255978643894,0.020757248625159264,0.006509426143020391,0.2623136430978775,1.1030496656894684,0.9612112939357758,1.3786798492074013
80,1,layer_13.attn_o,0.10601718723773956,0.005504977643022962,0.004888161551207304,0.020757248625159264,0.000567923067137599,0.19595638737082482,1.1030496656894684,0.9612112939357758,1.3786798492074013
80,1,layer_13.mlp_down,0.3739175498485565,0.017786047583728284,0.004164709243923426,0.020757248625159264,0.007917371205985546,0.22154127061367035,1.1030496656894684,0.9612112939357758,1.3786798492074013
80,1,layer_14.attn_o,0.0963226929306984,0.0033644811666608087,0.012350508011877537,0.020757248625159264,0.0022313166293315588,0.22592100873589516,1.1030496656894684,0.9612112939357758,1.3786798492074013
80,1,layer_14.mlp_down,0.3704090714454651,0.01659421033041284,0.027468819171190262,0.020757248625159264,0.007538057025521993,0.27468395233154297,1.1030496656894684,0.9612112939357758,1.3786798492074013
80,1,layer_15.attn_o,0.10511692613363266,0.005717344019872998,0.05528433620929718,0.020757248625159264,0.009215558134019374,0.38096382915973664,1.1030496656894684,0.9612112939357758,1.3786798492074013
80,1,layer_15.mlp_down,0.35561493039131165,0.013971960898741977,0.017662791535258293,0.020757248625159264,0.0057566090486943725,0.19992566704750062,1.1030496656894684,0.9612112939357758,1.3786798492074013
80,1,layer_16.attn_o,0.10247675329446793,0.0045776779728840785,0.0147588225081563,0.020757248625159264,-6.718141958117485e-05,0.21967101097106934,1.1030496656894684,0.9612112939357758,1.3786798492074013
80,1,layer_16.mlp_down,0.3368017077445984,0.010261368282631049,0.0028005391359329224,0.020757248625159264,0.0025745532941073178,0.19368556812405585,1.1030496656894684,0.9612112939357758,1.3786798492074013
80,1,layer_17.attn_o,0.11758126318454742,0.006810447233279547,0.008622827008366585,0.020757248625159264,0.0016448478912934662,0.38276891559362414,1.1030496656894684,0.9612112939357758,1.3786798492074013
80,1,layer_17.mlp_down,0.3640941083431244,0.014757044097306904,0.009530323557555676,0.020757248625159264,0.004365781135857105,0.1970803640782833,1.1030496656894684,0.9612112939357758,1.3786798492074013
80,1,layer_18.attn_o,0.1085207536816597,0.005633165195467009,0.007158287335187197,0.020757248625159264,0.0034200522350147367,0.20364813283085823,1.1030496656894684,0.9612112939357758,1.3786798492074013
80,1,layer_18.mlp_down,0.36340808868408203,0.014431976018122178,0.01176044438034296,0.020757248625159264,0.00738852575304918,0.23380342721939087,1.1030496656894684,0.9612112939357758,1.3786798492074013
80,1,layer_19.attn_o,0.12405862659215927,0.007134393040976053,0.02139991521835327,0.020757248625159264,0.0031193131348118187,0.1811058923602104,1.1030496656894684,0.9612112939357758,1.3786798492074013
80,1,layer_19.mlp_down,0.3650754690170288,0.015128284353879376,0.01803242601454258,0.020757248625159264,0.0091842798050493,0.20739211216568948,1.1030496656894684,0.9612112939357758,1.3786798492074013
80,1,layer_20.attn_o,0.0844263881444931,0.002756274473800548,0.0232721958309412,0.020757248625159264,0.009287682782451156,0.30520622432231903,1.1030496656894684,0.9612112939357758,1.3786798492074013
80,1,layer_20.mlp_down,0.392117440700531,0.02115638440620809,0.027155432850122452,0.020757248625159264,0.011576351663097739,0.2590685710310936,1.1030496656894684,0.9612112939357758,1.3786798492074013
80,1,layer_21.attn_o,0.08061935007572174,0.0032565880497679813,0.04078691452741623,0.020757248625159264,-0.007535483222454786,0.48016044199466706,1.1030496656894684,0.9612112939357758,1.3786798492074013
80,1,layer_21.mlp_down,0.3398171663284302,0.011462497107225928,0.025012455880641937,0.020757248625159264,0.012927622045390308,0.19228301495313643,1.1030496656894684,0.9612112939357758,1.3786798492074013
80,1,layer_22.attn_o,0.09178295731544495,0.0032627196150452767,0.018478868529200554,0.020757248625159264,0.006624205340631306,0.1977051839232445,1.1030496656894684,0.9612112939357758,1.3786798492074013
80,1,layer_22.mlp_down,0.3485439419746399,0.012136972819741852,0.0158886406570673,0.020757248625159264,0.0165102843020577,0.20375545993447303,1.1030496656894684,0.9612112939357758,1.3786798492074013
80,1,layer_23.attn_o,0.09611724317073822,0.004391886588396541,0.011855100281536579,0.020757248625159264,0.014995714090764523,0.32397436648607253,1.1030496656894684,0.9612112939357758,1.3786798492074013
80,1,layer_23.mlp_down,0.3339097201824188,0.010301702115420735,0.013988393358886242,0.020757248625159264,0.010267233103513717,0.21662721037864685,1.1030496656894684,0.9612112939357758,1.3786798492074013
80,1,layer_24.attn_o,0.094206802546978,0.004924262087804682,0.03312870115041733,0.020757248625159264,0.009746321849524975,0.4277190774679184,1.1030496656894684,0.9612112939357758,1.3786798492074013
80,1,layer_24.mlp_down,0.37884774804115295,0.016803445411247092,0.009746335446834564,0.020757248625159264,0.027718709455803035,0.24520279169082643,1.1030496656894684,0.9612112939357758,1.3786798492074013
80,1,layer_25.attn_o,0.09722259640693665,0.0044690634544323074,0.02428808994591236,0.020757248625159264,0.035172644536942244,0.25079078897833823,1.1030496656894684,0.9612112939357758,1.3786798492074013
80,1,layer_25.mlp_down,0.3950868844985962,0.021474477798037513,0.07632104307413101,0.020757248625159264,0.04525054892292246,0.1981225997209549,1.1030496656894684,0.9612112939357758,1.3786798492074013
100,1,layer_0.attn_o,0.10701756179332733,0.005250040556845528,0.05844634771347046,0.043154116719961166,-0.017941384529694914,0.1746006578207016,1.0915088653564453,0.9604258239269257,1.394182175397873
100,1,layer_0.mlp_down,0.3621557354927063,0.011124128841676335,0.0028384122997522354,0.043154116719961166,0.001739999104756862,0.12046298626810312,1.0915088653564453,0.9604258239269257,1.394182175397873
100,1,layer_1.attn_o,0.0962207019329071,0.0039869473689075575,0.10689082741737366,0.043154116719961166,-0.0066956796683371065,0.16173111996613443,1.0915088653564453,0.9604258239269257,1.394182175397873
100,1,layer_1.mlp_down,0.42823246121406555,0.02277216857309309,0.010397174395620823,0.043154116719961166,0.00021036339458078147,0.1256636641919613,1.0915088653564453,0.9604258239269257,1.394182175397873
100,1,layer_2.attn_o,0.10375852882862091,0.004559255655974717,0.020326832309365273,0.043154116719961166,0.0002166777558159083,0.1441858354024589,1.0915088653564453,0.9604258239269257,1.394182175397873
100,1,layer_2.mlp_down,0.4365442991256714,0.023689408660445225,0.03229908272624016,0.043154116719961166,-0.0028732265462167563,0.1513167882338166,1.0915088653564453,0.9604258239269257,1.394182175397873
100,1,layer_3.attn_o,0.09594501554965973,0.004262726538925178,0.020050251856446266,0.043154116719961166,-0.004652370908297598,0.1592979898676276,1.0915088653564453,0.9604258239269257,1.394182175397873
100,1,layer_3.mlp_down,0.3930929899215698,0.017919494801453863,0.017979757860302925,0.043154116719961166,0.0006975605065235868,0.1366499375551939,1.0915088653564453,0.9604258239269257,1.394182175397873
100,1,layer_4.attn_o,0.11481115967035294,0.006243277788440336,0.007131350226700306,0.043154116719961166,-0.0009823493062867783,0.16053171288222073,1.0915088653564453,0.9604258239269257,1.394182175397873
100,1,layer_4.mlp_down,0.3435485064983368,0.010859457395684884,0.03797706589102745,0.043154116719961166,0.00429063817136921,0.17340209186077118,1.0915088653564453,0.9604258239269257,1.394182175397873
100,1,layer_5.attn_o,0.09334307909011841,0.0036956311403606675,0.06171952188014984,0.043154116719961166,-0.004612581338733435,0.308493047952652,1.0915088653564453,0.9604258239269257,1.394182175397873
100,1,layer_5.mlp_down,0.3557566702365875,0.014346402266777546,0.023163573816418648,0.043154116719961166,0.00041540330275893214,0.13952948413789273,1.0915088653564453,0.9604258239269257,1.394182175397873
100,1,layer_6.attn_o,0.10605532675981522,0.005768358803573933,0.01884698122739792,0.043154116719961166,0.00395695430925116,0.17402902767062187,1.0915088653564453,0.9604258239269257,1.394182175397873
100,1,layer_6.mlp_down,0.36890390515327454,0.015786071128038204,0.034855134785175323,0.043154116719961166,0.0022776155499741437,0.17629179544746876,1.0915088653564453,0.9604258239269257,1.394182175397873
100,1,layer_7.attn_o,0.0831432119011879,0.0026302795015150236,0.022814268246293068,0.043154116719961166,0.003275742125697434,0.23811960257589818,1.0915088653564453,0.9604258239269257,1.394182175397873
100,1,layer_7.mlp_down,0.3290044665336609,0.010759440024510946,0.04108612611889839,0.043154116719961166,0.004860276728868485,0.22038245648145677,1.0915088653564453,0.9604258239269257,1.394182175397873
100,1,layer_8.attn_o,0.08808103948831558,0.0028077907070331236,0.03031316213309765,0.043154116719961166,0.005502658989280462,0.2328664965927601,1.0915088653564453,0.9604258239269257,1.394182175397873
100,1,layer_8.mlp_down,0.3309738337993622,0.010731048819436916,0.04494709521532059,0.043154116719961166,-0.0006819560541771353,0.2513153851032257,1.0915088653564453,0.9604258239269257,1.394182175397873
100,1,layer_9.attn_o,0.08316566050052643,0.0027721217095851205,0.017819488421082497,0.043154116719961166,0.0021473570493981244,0.30211722254753115,1.0915088653564453,0.9604258239269257,1.394182175397873
100,1,layer_9.mlp_down,0.37457820773124695,0.01898633080026649,0.027792561799287796,0.043154116719961166,0.0014079049113206565,0.316237610578537,1.0915088653564453,0.9604258239269257,1.394182175397873
100,1,layer_10.attn_o,0.10397866368293762,0.005655536814056068,0.015937531366944313,0.043154116719961166,0.0011123644188046455,0.3456327885389328,1.0915088653564453,0.9604258239269257,1.394182175397873
100,1,layer_10.mlp_down,0.31768015027046204,0.009486236679299822,0.14933650195598602,0.043154116719961166,-0.02456897059455514,0.401615971326828,1.0915088653564453,0.9604258239269257,1.394182175397873
100,1,layer_11.attn_o,0.09870868921279907,0.004111702348261187,0.07847803831100464,0.043154116719961166,-0.002874491986585781,0.5452078610658646,1.0915088653564453,0.9604258239269257,1.394182175397873
100,1,layer_11.mlp_down,0.3821738064289093,0.021326599656166186,0.04852043837308884,0.043154116719961166,0.0005266317108180374,0.38939363956451417,1.0915088653564453,0.9604258239269257,1.394182175397873
100,1,layer_12.attn_o,0.08917342871427536,0.003213112147266727,0.015263319946825504,0.043154116719961166,0.005646618315950036,0.36034786254167556,1.0915088653564453,0.9604258239269257,1.394182175397873
100,1,layer_12.mlp_down,0.3472396433353424,0.012903654098780103,0.024617677554488182,0.043154116719961166,0.0014328210614621638,0.31726179718971254,1.0915088653564453,0.9604258239269257,1.394182175397873
100,1,layer_13.attn_o,0.10247211903333664,0.005320859276386307,0.004800621420145035,0.043154116719961166,0.005223392718471586,0.25693009719252585,1.0915088653564453,0.9604258239269257,1.394182175397873
100,1,layer_13.mlp_down,0.3699508607387543,0.017595241872348004,0.006514495704323053,0.043154116719961166,0.003149526985362172,0.2633883073925972,1.0915088653564453,0.9604258239269257,1.394182175397873
100,1,layer_14.attn_o,0.09202849864959717,0.003214479965361714,0.007049672771245241,0.043154116719961166,0.0065266401274129745,0.2763203464448452,1.0915088653564453,0.9604258239269257,1.394182175397873
100,1,layer_14.mlp_down,0.36547958850860596,0.01637178743191078,0.016904208809137344,0.043154116719961166,0.005132171185687184,0.31520007997751237,1.0915088653564453,0.9604258239269257,1.394182175397873
100,1,layer_15.attn_o,0.10463625192642212,0.005691152759791467,0.051967114210128784,0.043154116719961166,0.0030601955018937587,0.41095214486122134,1.0915088653564453,0.9604258239269257,1.394182175397873
100,1,layer_15.mlp_down,0.35032913088798523,0.013763542466986333,0.01231573335826397,0.043154116719961166,0.007989152218215168,0.20946157723665237,1.0915088653564453,0.9604258239269257,1.394182175397873
100,1,layer_16.attn_o,0.09944082051515579,0.004442035514576165,0.017884088680148125,0.043154116719961166,0.01049849270057166,0.2105111800134182,1.0915088653564453,0.9604258239269257,1.394182175397873
100,1,layer_16.mlp_down,0.3329721689224243,0.010144423380926514,0.029348798096179962,0.043154116719961166,0.004699329892173409,0.19856994077563286,1.0915088653564453,0.9604258239269257,1.394182175397873
100,1,layer_17.attn_o,0.11673066765069962,0.0067611005482796135,0.016771916300058365,0.043154116719961166,0.0026395234279334547,0.3999375134706497,1.0915088653564453,0.9604258239269257,1.394182175397873
100,1,layer_17.mlp_down,0.3568214774131775,0.014461278728284661,0.021671803668141365,0.043154116719961166,0.00354039017111063,0.2090896710753441,1.0915088653564453,0.9604258239269257,1.394182175397873
100,1,layer_18.attn_o,0.10545501112937927,0.005474012564760605,0.012761963531374931,0.043154116719961166,0.0026136824395507573,0.23687469139695166,1.0915088653564453,0.9604258239269257,1.394182175397873
100,1,layer_18.mlp_down,0.35138046741485596,0.013953500327847836,0.02131032943725586,0.043154116719961166,0.004410786094376817,0.24424605146050454,1.0915088653564453,0.9604258239269257,1.394182175397873
100,1,layer_19.attn_o,0.11163321882486343,0.0064197874816297115,0.021023251116275787,0.043154116719961166,0.004666248755529523,0.18824138045310973,1.0915088653564453,0.9604258239269257,1.394182175397873
100,1,layer_19.mlp_down,0.3505973815917969,0.014527308073548451,0.02283402532339096,0.043154116719961166,0.001991900347638875,0.21297867894172667,1.0915088653564453,0.9604258239269257,1.394182175397873
100,1,layer_20.attn_o,0.07373009622097015,0.0024070684010087332,0.0269780233502388,0.043154116719961166,0.00814796295017004,0.32040827423334123,1.0915088653564453,0.9604258239269257,1.394182175397873
100,1,layer_20.mlp_down,0.3780318796634674,0.020392847818313076,0.03471516817808151,0.043154116719961166,0.00120460662728874,0.2703041598200798,1.0915088653564453,0.9604258239269257,1.394182175397873
100,1,layer_21.attn_o,0.0762367770075798,0.0030795473695427646,0.05805940926074982,0.043154116719961166,0.0054417701438069345,0.47193707525730133,1.0915088653564453,0.9604258239269257,1.394182175397873
100,1,layer_21.mlp_down,0.32540619373321533,0.010976021050760745,0.050350818783044815,0.043154116719961166,0.002523844689130783,0.21176462918519973,1.0915088653564453,0.9604258239269257,1.394182175397873
100,1,layer_22.attn_o,0.08353310823440552,0.002969448442357431,0.02990902215242386,0.043154116719961166,0.004904288193210959,0.2165119469165802,1.0915088653564453,0.9604258239269257,1.394182175397873
100,1,layer_22.mlp_down,0.3352068066596985,0.01167210071558154,0.05068470537662506,0.043154116719961166,0.006438155262731016,0.22550395876169205,1.0915088653564453,0.9604258239269257,1.394182175397873
100,1,layer_23.attn_o,0.09488345682621002,0.004335497568452436,0.03624732792377472,0.043154116719961166,0.008098227647133171,0.3538607478141785,1.0915088653564453,0.9604258239269257,1.394182175397873
100,1,layer_23.mlp_down,0.3243626058101654,0.010006915414915024,0.041544873267412186,0.043154116719961166,0.0076618556282483045,0.23559058606624603,1.0915088653564453,0.9604258239269257,1.394182175397873
100,1,layer_24.attn_o,0.08865012228488922,0.004633783800119196,0.03828758746385574,0.043154116719961166,0.010401060921140015,0.4425995975732803,1.0915088653564453,0.9604258239269257,1.394182175397873
100,1,layer_24.mlp_down,0.36514151096343994,0.01619397519193123,0.04353076219558716,0.043154116719961166,0.008409172540996223,0.2733090281486511,1.0915088653564453,0.9604258239269257,1.394182175397873
100,1,layer_25.attn_o,0.09243951737880707,0.004249187637042113,0.03318830579519272,0.043154116719961166,0.028681553341448306,0.31654449850320815,1.0915088653564453,0.9604258239269257,1.394182175397873
100,1,layer_25.mlp_down,0.38208943605422974,0.02076420673541005,0.11307825148105621,0.043154116719961166,0.028226703067775815,0.1732322197407484,1.0915088653564453,0.9604258239269257,1.394182175397873
120,1,layer_0.attn_o,0.10297492146492004,0.005051674712701831,0.14300566911697388,-0.012316994369029999,0.025703285820782185,0.06898994743824005,0.9511441707611084,0.9165508672595024,1.4001855328679085
120,1,layer_0.mlp_down,0.3424927294254303,0.010519804019433959,0.048112768679857254,-0.012316994369029999,0.0034177934168837963,0.0703290309291333,0.9511441707611084,0.9165508672595024,1.4001855328679085
120,1,layer_1.attn_o,0.09256795048713684,0.003835580355173966,0.01869688369333744,-0.012316994369029999,-0.05011887289583683,0.0897266773506999,0.9511441707611084,0.9165508672595024,1.4001855328679085
120,1,layer_1.mlp_down,0.3988077938556671,0.021202855962135746,0.006995335686951876,-0.012316994369029999,0.0011879149009473623,0.06931579504162073,0.9511441707611084,0.9165508672595024,1.4001855328679085
120,1,layer_2.attn_o,0.09849108755588531,0.0043277829508665535,0.006270600017160177,-0.012316994369029999,-0.01273804597731214,0.08296648641116917,0.9511441707611084,0.9165508672595024,1.4001855328679085
120,1,layer_2.mlp_down,0.39915603399276733,0.021655352994637472,0.01126363780349493,-0.012316994369029999,-0.002850624290294945,0.10129331089556218,0.9511441707611084,0.9165508672595024,1.4001855328679085
120,1,layer_3.attn_o,0.09357883036136627,0.004157579574029376,-0.007328857202082872,-0.012316994369029999,-0.010413984434853774,0.0984825149178505,0.9511441707611084,0.9165508672595024,1.4001855328679085
120,1,layer_3.mlp_down,0.369457870721817,0.0168401076749795,-0.0011323891812935472,-0.012316994369029999,0.011030411947285757,0.08136654011905194,0.9511441707611084,0.9165508672595024,1.4001855328679085
120,1,layer_4.attn_o,0.11083108186721802,0.0060267995819735624,0.0020158844999969006,-0.012316994369029999,-0.0121199119836092,0.09872763939201831,0.9511441707611084,0.9165508672595024,1.4001855328679085
120,1,layer_4.mlp_down,0.3254508674144745,0.010287037763011576,0.010775112546980381,-0.012316994369029999,0.005861483461922034,0.12531581930816174,0.9511441707611084,0.9165508672595024,1.4001855328679085
120,1,layer_5.attn_o,0.09076930582523346,0.0035937145196334066,0.023515067994594574,-0.012316994369029999,0.014614517614245415,0.22054484225809573,0.9511441707611084,0.9165508672595024,1.4001855328679085
120,1,layer_5.mlp_down,0.3390171229839325,0.01367050831293705,0.014977012760937214,-0.012316994369029999,0.0010253677144646644,0.08604372031986714,0.9511441707611084,0.9165508672595024,1.4001855328679085
120,1,layer_6.attn_o,0.102605901658535,0.005580702576514497,0.002934803022071719,-0.012316994369029999,-0.007953694451134651,0.1234169702976942,0.9511441707611084,0.9165508672595024,1.4001855328679085
120,1,layer_6.mlp_down,0.35169193148612976,0.01504824359968809,0.0063946242444217205,-0.012316994369029999,0.000218799221329391,0.13227782659232618,0.9511441707611084,0.9165508672595024,1.4001855328679085
120,1,layer_7.attn_o,0.07815496623516083,0.002472472964527746,0.003990392200648785,-0.012316994369029999,-0.0018352365819737314,0.1886201471090317,0.9511441707611084,0.9165508672595024,1.4001855328679085
120,1,layer_7.mlp_down,0.3133159577846527,0.010246068423160544,-9.94441652437672e-05,-0.012316994369029999,0.008787058014422654,0.18732529655098915,0.9511441707611084,0.9165508672595024,1.4001855328679085
120,1,layer_8.attn_o,0.08350903540849686,0.002662039209759578,-0.01338201854377985,-0.012316994369029999,-0.00020527993328869342,0.21531886458396912,0.9511441707611084,0.9165508672595024,1.4001855328679085
120,1,layer_8.mlp_down,0.31390994787216187,0.010177462616909947,-0.011199373751878738,-0.012316994369029999,0.008931395225226879,0.22654180973768234,0.9511441707611084,0.9165508672595024,1.4001855328679085
120,1,layer_9.attn_o,0.07868027687072754,0.002622609532763455,-0.001621452858671546,-0.012316994369029999,0.007793711731210351,0.29588202089071275,0.9511441707611084,0.9165508672595024,1.4001855328679085
120,1,layer_9.mlp_down,0.352458655834198,0.01786274123759164,0.007871555164456367,-0.012316994369029999,0.011144563369452954,0.27976217716932295,0.9511441707611084,0.9165508672595024,1.4001855328679085
120,1,layer_10.attn_o,0.10101008415222168,0.005494043925066776,0.003444335423409939,-0.012316994369029999,0.01515150535851717,0.3163896143436432,0.9511441707611084,0.9165508672595024,1.4001855328679085
120,1,layer_10.mlp_down,0.29660677909851074,0.008856721277676389,0.13114282488822937,-0.012316994369029999,0.04878164138644934,0.38030445724725725,0.9511441707611084,0.9165508672595024,1.4001855328679085
120,1,layer_11.attn_o,0.08869162946939468,0.0036944261094032657,0.005900007672607899,-0.012316994369029999,0.039472559839487074,0.4887974843382835,0.9511441707611084,0.9165508672595024,1.4001855328679085
120,1,layer_11.mlp_down,0.35730046033859253,0.019934799099759114,0.027602756395936012,-0.012316994369029999,0.021798066280462082,0.3592943146824837,0.9511441707611084,0.9165508672595024,1.4001855328679085
120,1,layer_12.attn_o,0.08326780796051025,0.0030003088874785305,0.013551028445363045,-0.012316994369029999,0.013908346471725962,0.3300557076931,0.9511441707611084,0.9165508672595024,1.4001855328679085
120,1,layer_12.mlp_down,0.32370179891586304,0.012028361002000986,0.021827194839715958,-0.012316994369029999,0.012519018369494006,0.2816550761461258,0.9511441707611084,0.9165508672595024,1.4001855328679085
120,1,layer_13.attn_o,0.09719548374414444,0.005046852278373338,0.002561907982453704,-0.012316994369029999,0.005916629679268226,0.24460480362176895,0.9511441707611084,0.9165508672595024,1.4001855328679085
120,1,layer_13.mlp_down,0.347937673330307,0.01654652193594165,0.005314468871802092,-0.012316994369029999,0.010237176436930895,0.25391806587576865,0.9511441707611084,0.9165508672595024,1.4001855328679085
120,1,layer_14.attn_o,0.08905431628227234,0.0031105906920603954,-0.00011965450539719313,-0.012316994369029999,0.0023468337720260026,0.2868290305137634,0.9511441707611084,0.9165508672595024,1.4001855328679085
120,1,layer_14.mlp_down,0.34287914633750916,0.015358024011982451,0.01459619402885437,-0.012316994369029999,-0.0007518361322581768,0.302923259139061,0.9511441707611084,0.9165508672595024,1.4001855328679085
120,1,layer_15.attn_o,0.09806038439273834,0.005333471668538194,0.023032434284687042,-0.012316994369029999,0.02033000378869474,0.40901751816272736,0.9511441707611084,0.9165508672595024,1.4001855328679085
120,1,layer_15.mlp_down,0.33461397886276245,0.013145386375273937,0.01906358078122139,-0.012316994369029999,0.0018763150437735021,0.22970915138721465,0.9511441707611084,0.9165508672595024,1.4001855328679085
120,1,layer_16.attn_o,0.09683025628328323,0.004325406499921677,0.007706331554800272,-0.012316994369029999,0.007238512285402976,0.2533553518354893,0.9511441707611084,0.9165508672595024,1.4001855328679085
120,1,layer_16.mlp_down,0.3166397213935852,0.00964657435880421,0.022818520665168762,-0.012316994369029999,0.0076610073330812154,0.20247920230031013,0.9511441707611084,0.9165508672595024,1.4001855328679085
120,1,layer_17.attn_o,0.11018144339323044,0.00638172027118967,0.0020926666911691427,-0.012316994369029999,0.012616819358663633,0.3672323182225227,0.9511441707611084,0.9165508672595024,1.4001855328679085
120,1,layer_17.mlp_down,0.34563228487968445,0.014006910386343607,0.02365983836352825,-0.012316994369029999,0.006657124403864146,0.2145598568022251,0.9511441707611084,0.9165508672595024,1.4001855328679085
120,1,layer_18.attn_o,0.10295752435922623,0.005344362750982397,0.005090619903057814,-0.012316994369029999,0.0027137476514326408,0.20013446509838104,0.9511441707611084,0.9165508672595024,1.4001855328679085
120,1,layer_18.mlp_down,0.34125491976737976,0.01355057619493657,0.021956443786621094,-0.012316994369029999,0.008793958928436041,0.24739522039890288,0.9511441707611084,0.9165508672595024,1.4001855328679085
120,1,layer_19.attn_o,0.11017022281885147,0.006335624525191896,-0.00136937340721488,-0.012316994369029999,0.006344827932480257,0.20789670795202256,0.9511441707611084,0.9165508672595024,1.4001855328679085
120,1,layer_19.mlp_down,0.34510642290115356,0.014298909601902336,0.006633348762989044,-0.012316994369029999,0.008791467128321528,0.22874195948243142,0.9511441707611084,0.9165508672595024,1.4001855328679085
120,1,layer_20.attn_o,0.07355692982673645,0.002401411593872162,-0.009947963990271091,-0.012316994369029999,0.007935726596042515,0.3304025299847126,0.9511441707611084,0.9165508672595024,1.4001855328679085
120,1,layer_20.mlp_down,0.3662475645542145,0.019754173924998397,-0.017566680908203125,-0.012316994369029999,0.010003197984769941,0.271377045661211,0.9511441707611084,0.9165508672595024,1.4001855328679085
120,1,layer_21.attn_o,0.07184567302465439,0.002902169080163317,0.024885570630431175,-0.012316994369029999,0.01427114512771368,0.4613758325576782,0.9511441707611084,0.9165508672595024,1.4001855328679085
120,1,layer_21.mlp_down,0.31744369864463806,0.010707113729554438,-0.01817707158625126,-0.012316994369029999,-0.0016731473500840367,0.21133114621043206,0.9511441707611084,0.9165508672595024,1.4001855328679085
120,1,layer_22.attn_o,0.08241429179906845,0.002929671211481401,-0.010481933131814003,-0.012316994369029999,0.0007962835021317005,0.22219585329294206,0.9511441707611084,0.9165508672595024,1.4001855328679085
120,1,layer_22.mlp_down,0.3256850838661194,0.01134013667912904,-0.009384648874402046,-0.012316994369029999,-0.0010991261806339025,0.2235284171998501,0.9511441707611084,0.9165508672595024,1.4001855328679085
120,1,layer_23.attn_o,0.08932162821292877,0.004081349556426753,-0.006504051852971315,-0.012316994369029999,-0.005087539367377758,0.3272212132811546,0.9511441707611084,0.9165508672595024,1.4001855328679085
120,1,layer_23.mlp_down,0.3102770447731018,0.009572177945520483,-0.020505206659436226,-0.012316994369029999,-0.000519824987713946,0.2369167536497116,0.9511441707611084,0.9165508672595024,1.4001855328679085
120,1,layer_24.attn_o,0.0822860449552536,0.00430111674754786,-0.022035393863916397,-0.012316994369029999,-0.003669699653983116,0.42977337837219237,0.9511441707611084,0.9165508672595024,1.4001855328679085
120,1,layer_24.mlp_down,0.34774744510650635,0.015421196732448045,-0.04218344762921333,-0.012316994369029999,0.008891129802213982,0.25706729739904405,0.9511441707611084,0.9165508672595024,1.4001855328679085
120,1,layer_25.attn_o,0.08771606534719467,0.0040320612034989425,-0.13605061173439026,-0.012316994369029999,0.03726907162490534,0.26252184957265856,0.9511441707611084,0.9165508672595024,1.4001855328679085
120,1,layer_25.mlp_down,0.36525198817253113,0.019846261731614932,-0.17787878215312958,-0.012316994369029999,0.007243234105408192,0.17403280697762966,0.9511441707611084,0.9165508672595024,1.4001855328679085
140,1,layer_0.attn_o,0.09613475203514099,0.00471609131649,0.038926754146814346,0.014967390336096287,0.03421416780911386,0.13215751387178898,1.038098269701004,0.9139513969421387,1.4036819785833359
140,1,layer_0.mlp_down,0.3201054036617279,0.009831891687538634,0.008718576282262802,0.014967390336096287,0.0014489227440208196,0.08340895604342222,1.038098269701004,0.9139513969421387,1.4036819785833359
140,1,layer_1.attn_o,0.08878806233406067,0.003678946199070124,0.11056172847747803,0.014967390336096287,-0.023603148432448505,0.09062415277585387,1.038098269701004,0.9139513969421387,1.4036819785833359
140,1,layer_1.mlp_down,0.3763156235218048,0.02000353493991922,-0.0011906124418601394,0.014967390336096287,-0.00047608922468498347,0.08212416116148233,1.038098269701004,0.9139513969421387,1.4036819785833359
140,1,layer_2.attn_o,0.0940391942858696,0.004132145276039117,0.018918519839644432,0.014967390336096287,-0.003511465503834188,0.10658605992794037,1.038098269701004,0.9139513969421387,1.4036819785833359
140,1,layer_2.mlp_down,0.3751985728740692,0.020351574240133726,0.040877580642700195,0.014967390336096287,0.0019910745089873672,0.11411050781607628,1.038098269701004,0.9139513969421387,1.4036819785833359
140,1,layer_3.attn_o,0.09000486135482788,0.0039987838650316155,0.011666013859212399,0.014967390336096287,-0.00430571885081008,0.11955959834158421,1.038098269701004,0.9139513969421387,1.4036819785833359
140,1,layer_3.mlp_down,0.35459965467453003,0.01616125126112775,0.024284357205033302,0.014967390336096287,-0.004874995956197381,0.08803964443504811,1.038098269701004,0.9139513969421387,1.4036819785833359
140,1,layer_4.attn_o,0.10723841935396194,0.005831389123304344,-0.0008625854970887303,0.014967390336096287,-0.007738417154178024,0.11926316432654857,1.038098269701004,0.9139513969421387,1.4036819785833359
140,1,layer_4.mlp_down,0.3149566054344177,0.00995504702616334,0.012395833618938923,0.014967390336096287,-0.002861863447469659,0.137667278572917,1.038098269701004,0.9139513969421387,1.4036819785833359
140,1,layer_5.attn_o,0.0916144847869873,0.0036271684059423193,0.025515034794807434,0.014967390336096287,-0.008312150824349374,0.19713481701910496,1.038098269701004,0.9139513969421387,1.4036819785833359
140,1,layer_5.mlp_down,0.32765212655067444,0.013211516536190957,0.009444789960980415,0.014967390336096287,-0.0018949728488223626,0.10678230784833431,1.038098269701004,0.9139513969421387,1.4036819785833359
140,1,layer_6.attn_o,0.10115670412778854,0.005501847505672694,-0.0008286485681310296,0.014967390336096287,-0.005212216006475501,0.1592371292412281,1.038098269701004,0.9139513969421387,1.4036819785833359
140,1,layer_6.mlp_down,0.3426884710788727,0.014661893041087367,0.02277812361717224,0.014967390336096287,-0.007422155188396573,0.1505248811095953,1.038098269701004,0.9139513969421387,1.4036819785833359
140,1,layer_7.attn_o,0.07797326147556305,0.0024667216632099174,0.019947564229369164,0.014967390336096287,-0.0070436869515106085,0.2224845163524151,1.038098269701004,0.9139513969421387,1.4036819785833359
140,1,layer_7.mlp_down,0.3064191937446594,0.010020264598584776,0.03858989477157593,0.014967390336096287,-0.010596411803271621,0.201243045181036,1.038098269701004,0.9139513969421387,1.4036819785833359
140,1,layer_8.attn_o,0.08281973004341125,0.00264006700673102,0.02728726528584957,0.014967390336096287,-0.006872166215907782,0.2371974006295204,1.038098269701004,0.9139513969421387,1.4036819785833359
140,1,layer_8.mlp_down,0.30291229486465454,0.009820621757239374,0.011869605630636215,0.014967390336096287,-0.007698564790189266,0.24070375561714172,1.038098269701004,0.9139513969421387,1.4036819785833359
140,1,layer_9.attn_o,0.07748539000749588,0.0025827796648473563,0.010519037954509258,0.014967390336096287,-0.00188063733803574,0.2924294114112854,1.038098269701004,0.9139513969421387,1.4036819785833359
140,1,layer_9.mlp_down,0.3421480357646942,0.017338019592247008,0.04576510936021805,0.014967390336096287,0.004342589294537902,0.30002888590097426,1.038098269701004,0.9139513969421387,1.4036819785833359
140,1,layer_10.attn_o,0.09833648055791855,0.005348579444423867,0.02655094861984253,0.014967390336096287,0.0039616162357560825,0.3265977308154106,1.038098269701004,0.9139513969421387,1.4036819785833359
140,1,layer_10.mlp_down,0.28881973028182983,0.008624031876941114,0.14192351698875427,0.014967390336096287,0.01772257094271481,0.3955365180969238,1.038098269701004,0.9139513969421387,1.4036819785833359
140,1,layer_11.attn_o,0.09104029834270477,0.0037922436159924136,0.08518946915864944,0.014967390336096287,0.021153577510267495,0.5559927672147751,1.038098269701004,0.9139513969421387,1.4036819785833359
140,1,layer_11.mlp_down,0.3480733335018158,0.019416834444670347,0.05155394598841667,0.014967390336096287,0.00694067680160515,0.37474010288715365,1.038098269701004,0.9139513969421387,1.4036819785833359
140,1,layer_12.attn_o,0.08201706409454346,0.002955238380154587,0.01219951268285513,0.014967390336096287,0.001226365694310516,0.3433885172009468,1.038098269701004,0.9139513969421387,1.4036819785833359
140,1,layer_12.mlp_down,0.3093886077404022,0.011496011543513993,0.02409343048930168,0.014967390336096287,0.0018358737230300902,0.2978516831994057,1.038098269701004,0.9139513969421387,1.4036819785833359
140,1,layer_13.attn_o,0.09224046766757965,0.004789543380708004,0.009142904542386532,0.014967390336096287,-0.0038056801073253154,0.24725157469511033,1.038098269701004,0.9139513969421387,1.4036819785833359
140,1,layer_13.mlp_down,0.33155977725982666,0.015766310516283827,0.02372024767100811,0.014967390336096287,-0.001668347117083613,0.2540073052048683,1.038098269701004,0.9139513969421387,1.4036819785833359
140,1,layer_14.attn_o,0.0830460712313652,0.0029007220612173104,0.021149521693587303,0.014967390336096287,-0.005809067783411592,0.27885107398033143,1.038098269701004,0.9139513969421387,1.4036819785833359
140,1,layer_14.mlp_down,0.32604172825813293,0.014602756521808305,0.03611818701028824,0.014967390336096287,-0.00522542334656464,0.3149827003479004,1.038098269701004,0.9139513969421387,1.4036819785833359
140,1,layer_15.attn_o,0.09108826518058777,0.004954240381027121,0.08849243074655533,0.014967390336096287,-0.00017299116589128972,0.4378877401351929,1.038098269701004,0.9139513969421387,1.4036819785833359
140,1,layer_15.mlp_down,0.31710121035575867,0.01245684163678954,0.02440657652914524,0.014967390336096287,0.003141360229346901,0.2162710964679718,1.038098269701004,0.9139513969421387,1.4036819785833359
140,1,layer_16.attn_o,0.08895470201969147,0.003973588987043921,0.034288596361875534,0.014967390336096287,0.0019536725711077453,0.238429893553257,1.038098269701004,0.9139513969421387,1.4036819785833359
140,1,layer_16.mlp_down,0.3017696738243103,0.00919340089062191,0.02229537069797516,0.014967390336096287,0.008797351212706417,0.18502127528190612,1.038098269701004,0.9139513969421387,1.4036819785833359
140,1,layer_17.attn_o,0.10288837552070618,0.005959261596683874,0.022382406517863274,0.014967390336096287,0.0016442932188510894,0.42858985960483553,1.038098269701004,0.9139513969421387,1.4036819785833359
140,1,layer_17.mlp_down,0.32655274868011475,0.01323300155442087,0.016868451610207558,0.014967390336096287,0.004612131341127678,0.1860669583082199,1.038098269701004,0.9139513969421387,1.4036819785833359
140,1,layer_18.attn_o,0.09541796147823334,0.004952965035881803,0.020043976604938507,0.014967390336096287,0.0007016561925411224,0.21444181874394416,1.038098269701004,0.9139513969421387,1.4036819785833359
140,1,layer_18.mlp_down,0.32010534405708313,0.012710136718832329,0.020005755126476288,0.014967390336096287,0.002955751889385283,0.2242360733449459,1.038098269701004,0.9139513969421387,1.4036819785833359
140,1,layer_19.attn_o,0.10747180134057999,0.00618038649629873,0.02036050707101822,0.014967390336096287,0.0015040783677250148,0.18605261370539666,1.038098269701004,0.9139513969421387,1.4036819785833359
140,1,layer_19.mlp_down,0.3197248578071594,0.013246480566949263,0.013763494789600372,0.014967390336096287,0.004494892994989641,0.1866357907652855,1.038098269701004,0.9139513969421387,1.4036819785833359
140,1,layer_20.attn_o,0.07306665182113647,0.0023854056463197206,0.029762474820017815,0.014967390336096287,0.008037257427349686,0.3046844288706779,1.038098269701004,0.9139513969421387,1.4036819785833359
140,1,layer_20.mlp_down,0.34010931849479675,0.018341937367994377,0.018574826419353485,0.014967390336096287,0.0047349092259537425,0.26205919981002807,1.038098269701004,0.9139513969421387,1.4036819785833359
140,1,layer_21.attn_o,0.06986403465270996,0.002822117684149684,0.005617824383080006,0.014967390336096287,0.009805289068026468,0.4927677810192108,1.038098269701004,0.9139513969421387,1.4036819785833359
140,1,layer_21.mlp_down,0.29465797543525696,0.009938343132892618,0.007179785054177046,0.014967390336096287,0.005764521640958265,0.18844643607735634,1.038098269701004,0.9139513969421387,1.4036819785833359
140,1,layer_22.attn_o,0.081217922270298,0.002887136091897863,0.008599545806646347,0.014967390336096287,0.0023113201605156064,0.1884550593793392,1.038098269701004,0.9139513969421387,1.4036819785833359
140,1,layer_22.mlp_down,0.30465027689933777,0.010607432058422548,0.0009842821164056659,0.014967390336096287,0.005495407729176805,0.21174529939889908,1.038098269701004,0.9139513969421387,1.4036819785833359
140,1,layer_23.attn_o,0.08219751715660095,0.0037558196125248946,0.006107402965426445,0.014967390336096287,0.0037119206739589573,0.33869577944278717,1.038098269701004,0.9139513969421387,1.4036819785833359
140,1,layer_23.mlp_down,0.2939392924308777,0.009067956091133509,0.008378807455301285,0.014967390336096287,0.011096018098760397,0.22422201782464982,1.038098269701004,0.9139513969421387,1.4036819785833359
140,1,layer_24.attn_o,0.07860050350427628,0.004108456803270057,0.01682121306657791,0.014967390336096287,0.014740371750667692,0.4182096764445305,1.038098269701004,0.9139513969421387,1.4036819785833359
140,1,layer_24.mlp_down,0.3315139412879944,0.014700296667953848,-0.0016050945268943906,0.014967390336096287,0.014932453306391836,0.2452160894870758,1.038098269701004,0.9139513969421387,1.4036819785833359
140,1,layer_25.attn_o,0.08424349874258041,0.003872430277856021,-0.028170058503746986,0.014967390336096287,0.03228965364396572,0.26910552084445954,1.038098269701004,0.9139513969421387,1.4036819785833359
140,1,layer_25.mlp_down,0.34851905703544617,0.01893483713184994,-0.1039026752114296,0.014967390336096287,0.0204455436905846,0.16900145821273327,1.038098269701004,0.9139513969421387,1.4036819785833359
160,1,layer_0.attn_o,0.08712887018918991,0.004274273350075983,0.18458683788776398,0.04632549732923508,0.0007949188817292452,0.12073861360549927,0.9723613679409027,0.8961391672492027,1.4194794744253159
160,1,layer_0.mlp_down,0.2874634563922882,0.008829062938959811,0.019656961783766747,0.04632549732923508,-0.004672242255765013,0.06741150356829166,0.9723613679409027,0.8961391672492027,1.4194794744253159
160,1,layer_1.attn_o,0.08001626282930374,0.003315484108300316,0.36786729097366333,0.04632549732923508,0.0057815876323729755,0.10571234505623579,0.9723613679409027,0.8961391672492027,1.4194794744253159
160,1,layer_1.mlp_down,0.3340170681476593,0.017752430489275443,0.012001642026007175,0.04632549732923508,0.0008777780109085143,0.06482989601790905,0.9723613679409027,0.8961391672492027,1.4194794744253159
160,1,layer_2.attn_o,0.08515528589487076,0.0037417656431289535,0.10279295593500137,0.04632549732923508,0.0003528214932885021,0.09324370324611664,0.9723613679409027,0.8961391672492027,1.4194794744253159
160,1,layer_2.mlp_down,0.33907443284988403,0.018389125147106188,0.05162070319056511,0.04632549732923508,-0.0003422411740757525,0.10487260892987252,0.9723613679409027,0.8961391672492027,1.4194794744253159
160,1,layer_3.attn_o,0.08262241631746292,0.003670788314360174,0.026942653581500053,0.04632549732923508,-0.001920198812877061,0.11476461850106716,0.9723613679409027,0.8961391672492027,1.4194794744253159
160,1,layer_3.mlp_down,0.32630273699760437,0.014870255524780763,0.0474536158144474,0.04632549732923508,-0.0024150100303813814,0.08000429272651673,0.9723613679409027,0.8961391672492027,1.4194794744253159
160,1,layer_4.attn_o,0.09793128073215485,0.005325231081261034,0.026699528098106384,0.04632549732923508,-0.006122061959467828,0.10331947803497314,0.9723613679409027,0.8961391672492027,1.4194794744253159
160,1,layer_4.mlp_down,0.2900764048099518,0.009168437139266248,0.02674996666610241,0.04632549732923508,-0.0033211789501365273,0.10423772856593132,0.9723613679409027,0.8961391672492027,1.4194794744253159
160,1,layer_5.attn_o,0.07804570347070694,0.0030899516962198123,0.22657866775989532,0.04632549732923508,0.02097541044931859,0.20180624015629292,0.9723613679409027,0.8961391672492027,1.4194794744253159
160,1,layer_5.mlp_down,0.30350255966186523,0.012237120253621593,0.01993895135819912,0.04632549732923508,-0.0003569287713617086,0.07050304971635342,0.9723613679409027,0.8961391672492027,1.4194794744253159
160,1,layer_6.attn_o,0.09192386269569397,0.004999652280191015,-0.0021145499777048826,0.04632549732923508,-0.0017297679267358034,0.1048949621617794,0.9723613679409027,0.8961391672492027,1.4194794744253159
160,1,layer_6.mlp_down,0.3133769929409027,0.01340694871464437,0.02677406743168831,0.04632549732923508,-0.0005747986491769552,0.1113559290766716,0.9723613679409027,0.8961391672492027,1.4194794744253159
160,1,layer_7.attn_o,0.07186572998762131,0.0022735058669504093,0.0025564914103597403,0.04632549732923508,-0.0023669982329010963,0.1753097280859947,0.9723613679409027,0.8961391672492027,1.4194794744253159
160,1,layer_7.mlp_down,0.284511923789978,0.009303640974438946,0.039803579449653625,0.04632549732923508,0.002033248147927225,0.15992451608181,0.9723613679409027,0.8961391672492027,1.4194794744253159
160,1,layer_8.attn_o,0.07745373249053955,0.0024690109446061335,0.016958843916654587,0.04632549732923508,0.0018644151277840137,0.18246327638626098,0.9723613679409027,0.8961391672492027,1.4194794744253159
160,1,layer_8.mlp_down,0.28075313568115234,0.009101958594839418,0.03202659264206886,0.04632549732923508,-0.0013960542855784297,0.18231042549014093,0.9723613679409027,0.8961391672492027,1.4194794744253159
160,1,layer_9.attn_o,0.07242020219564438,0.002413943047992949,0.014845792204141617,0.04632549732923508,-0.0006685966625809669,0.2340511351823807,0.9723613679409027,0.8961391672492027,1.4194794744253159
160,1,layer_9.mlp_down,0.3234419524669647,0.016388291739920728,0.03317870944738388,0.04632549732923508,-0.007392141153104603,0.23540064841508865,0.9723613679409027,0.8961391672492027,1.4194794744253159
160,1,layer_10.attn_o,0.08977127075195312,0.00488267664378977,0.019852478057146072,0.04632549732923508,-0.008623987855389714,0.25475343614816665,0.9723613679409027,0.8961391672492027,1.4194794744253159
160,1,layer_10.mlp_down,0.2710888385772705,0.008094445777110519,0.1414204239845276,0.04632549732923508,0.006259861285798252,0.31798455119132996,0.9723613679409027,0.8961391672492027,1.4194794744253159
160,1,layer_11.attn_o,0.08455303311347961,0.003522003484094797,0.033234063535928726,0.04632549732923508,-0.010189761500805616,0.4663653910160065,0.9723613679409027,0.8961391672492027,1.4194794744253159
160,1,layer_11.mlp_down,0.33207494020462036,0.018521749314381213,0.06151023134589195,0.04632549732923508,-0.008196293655782939,0.30035633593797684,0.9723613679409027,0.8961391672492027,1.4194794744253159
160,1,layer_12.attn_o,0.07775884121656418,0.002801801881768585,0.013859818689525127,0.04632549732923508,-0.014566725632175804,0.25415088385343554,0.9723613679409027,0.8961391672492027,1.4194794744253159
160,1,layer_12.mlp_down,0.2952810525894165,0.010971445080945125,0.049622777849435806,0.04632549732923508,-0.008988058916293085,0.21057413667440414,0.9723613679409027,0.8961391672492027,1.4194794744253159
160,1,layer_13.attn_o,0.0883655697107315,0.00458832338424249,0.004011896904557943,0.04632549732923508,-0.016664460208266972,0.16929349005222322,0.9723613679409027,0.8961391672492027,1.4194794744253159
160,1,layer_13.mlp_down,0.3157643675804138,0.015014144618077027,0.0258737001568079,0.04632549732923508,-0.011619338346645237,0.1834759771823883,0.9723613679409027,0.8961391672492027,1.4194794744253159
160,1,layer_14.attn_o,0.07762918621301651,0.0027115147615977627,0.015472190454602242,0.04632549732923508,-0.005649686499964446,0.20783903896808625,0.9723613679409027,0.8961391672492027,1.4194794744253159
160,1,layer_14.mlp_down,0.31042078137397766,0.013902244359763224,0.03481680527329445,0.04632549732923508,-0.009150819088688422,0.23732689619064332,0.9723613679409027,0.8961391672492027,1.4194794744253159
160,1,layer_15.attn_o,0.08944699913263321,0.004864960210894611,0.08531653136014938,0.04632549732923508,-0.0059801534516736865,0.3483909651637077,0.9723613679409027,0.8961391672492027,1.4194794744253159
160,1,layer_15.mlp_down,0.30246490240097046,0.011881364519581841,0.036637526005506516,0.04632549732923508,-0.0014588286401703953,0.16790782287716866,0.9723613679409027,0.8961391672492027,1.4194794744253159
160,1,layer_16.attn_o,0.08145233988761902,0.003638454370947743,0.028463736176490784,0.04632549732923508,-0.001909199613146484,0.19484609141945838,0.9723613679409027,0.8961391672492027,1.4194794744253159
160,1,layer_16.mlp_down,0.27961212396621704,0.008518238389239553,0.04678263142704964,0.04632549732923508,-0.0007489759096642956,0.14390819668769836,0.9723613679409027,0.8961391672492027,1.4194794744253159
160,1,layer_17.attn_o,0.09369058161973953,0.005426511548620037,0.020706167444586754,0.04632549732923508,0.0032138703158125282,0.35024143755435944,0.9723613679409027,0.8961391672492027,1.4194794744253159
160,1,layer_17.mlp_down,0.30987706780433655,0.012556702160876782,0.05405206233263016,0.04632549732923508,-0.0016747498957556672,0.14786038547754288,0.9723613679409027,0.8961391672492027,1.4194794744253159
160,1,layer_18.attn_o,0.08991243690252304,0.00466717262858855,0.019059881567955017,0.04632549732923508,-0.0008075628844380845,0.14400594867765903,0.9723613679409027,0.8961391672492027,1.4194794744253159
160,1,layer_18.mlp_down,0.30415138602256775,0.012076152268432033,0.047184158116579056,0.04632549732923508,-0.0007594365626573563,0.1938982978463173,0.9723613679409027,0.8961391672492027,1.4194794744253159
160,1,layer_19.attn_o,0.0990249440073967,0.005694599525451448,0.04064639285206795,0.04632549732923508,0.0009758166037499904,0.14410441592335702,0.9723613679409027,0.8961391672492027,1.4194794744253159
160,1,layer_19.mlp_down,0.3043839633464813,0.012610311928984992,0.04316294193267822,0.04632549732923508,0.0022146245813928545,0.16996992379426956,0.9723613679409027,0.8961391672492027,1.4194794744253159
160,1,layer_20.attn_o,0.06523247063159943,0.0021296438066812405,0.04479338228702545,0.04632549732923508,-0.001128221838735044,0.27811511009931567,0.9723613679409027,0.8961391672492027,1.4194794744253159
160,1,layer_20.mlp_down,0.32600846886634827,0.017579461655860582,0.0712781772017479,0.04632549732923508,0.003049815662961919,0.21346348226070405,0.9723613679409027,0.8961391672492027,1.4194794744253159
160,1,layer_21.attn_o,0.06678957492113113,0.0026979266433541584,0.1405029296875,0.04632549732923508,0.014210307924076914,0.45849813520908356,0.9723613679409027,0.8961391672492027,1.4194794744253159
160,1,layer_21.mlp_down,0.2792854607105255,0.009419671561795162,0.05579047650098801,0.04632549732923508,0.004818446876015514,0.15125428065657615,0.9723613679409027,0.8961391672492027,1.4194794744253159
160,1,layer_22.attn_o,0.07749458402395248,0.0027547797340507574,0.03348739445209503,0.04632549732923508,0.008381861657835544,0.1571929171681404,0.9723613679409027,0.8961391672492027,1.4194794744253159
160,1,layer_22.mlp_down,0.28473684191703796,0.009913823524254949,0.06840445101261139,0.04632549732923508,-0.0007666005985811353,0.17158328518271446,0.9723613679409027,0.8961391672492027,1.4194794744253159
160,1,layer_23.attn_o,0.07197458297014236,0.003288697544929062,0.09115923196077347,0.04632549732923508,0.0002847706433385611,0.285790342092514,0.9723613679409027,0.8961391672492027,1.4194794744253159
160,1,layer_23.mlp_down,0.27224212884902954,0.008398478320502736,0.0655030757188797,0.04632549732923508,-9.715690976008772e-06,0.20088699236512184,0.9723613679409027,0.8961391672492027,1.4194794744253159
160,1,layer_24.attn_o,0.07932626456022263,0.004146391998627749,0.10865089297294617,0.04632549732923508,-0.0008761732373386621,0.41490249782800676,0.9723613679409027,0.8961391672492027,1.4194794744253159
160,1,layer_24.mlp_down,0.30983835458755493,0.013738366290453033,0.0993783101439476,0.04632549732923508,-0.002338436036370695,0.21605170369148255,0.9723613679409027,0.8961391672492027,1.4194794744253159
160,1,layer_25.attn_o,0.07396046072244644,0.0033997445522794254,0.08809807151556015,0.04632549732923508,0.0008825558237731457,0.24095885902643205,0.9723613679409027,0.8961391672492027,1.4194794744253159
160,1,layer_25.mlp_down,0.3224002420902252,0.017513622991308996,0.027328213676810265,0.04632549732923508,-0.022165650315582753,0.15546086765825748,0.9723613679409027,0.8961391672492027,1.4194794744253159
180,1,layer_0.attn_o,0.07971812784671783,0.003910704720877612,0.2627710998058319,0.121897391974926,0.079249026812613,0.07787006981670856,0.9346411228179932,0.8967006877064705,1.427954077720642
180,1,layer_0.mlp_down,0.2647510766983032,0.008131349568247855,0.07288414239883423,0.121897391974926,0.004999011964537203,0.06409995891153812,0.9346411228179932,0.8967006877064705,1.427954077720642
180,1,layer_1.attn_o,0.0726439356803894,0.003010004602769551,0.1910637468099594,0.121897391974926,0.04771619844250381,0.09333769201766699,0.9346411228179932,0.8967006877064705,1.427954077720642
180,1,layer_1.mlp_down,0.30969706177711487,0.01645796385288924,0.03074517287313938,0.121897391974926,0.005216244506300427,0.0630479322746396,0.9346411228179932,0.8967006877064705,1.427954077720642
180,1,layer_2.attn_o,0.07709494978189468,0.0033875850684317406,0.0941522940993309,0.121897391974926,0.019119856902398168,0.09281157683581114,0.9346411228179932,0.8967006877064705,1.427954077720642
180,1,layer_2.mlp_down,0.30574533343315125,0.016579614424430157,0.07800869643688202,0.121897391974926,0.016987401745745957,0.07939400908071548,0.9346411228179932,0.8967006877064705,1.427954077720642
180,1,layer_3.attn_o,0.07558655738830566,0.003358186410493013,0.09531091153621674,0.121897391974926,0.014938788907602429,0.08702002614736556,0.9346411228179932,0.8967006877064705,1.427954077720642
180,1,layer_3.mlp_down,0.2992130219936371,0.01363473212271856,0.07186057418584824,0.121897391974926,0.02810243982821703,0.07097873482853174,0.9346411228179932,0.8967006877064705,1.427954077720642
180,1,layer_4.attn_o,0.08928903937339783,0.004855262803759805,0.06102004274725914,0.121897391974926,0.014733654086012394,0.09240430444478989,0.9346411228179932,0.8967006877064705,1.427954077720642
180,1,layer_4.mlp_down,0.2630649209022522,0.008314535017503018,0.04076498746871948,0.121897391974926,0.029787701363966336,0.10857113525271415,0.9346411228179932,0.8967006877064705,1.427954077720642
180,1,layer_5.attn_o,0.06986866891384125,0.0027662029826428305,0.15258730947971344,0.121897391974926,0.05722838565707207,0.1911273282021284,0.9346411228179932,0.8967006877064705,1.427954077720642
180,1,layer_5.mlp_down,0.28080710768699646,0.011321647688284371,0.039336059242486954,0.121897391974926,0.017958026635460554,0.08772142045199871,0.9346411228179932,0.8967006877064705,1.427954077720642
180,1,layer_6.attn_o,0.08540593832731247,0.004645137431792884,0.023296592757105827,0.121897391974926,0.013918820489197969,0.1262320138514042,0.9346411228179932,0.8967006877064705,1.427954077720642
180,1,layer_6.mlp_down,0.2887093722820282,0.012351058974123072,0.04113663733005524,0.121897391974926,0.027376847685081883,0.13331305645406247,0.9346411228179932,0.8967006877064705,1.427954077720642
180,1,layer_7.attn_o,0.06685439497232437,0.0021149682887868946,0.027683382853865623,0.121897391974926,0.03051957232382847,0.19371463358402252,0.9346411228179932,0.8967006877064705,1.427954077720642
180,1,layer_7.mlp_down,0.2623881697654724,0.00858001457767651,0.057730548083782196,0.121897391974926,0.04194326307624578,0.17964208498597145,0.9346411228179932,0.8967006877064705,1.427954077720642
180,1,layer_8.attn_o,0.0716119110584259,0.0022827860740272164,0.0165785551071167,0.121897391974926,0.02546129059337545,0.21720012202858924,0.9346411228179932,0.8967006877064705,1.427954077720642
180,1,layer_8.mlp_down,0.25932711362838745,0.008407176471373628,0.04867550730705261,0.121897391974926,0.03237902983091771,0.2116065017879009,0.9346411228179932,0.8967006877064705,1.427954077720642
180,1,layer_9.attn_o,0.06655747443437576,0.002218523099137885,0.028700463473796844,0.121897391974926,0.01902497684932314,0.2730361148715019,0.9346411228179932,0.8967006877064705,1.427954077720642
180,1,layer_9.mlp_down,0.3004559576511383,0.015222294935185924,0.040601663291454315,0.121897391974926,0.020674753405182857,0.27733450531959536,0.9346411228179932,0.8967006877064705,1.427954077720642
180,1,layer_10.attn_o,0.0832529366016388,0.004528129575615035,0.025769444182515144,0.121897391974926,0.01033938576001674,0.31730241179466245,0.9346411228179932,0.8967006877064705,1.427954077720642
180,1,layer_10.mlp_down,0.2522810697555542,0.007532768223580515,0.21638207137584686,0.121897391974926,0.04121346827596426,0.3570930778980255,0.9346411228179932,0.8967006877064705,1.427954077720642
180,1,layer_11.attn_o,0.07793746888637543,0.003246426768357769,0.15270628035068512,0.121897391974926,0.0185722173191607,0.5070271462202072,0.9346411228179932,0.8967006877064705,1.427954077720642
180,1,layer_11.mlp_down,0.30643779039382935,0.01708963661867283,0.09735874086618423,0.121897391974926,0.01047686617821455,0.36593395471572876,0.9346411228179932,0.8967006877064705,1.427954077720642
180,1,layer_12.attn_o,0.07157322764396667,0.002578921162776668,0.028741395100951195,0.121897391974926,0.0005979321853374131,0.3421264410018921,0.9346411228179932,0.8967006877064705,1.427954077720642
180,1,layer_12.mlp_down,0.2775450050830841,0.01031213350591345,0.06612381339073181,0.121897391974926,0.005420569074340164,0.2751740574836731,0.9346411228179932,0.8967006877064705,1.427954077720642
180,1,layer_13.attn_o,0.08237238228321075,0.004277117561516422,0.02436964586377144,0.121897391974926,0.002925736247561872,0.2321404241025448,0.9346411228179932,0.8967006877064705,1.427954077720642
180,1,layer_13.mlp_down,0.2956611216068268,0.014057307828056295,0.05265330895781517,0.121897391974926,0.0024453406454995274,0.235968729108572,0.9346411228179932,0.8967006877064705,1.427954077720642
180,1,layer_14.attn_o,0.0723925456404686,0.0025286012844922007,0.030234210193157196,0.121897391974926,0.008170369744766504,0.27197163105010985,0.9346411228179932,0.8967006877064705,1.427954077720642
180,1,layer_14.mlp_down,0.29109621047973633,0.013036148950001686,0.06835378706455231,0.121897391974926,0.003186018206179142,0.2969853699207306,0.9346411228179932,0.8967006877064705,1.427954077720642
180,1,layer_15.attn_o,0.0843174085021019,0.004585953442592141,0.10088637471199036,0.121897391974926,0.020181356091052295,0.4132534325122833,0.9346411228179932,0.8967006877064705,1.427954077720642
180,1,layer_15.mlp_down,0.28189972043037415,0.01107316800460455,0.06070772930979729,0.121897391974926,0.006925643654540181,0.21250191181898118,0.9346411228179932,0.8967006877064705,1.427954077720642
180,1,layer_16.attn_o,0.0762454941868782,0.00340586247540561,0.06597650051116943,0.121897391974926,0.007758878543972969,0.2411842092871666,0.9346411228179932,0.8967006877064705,1.427954077720642
180,1,layer_16.mlp_down,0.2639467716217041,0.008040882876335035,0.08385351300239563,0.121897391974926,0.003452661383198574,0.19536789655685424,0.9346411228179932,0.8967006877064705,1.427954077720642
180,1,layer_17.attn_o,0.08861935883760452,0.005132765617506582,0.06978242844343185,0.121897391974926,0.003508480766322464,0.41084017157554625,0.9346411228179932,0.8967006877064705,1.427954077720642
180,1,layer_17.mlp_down,0.28580307960510254,0.01158073460081876,0.08669476956129074,0.121897391974926,0.005500608627335169,0.19955908730626107,0.9346411228179932,0.8967006877064705,1.427954077720642
180,1,layer_18.attn_o,0.08126620203256607,0.004218356557725382,0.04897907003760338,0.121897391974926,0.00034818810527212916,0.22365184873342514,0.9346411228179932,0.8967006877064705,1.427954077720642
180,1,layer_18.mlp_down,0.2854364514350891,0.011332768370673114,0.06824737042188644,0.121897391974926,0.004472730681300163,0.24069917500019072,0.9346411228179932,0.8967006877064705,1.427954077720642
180,1,layer_19.attn_o,0.08718756586313248,0.005013857560471012,0.05576696991920471,0.121897391974926,0.0018745065026450902,0.19930974394083023,0.9346411228179932,0.8967006877064705,1.427954077720642
180,1,layer_19.mlp_down,0.2858739197254181,0.011843085684509369,0.07335340231657028,0.121897391974926,-0.004209149999223882,0.22168993055820466,0.9346411228179932,0.8967006877064705,1.427954077720642
180,1,layer_20.attn_o,0.06269553303718567,0.002046818646430791,0.0711764395236969,0.121897391974926,-0.00047610953915864227,0.31278781294822694,0.9346411228179932,0.8967006877064705,1.427954077720642
180,1,layer_20.mlp_down,0.31153231859207153,0.016797347788915618,0.10696905851364136,0.121897391974926,-0.006727962847799062,0.26483888551592827,0.9346411228179932,0.8967006877064705,1.427954077720642
180,1,layer_21.attn_o,0.0637940838932991,0.002576925299596166,0.15269143879413605,0.121897391974926,0.001375399436801672,0.4933888345956802,0.9346411228179932,0.8967006877064705,1.427954077720642
180,1,layer_21.mlp_down,0.26719698309898376,0.009011802461529527,0.1084073930978775,0.121897391974926,-0.003446373506449163,0.20102011859416963,0.9346411228179932,0.8967006877064705,1.427954077720642
180,1,layer_22.attn_o,0.07152961194515228,0.002542737594564915,0.06704046577215195,0.121897391974926,-0.0030554815428331496,0.20113568603992463,0.9346411228179932,0.8967006877064705,1.427954077720642
180,1,layer_22.mlp_down,0.27229970693588257,0.009480634352319267,0.10187950730323792,0.121897391974926,-0.006663192808628082,0.21954842656850815,0.9346411228179932,0.8967006877064705,1.427954077720642
180,1,layer_23.attn_o,0.07575839012861252,0.003461584269433379,0.09986089915037155,0.121897391974926,-0.00022946977987885474,0.3275873363018036,0.9346411228179932,0.8967006877064705,1.427954077720642
180,1,layer_23.mlp_down,0.25892043113708496,0.007987403333966593,0.12262393534183502,0.121897391974926,-0.005803585494868457,0.23220301270484925,0.9346411228179932,0.8967006877064705,1.427954077720642
180,1,layer_24.attn_o,0.0746651217341423,0.0039027399659742204,0.10702191293239594,0.121897391974926,-0.0024497122969478367,0.4507967263460159,0.9346411228179932,0.8967006877064705,1.427954077720642
180,1,layer_24.mlp_down,0.29209214448928833,0.01295096374653061,0.0868307501077652,0.121897391974926,0.003954761824570596,0.2560251675546169,0.9346411228179932,0.8967006877064705,1.427954077720642
180,1,layer_25.attn_o,0.06577782332897186,0.003023611485191658,0.06792660802602768,0.121897391974926,0.019529924169182776,0.27882694602012636,0.9346411228179932,0.8967006877064705,1.427954077720642
180,1,layer_25.mlp_down,0.3095402121543884,0.016813501294411504,0.3498680591583252,0.121897391974926,-0.01735644987784326,0.17157257795333863,0.9346411228179932,0.8967006877064705,1.427954077720642
200,1,layer_0.attn_o,0.0753171443939209,0.0036947964753728953,0.05968349426984787,0.06693138927221298,-0.005296354787424207,0.1760927920229733,0.9274305999279022,0.8914087265729904,1.4320475459098816
200,1,layer_0.mlp_down,0.24833808839321136,0.007627156970845081,-0.0064937639981508255,0.06693138927221298,-0.0010612008074531332,0.10959854666143656,0.9274305999279022,0.8914087265729904,1.4320475459098816
200,1,layer_1.attn_o,0.06867053359746933,0.002845364042785845,0.18226060271263123,0.06693138927221298,0.009538898710161448,0.1636049285531044,0.9274305999279022,0.8914087265729904,1.4320475459098816
200,1,layer_1.mlp_down,0.29641833901405334,0.015750964655325966,0.011072474531829357,0.06693138927221298,-0.001152492145411088,0.10423167422413826,0.9274305999279022,0.8914087265729904,1.4320475459098816
200,1,layer_2.attn_o,0.07389892637729645,0.0032471458066118983,0.0844774842262268,0.06693138927221298,0.009218468610197306,0.13548891097307206,0.9274305999279022,0.8914087265729904,1.4320475459098816
200,1,layer_2.mlp_down,0.2987808883190155,0.01620041109074919,0.06744231283664703,0.06693138927221298,-0.0005650807870551944,0.1349003866314888,0.9274305999279022,0.8914087265729904,1.4320475459098816
200,1,layer_3.attn_o,0.07210598886013031,0.003203540974639939,0.05912015959620476,0.06693138927221298,0.006443177908658981,0.1278168775141239,0.9274305999279022,0.8914087265729904,1.4320475459098816
200,1,layer_3.mlp_down,0.2843000888824463,0.01295445949213253,0.08981277793645859,0.06693138927221298,0.00368005926720798,0.10321123786270618,0.9274305999279022,0.8914087265729904,1.4320475459098816
200,1,layer_4.attn_o,0.08422284573316574,0.004579768355958622,0.04583447799086571,0.06693138927221298,0.011374627671466441,0.12905058525502683,0.9274305999279022,0.8914087265729904,1.4320475459098816
200,1,layer_4.mlp_down,0.2446223348379135,0.007731503097693626,0.03933677822351456,0.06693138927221298,0.007200882863253355,0.1508993536233902,0.9274305999279022,0.8914087265729904,1.4320475459098816
200,1,layer_5.attn_o,0.07092272490262985,0.0028079316352114326,0.06873732060194016,0.06693138927221298,0.03862988243927248,0.24210738390684128,0.9274305999279022,0.8914087265729904,1.4320475459098816
200,1,layer_5.mlp_down,0.25702527165412903,0.010362495187106635,0.028857138007879257,0.06693138927221298,0.0012328857206739484,0.11857563853263856,0.9274305999279022,0.8914087265729904,1.4320475459098816
200,1,layer_6.attn_o,0.07777824252843857,0.004230269967952867,-0.0006989854155108333,0.06693138927221298,0.005535421794047579,0.1429908312857151,0.9274305999279022,0.8914087265729904,1.4320475459098816
200,1,layer_6.mlp_down,0.2656077444553375,0.011362314060405873,0.012818246148526669,0.06693138927221298,0.00436940164072439,0.1643916703760624,0.9274305999279022,0.8914087265729904,1.4320475459098816
200,1,layer_7.attn_o,0.06033880636096001,0.0019088433854892624,0.014311976730823517,0.06693138927221298,0.008927113434765488,0.22380419075489044,0.9274305999279022,0.8914087265729904,1.4320475459098816
200,1,layer_7.mlp_down,0.23819541931152344,0.007788812495329876,0.05619204789400101,0.06693138927221298,0.008029666321817786,0.21713318973779677,0.9274305999279022,0.8914087265729904,1.4320475459098816
200,1,layer_8.attn_o,0.06450323015451431,0.0020561807189114238,-0.004006940871477127,0.06693138927221298,0.010095558897592127,0.22772933915257454,0.9274305999279022,0.8914087265729904,1.4320475459098816
200,1,layer_8.mlp_down,0.2338714897632599,0.007581831384347902,0.026451611891388893,0.06693138927221298,0.005141026154160499,0.24284895807504653,0.9274305999279022,0.8914087265729904,1.4320475459098816
200,1,layer_9.attn_o,0.06063297018408775,0.002021040926702822,0.0026589296758174896,0.06693138927221298,0.00327406651340425,0.29588671773672104,0.9274305999279022,0.8914087265729904,1.4320475459098816
200,1,layer_9.mlp_down,0.269869863986969,0.01367171590507251,0.03985469788312912,0.06693138927221298,0.0037717513274401425,0.30511273592710497,0.9274305999279022,0.8914087265729904,1.4320475459098816
200,1,layer_10.attn_o,0.07546262443065643,0.004104402354150567,0.014363443478941917,0.06693138927221298,0.0037329370621591806,0.3337876498699188,0.9274305999279022,0.8914087265729904,1.4320475459098816
200,1,layer_10.mlp_down,0.22527162730693817,0.006726221180955311,0.23109091818332672,0.06693138927221298,0.02388390451669693,0.3866634011268616,0.9274305999279022,0.8914087265729904,1.4320475459098816
200,1,layer_11.attn_o,0.06716065853834152,0.0027975252663133723,0.042131781578063965,0.06693138927221298,0.013837059959769249,0.511045229434967,0.9274305999279022,0.8914087265729904,1.4320475459098816
200,1,layer_11.mlp_down,0.28080612421035767,0.015658702899698236,0.008730015717446804,0.06693138927221298,0.0009622534736990929,0.3596622973680496,0.9274305999279022,0.8914087265729904,1.4320475459098816
200,1,layer_12.attn_o,0.0646231472492218,0.0023284978282402213,0.008185364305973053,0.06693138927221298,-0.0031287913210690022,0.33761427402496336,0.9274305999279022,0.8914087265729904,1.4320475459098816
200,1,layer_12.mlp_down,0.25341957807540894,0.009415512163999619,0.018932580947875977,0.06693138927221298,-0.0005164507630979643,0.2755160376429558,0.9274305999279022,0.8914087265729904,1.4320475459098816
200,1,layer_13.attn_o,0.07505470514297485,0.003897136655016734,0.006148502696305513,0.06693138927221298,-0.003252018103376031,0.2327948607504368,0.9274305999279022,0.8914087265729904,1.4320475459098816
200,1,layer_13.mlp_down,0.2694784700870514,0.012811798837795907,0.018365925177931786,0.06693138927221298,-0.00012427414767444134,0.2308993637561798,0.9274305999279022,0.8914087265729904,1.4320475459098816
200,1,layer_14.attn_o,0.06442718207836151,0.002250378574360805,0.010430488735437393,0.06693138927221298,-0.004605159138736781,0.25038751065731046,0.9274305999279022,0.8914087265729904,1.4320475459098816
200,1,layer_14.mlp_down,0.2622305154800415,0.0117429402142681,0.02840491756796837,0.06693138927221298,0.0007764991838485003,0.2820541650056839,0.9274305999279022,0.8914087265729904,1.4320475459098816
200,1,layer_15.attn_o,0.07371395826339722,0.004009228992504135,0.05722711235284805,0.06693138927221298,-0.00773141817189753,0.4075355023145676,0.9274305999279022,0.8914087265729904,1.4320475459098816
200,1,layer_15.mlp_down,0.2523871064186096,0.009913631977771852,0.03265996649861336,0.06693138927221298,0.0007253288757055997,0.19958669170737267,0.9274305999279022,0.8914087265729904,1.4320475459098816
200,1,layer_16.attn_o,0.0695103108882904,0.0031050004962932106,0.033457279205322266,0.06693138927221298,-0.00030268835835158827,0.22167578041553498,0.9274305999279022,0.8914087265729904,1.4320475459098816
200,1,layer_16.mlp_down,0.23878814280033112,0.007274387047859846,0.03816103935241699,0.06693138927221298,0.0010677853890229017,0.1890781931579113,0.9274305999279022,0.8914087265729904,1.4320475459098816
200,1,layer_17.attn_o,0.08336153626441956,0.004828222679563167,0.026370808482170105,0.06693138927221298,-0.003297427060897462,0.4294345796108246,0.9274305999279022,0.8914087265729904,1.4320475459098816
200,1,layer_17.mlp_down,0.26195964217185974,0.010614275821185633,0.03431074693799019,0.06693138927221298,0.000580823517520912,0.19956037178635597,0.9274305999279022,0.8914087265729904,1.4320475459098816
200,1,layer_18.attn_o,0.07465574890375137,0.003875220774993198,0.009940420277416706,0.06693138927221298,-0.0005359876697184518,0.22672167047858238,0.9274305999279022,0.8914087265729904,1.4320475459098816
200,1,layer_18.mlp_down,0.2597050666809082,0.010310880503353801,0.013701403513550758,0.06693138927221298,0.0010834282147698104,0.24218592494726182,0.9274305999279022,0.8914087265729904,1.4320475459098816
200,1,layer_19.attn_o,0.08235178142786026,0.004735756253760545,0.00523275276646018,0.06693138927221298,-0.00476771296816878,0.18562724962830543,0.9274305999279022,0.8914087265729904,1.4320475459098816
200,1,layer_19.mlp_down,0.2607059180736542,0.010800096490538673,0.013835402205586433,0.06693138927221298,-0.0008368667971808463,0.21560300886631012,0.9274305999279022,0.8914087265729904,1.4320475459098816
200,1,layer_20.attn_o,0.05647800862789154,0.001843833759700062,0.008728493936359882,0.06693138927221298,-0.0068965414073318245,0.3227762937545776,0.9274305999279022,0.8914087265729904,1.4320475459098816
200,1,layer_20.mlp_down,0.28077933192253113,0.01513799331903048,-0.002012996468693018,0.06693138927221298,0.0013729349710047245,0.284177665412426,0.9274305999279022,0.8914087265729904,1.4320475459098816
200,1,layer_21.attn_o,0.05885092541575432,0.002377247792866967,0.05524398386478424,0.06693138927221298,0.018188503943383692,0.5106585472822189,0.9274305999279022,0.8914087265729904,1.4320475459098816
200,1,layer_21.mlp_down,0.23939849436283112,0.008074110395695843,-0.010253358632326126,0.06693138927221298,0.004785997979342938,0.20692709237337112,0.9274305999279022,0.8914087265729904,1.4320475459098816
200,1,layer_22.attn_o,0.06128839775919914,0.0021786818995609084,0.011881782673299313,0.06693138927221298,0.0006921515101566911,0.2219209760427475,0.9274305999279022,0.8914087265729904,1.4320475459098816
200,1,layer_22.mlp_down,0.24422602355480194,0.008503080819985158,0.0041822707280516624,0.06693138927221298,0.005072326213121414,0.22529880702495575,0.9274305999279022,0.8914087265729904,1.4320475459098816
200,1,layer_23.attn_o,0.06762158125638962,0.003089787039428712,0.014506634324789047,0.06693138927221298,0.006149899307638406,0.33829091638326647,0.9274305999279022,0.8914087265729904,1.4320475459098816
200,1,layer_23.mlp_down,0.23206649720668793,0.007158933308920774,0.0201284047216177,0.06693138927221298,0.005692810192704201,0.24020081311464309,0.9274305999279022,0.8914087265729904,1.4320475459098816
200,1,layer_24.attn_o,0.06548695266246796,0.003422996093326499,0.02181563712656498,0.06693138927221298,0.009911173000000417,0.4768532425165176,0.9274305999279022,0.8914087265729904,1.4320475459098816
200,1,layer_24.mlp_down,0.2643607556819916,0.011721023386795227,0.04852383956313133,0.06693138927221298,-0.00385534530505538,0.27973968982696534,0.9274305999279022,0.8914087265729904,1.4320475459098816
200,1,layer_25.attn_o,0.05942678824067116,0.0027316694031323282,0.12742047011852264,0.06693138927221298,-0.02587549719028175,0.28207552880048753,0.9274305999279022,0.8914087265729904,1.4320475459098816
200,1,layer_25.mlp_down,0.28052249550819397,0.015236264363385665,0.21034467220306396,0.06693138927221298,-0.008619305025786162,0.22225220501422882,0.9274305999279022,0.8914087265729904,1.4320475459098816
220,1,layer_0.attn_o,0.06770244240760803,0.0033212330069696816,0.3198428452014923,0.03796113282442093,0.07400065325200558,0.2197211306542158,1.0029980838298798,0.8800838738679886,1.4301405251026154
220,1,layer_0.mlp_down,0.2312496155500412,0.007102258956100431,0.03959530219435692,0.03796113282442093,0.008175225509330631,0.08581314980983734,1.0029980838298798,0.8800838738679886,1.4301405251026154
220,1,layer_1.attn_o,0.06358242779970169,0.002634539800727056,0.29304197430610657,0.03796113282442093,0.08301142062991858,0.16050739549100398,1.0029980838298798,0.8800838738679886,1.4301405251026154
220,1,layer_1.mlp_down,0.275179922580719,0.014621355113182992,0.01131612528115511,0.03796113282442093,0.00935641247779131,0.07333160042762757,1.0029980838298798,0.8800838738679886,1.4301405251026154
220,1,layer_2.attn_o,0.06340740621089935,0.002786146214431379,0.11379759013652802,0.03796113282442093,0.03230765531770885,0.11162048503756523,1.0029980838298798,0.8800838738679886,1.4301405251026154
220,1,layer_2.mlp_down,0.2742287516593933,0.01486804819103844,0.05419307202100754,0.03796113282442093,0.02047148710116744,0.11882738918066024,1.0029980838298798,0.8800838738679886,1.4301405251026154
220,1,layer_3.attn_o,0.059686701744794846,0.0026517738886906207,0.039168618619441986,0.03796113282442093,0.0202313176356256,0.12899537533521652,1.0029980838298798,0.8800838738679886,1.4301405251026154
220,1,layer_3.mlp_down,0.24666693806648254,0.011239133381571691,0.039325542747974396,0.03796113282442093,0.017078637168742715,0.09553745053708554,1.0029980838298798,0.8800838738679886,1.4301405251026154
220,1,layer_4.attn_o,0.07244912534952164,0.003939536066902045,0.049903325736522675,0.03796113282442093,0.02149903422105126,0.12785317078232766,1.0029980838298798,0.8800838738679886,1.4301405251026154
220,1,layer_4.mlp_down,0.21445021033287048,0.006777819264919468,0.07292880117893219,0.03796113282442093,0.017681500531034545,0.12669128514826297,1.0029980838298798,0.8800838738679886,1.4301405251026154
220,1,layer_5.attn_o,0.05713212490081787,0.0022619373679817075,0.1319543868303299,0.03796113282442093,0.10904343295842409,0.27500797137618066,1.0029980838298798,0.8800838738679886,1.4301405251026154
220,1,layer_5.mlp_down,0.22913987934589386,0.009238049357332532,0.03951063007116318,0.03796113282442093,0.012110708048567176,0.08461090251803398,1.0029980838298798,0.8800838738679886,1.4301405251026154
220,1,layer_6.attn_o,0.0682634636759758,0.003712764286942642,0.0054853325709700584,0.03796113282442093,0.007037249300628901,0.12979603745043278,1.0029980838298798,0.8800838738679886,1.4301405251026154
220,1,layer_6.mlp_down,0.2347542643547058,0.010042124919071506,0.02923242561519146,0.03796113282442093,0.014957149839028716,0.14268171042203903,1.0029980838298798,0.8800838738679886,1.4301405251026154
220,1,layer_7.attn_o,0.05176473781466484,0.001637599831252162,0.00860870722681284,0.03796113282442093,0.012820847472175956,0.21581679582595825,1.0029980838298798,0.8800838738679886,1.4301405251026154
220,1,layer_7.mlp_down,0.2108243852853775,0.006893712393604502,0.032811179757118225,0.03796113282442093,0.02601022170856595,0.20329002514481545,1.0029980838298798,0.8800838738679886,1.4301405251026154
220,1,layer_8.attn_o,0.055657438933849335,0.0017742014577099285,-0.005124096293002367,0.03796113282442093,0.018579286755993962,0.226498082280159,1.0029980838298798,0.8800838738679886,1.4301405251026154
220,1,layer_8.mlp_down,0.20620718598365784,0.006684932247262001,-0.0003301080141682178,0.03796113282442093,0.036192937404848635,0.2325225293636322,1.0029980838298798,0.8800838738679886,1.4301405251026154
220,1,layer_9.attn_o,0.05384816229343414,0.001794886592186383,-0.005958222318440676,0.03796113282442093,0.033811756770592186,0.3061280682682991,1.0029980838298798,0.8800838738679886,1.4301405251026154
220,1,layer_9.mlp_down,0.23943890631198883,0.012129447822432348,0.023004930466413498,0.03796113282442093,0.0326571105979383,0.2967204600572586,1.0029980838298798,0.8800838738679886,1.4301405251026154
220,1,layer_10.attn_o,0.06619536131620407,0.003600343669413231,0.0022015913855284452,0.03796113282442093,0.031049034744501113,0.32155880331993103,1.0029980838298798,0.8800838738679886,1.4301405251026154
220,1,layer_10.mlp_down,0.1992831975221634,0.005950198752056985,0.27529317140579224,0.03796113282442093,0.06917814183980227,0.39288351535797117,1.0029980838298798,0.8800838738679886,1.4301405251026154
220,1,layer_11.attn_o,0.05943859741091728,0.002475867014593262,0.0541972890496254,0.03796113282442093,0.059556618146598336,0.5128082633018494,1.0029980838298798,0.8800838738679886,1.4301405251026154
220,1,layer_11.mlp_down,0.25050464272499084,0.013967846965773915,0.03584307059645653,0.03796113282442093,0.03675810480490327,0.36728001236915586,1.0029980838298798,0.8800838738679886,1.4301405251026154
220,1,layer_12.attn_o,0.05670484900474548,0.002043184298700961,0.00823613628745079,0.03796113282442093,0.03214741210686043,0.33259163349866866,1.0029980838298798,0.8800838738679886,1.4301405251026154
220,1,layer_12.mlp_down,0.22374369204044342,0.008312791570270536,0.034903500229120255,0.03796113282442093,0.03075228971429169,0.2815642818808556,1.0029980838298798,0.8800838738679886,1.4301405251026154
220,1,layer_13.attn_o,0.06643915176391602,0.003449777637365261,0.007665884215384722,0.03796113282442093,0.016758259339258074,0.25388766825199127,1.0029980838298798,0.8800838738679886,1.4301405251026154
220,1,layer_13.mlp_down,0.238763689994812,0.01135103380411879,0.01139603741466999,0.03796113282442093,0.020178552507422863,0.2525745153427124,1.0029980838298798,0.8800838738679886,1.4301405251026154
220,1,layer_14.attn_o,0.05720455199480057,0.0019980978253084257,0.013435617089271545,0.03796113282442093,0.01644080989062786,0.29300180077552795,1.0029980838298798,0.8800838738679886,1.4301405251026154
220,1,layer_14.mlp_down,0.23530149459838867,0.010536730701197547,0.028116783127188683,0.03796113282442093,0.01817436682758853,0.31901935338973997,1.0029980838298798,0.8800838738679886,1.4301405251026154
220,1,layer_15.attn_o,0.06866372376680374,0.0037345381935041124,0.05645808205008507,0.03796113282442093,0.04878080979688093,0.4172678112983704,1.0029980838298798,0.8800838738679886,1.4301405251026154
220,1,layer_15.mlp_down,0.2260076403617859,0.008877321508051553,0.022180231288075447,0.03796113282442093,0.01806421095971018,0.21833351105451584,1.0029980838298798,0.8800838738679886,1.4301405251026154
220,1,layer_16.attn_o,0.06355580687522888,0.002839013500109271,0.01161243673413992,0.03796113282442093,0.02202286513056606,0.2368127092719078,1.0029980838298798,0.8800838738679886,1.4301405251026154
220,1,layer_16.mlp_down,0.21265996992588043,0.006478370947846552,0.049570221453905106,0.03796113282442093,0.018926963000558315,0.18336277306079865,1.0029980838298798,0.8800838738679886,1.4301405251026154
220,1,layer_17.attn_o,0.06795862317085266,0.003936093750793787,0.026242565363645554,0.03796113282442093,0.008461020793765784,0.39471982717514037,1.0029980838298798,0.8800838738679886,1.4301405251026154
220,1,layer_17.mlp_down,0.23163746297359467,0.009385469874389625,0.04984220117330551,0.03796113282442093,0.017561667296104134,0.1797715850174427,1.0029980838298798,0.8800838738679886,1.4301405251026154
220,1,layer_18.attn_o,0.06332062929868698,0.003286835300827483,0.013463861308991909,0.03796113282442093,0.002797657078190241,0.1916516125202179,1.0029980838298798,0.8800838738679886,1.4301405251026154
220,1,layer_18.mlp_down,0.2273140698671341,0.009024703321626717,0.01638484001159668,0.03796113282442093,0.012436502706259489,0.2240084081888199,1.0029980838298798,0.8800838738679886,1.4301405251026154
220,1,layer_19.attn_o,0.07111391425132751,0.004089508072858133,0.0033312940504401922,0.03796113282442093,0.002099579677451402,0.1570081952959299,1.0029980838298798,0.8800838738679886,1.4301405251026154
220,1,layer_19.mlp_down,0.22729671001434326,0.009415815052053326,0.026602117344737053,0.03796113282442093,0.007269983645528555,0.20534185767173768,1.0029980838298798,0.8800838738679886,1.4301405251026154
220,1,layer_20.attn_o,0.04928233474493027,0.0016089172774278006,0.013822133652865887,0.03796113282442093,0.00947606135159731,0.3187596440315247,1.0029980838298798,0.8800838738679886,1.4301405251026154
220,1,layer_20.mlp_down,0.24806168675422668,0.013373194994337647,0.04601908102631569,0.03796113282442093,0.003931760508567095,0.2583957850933075,1.0029980838298798,0.8800838738679886,1.4301405251026154
220,1,layer_21.attn_o,0.05322716757655144,0.002150077484090465,0.07719269394874573,0.03796113282442093,0.05026278141885996,0.4790757566690445,1.0029980838298798,0.8800838738679886,1.4301405251026154
220,1,layer_21.mlp_down,0.20987610518932343,0.007078352485513443,0.039620984345674515,0.03796113282442093,0.0069230075343512,0.1767997220158577,1.0029980838298798,0.8800838738679886,1.4301405251026154
220,1,layer_22.attn_o,0.05698472633957863,0.002025695264030673,0.02105896733701229,0.03796113282442093,0.013337747915647924,0.17518682405352592,1.0029980838298798,0.8800838738679886,1.4301405251026154
220,1,layer_22.mlp_down,0.21542388200759888,0.007500197641595125,0.02380455657839775,0.03796113282442093,0.01012728624045849,0.19685467779636384,1.0029980838298798,0.8800838738679886,1.4301405251026154
220,1,layer_23.attn_o,0.05869276821613312,0.0026818025317794834,0.014998797327280045,0.03796113282442093,0.02356193843879737,0.31530387997627257,1.0029980838298798,0.8800838738679886,1.4301405251026154
220,1,layer_23.mlp_down,0.20479364693164825,0.0063175720406082264,0.018570447340607643,0.03796113282442093,0.022407739167101683,0.22492239475250245,1.0029980838298798,0.8800838738679886,1.4301405251026154
220,1,layer_24.attn_o,0.05870906263589859,0.003068706096121294,0.03185177594423294,0.03796113282442093,0.039841938950121406,0.46882750988006594,1.0029980838298798,0.8800838738679886,1.4301405251026154
220,1,layer_24.mlp_down,0.2351081520318985,0.010423750457597414,0.026858694851398468,0.03796113282442093,0.027602289617061616,0.2451940134167671,1.0029980838298798,0.8800838738679886,1.4301405251026154
220,1,layer_25.attn_o,0.054704632610082626,0.002514603129510486,-0.01774538867175579,0.03796113282442093,0.04832746060565114,0.27923798859119414,1.0029980838298798,0.8800838738679886,1.4301405251026154
220,1,layer_25.mlp_down,0.24954532086849213,0.013552885161714703,-0.0596010647714138,0.03796113282442093,0.025316561078943776,0.20049756355583667,1.0029980838298798,0.8800838738679886,1.4301405251026154
240,1,layer_0.attn_o,0.05580395460128784,0.002737531288912176,0.0717909038066864,0.003561502555385232,0.04472176511771977,0.15935498205944895,1.02767516374588,0.8714455813169479,1.432387888431549
240,1,layer_0.mlp_down,0.18845239281654358,0.005787794732639659,0.03615381941199303,0.003561502555385232,0.0023572546895593407,0.08029396943747998,1.02767516374588,0.8714455813169479,1.432387888431549
240,1,layer_1.attn_o,0.05547937750816345,0.0022987874890333694,0.1379304677248001,0.003561502555385232,0.02481200164183974,0.1531370498239994,1.02767516374588,0.8714455813169479,1.432387888431549
240,1,layer_1.mlp_down,0.23745140433311462,0.012615858100413286,0.01937905326485634,0.003561502555385232,0.002619302156381309,0.07247495204210282,1.02767516374588,0.8714455813169479,1.432387888431549
240,1,layer_2.attn_o,0.0550357848405838,0.002418291061544177,0.059357088059186935,0.003561502555385232,0.006092047225683928,0.10909398049116134,1.02767516374588,0.8714455813169479,1.432387888431549
240,1,layer_2.mlp_down,0.24255552887916565,0.013149972563927945,0.04216841980814934,0.003561502555385232,-0.0015019979735370725,0.10305972844362259,1.02767516374588,0.8714455813169479,1.432387888431549
240,1,layer_3.attn_o,0.05357343330979347,0.002380168424339433,0.05786963924765587,0.003561502555385232,-0.0008954753633588552,0.13215532675385475,1.02767516374588,0.8714455813169479,1.432387888431549
240,1,layer_3.mlp_down,0.21886417269706726,0.009972007412098463,0.023265313357114792,0.003561502555385232,-0.0061862297065090385,0.08961298875510693,1.02767516374588,0.8714455813169479,1.432387888431549
240,1,layer_4.attn_o,0.06452403962612152,0.0035085871394767384,0.03178899735212326,0.003561502555385232,0.004921828815713525,0.11117828115820885,1.02767516374588,0.8714455813169479,1.432387888431549
240,1,layer_4.mlp_down,0.18932858109474182,0.005983795671842829,0.022046498954296112,0.003561502555385232,-0.0014070732053369285,0.12913015410304068,1.02767516374588,0.8714455813169479,1.432387888431549
240,1,layer_5.attn_o,0.05127938836812973,0.002030218767542871,0.0786147341132164,0.003561502555385232,0.05419018473476171,0.238472780585289,1.02767516374588,0.8714455813169479,1.432387888431549
240,1,layer_5.mlp_down,0.20174868404865265,0.008133646613108161,0.03166746348142624,0.003561502555385232,-0.000761893589515239,0.09180275648832321,1.02767516374588,0.8714455813169479,1.432387888431549
240,1,layer_6.attn_o,0.059784986078739166,0.0032516234263450625,0.016587000340223312,0.003561502555385232,-0.003787391306832433,0.14258256033062935,1.02767516374588,0.8714455813169479,1.432387888431549
240,1,layer_6.mlp_down,0.20853976905345917,0.008920547003171155,0.02295035868883133,0.003561502555385232,4.1476218029856685e-06,0.14479303508996963,1.02767516374588,0.8714455813169479,1.432387888431549
240,1,layer_7.attn_o,0.045807335525751114,0.0014491348376119825,0.023587612435221672,0.003561502555385232,0.0009472447680309414,0.22329730838537215,1.02767516374588,0.8714455813169479,1.432387888431549
240,1,layer_7.mlp_down,0.18743887543678284,0.006128994408674297,0.020089074969291687,0.003561502555385232,0.0015686758793890475,0.21042055189609526,1.02767516374588,0.8714455813169479,1.432387888431549
240,1,layer_8.attn_o,0.04948851838707924,0.0015775531737236594,0.022846566513180733,0.003561502555385232,0.006242451805155725,0.24426983594894408,1.02767516374588,0.8714455813169479,1.432387888431549
240,1,layer_8.mlp_down,0.1848333775997162,0.005991981986012073,0.028087951242923737,0.003561502555385232,-0.002977066463790834,0.23789556324481964,1.02767516374588,0.8714455813169479,1.432387888431549
240,1,layer_9.attn_o,0.046187736093997955,0.0015395445136080553,0.02423807978630066,0.003561502555385232,-0.006580959819257259,0.31152852028608324,1.02767516374588,0.8714455813169479,1.432387888431549
240,1,layer_9.mlp_down,0.21373799443244934,0.010827137385960188,0.03750435262918472,0.003561502555385232,-0.0027918075677007435,0.30256145298480985,1.02767516374588,0.8714455813169479,1.432387888431549
240,1,layer_10.attn_o,0.05744402855634689,0.003124353166277888,0.022834820672869682,0.003561502555385232,-0.004133772756904364,0.33463414907455447,1.02767516374588,0.8714455813169479,1.432387888431549
240,1,layer_10.mlp_down,0.1763242930173874,0.005264660480160932,0.21631164848804474,0.003561502555385232,0.01007621893659234,0.4080830365419388,1.02767516374588,0.8714455813169479,1.432387888431549
240,1,layer_11.attn_o,0.05259832739830017,0.0021909393228829958,0.09455323964357376,0.003561502555385232,0.0013683915312867612,0.5406880289316177,1.02767516374588,0.8714455813169479,1.432387888431549
240,1,layer_11.mlp_down,0.221732497215271,0.012362847497316747,0.054041922092437744,0.003561502555385232,-0.0007680092472583056,0.36978076696395873,1.02767516374588,0.8714455813169479,1.432387888431549
240,1,layer_12.attn_o,0.04808701202273369,0.0017326667719567955,0.006561840418726206,0.003561502555385232,-0.009798055933788418,0.34306165128946303,1.02767516374588,0.8714455813169479,1.432387888431549
240,1,layer_12.mlp_down,0.1946566253900528,0.007232006164267874,0.037887781858444214,0.003561502555385232,-0.0018548660213127733,0.28192502707242967,1.02767516374588,0.8714455813169479,1.432387888431549
240,1,layer_13.attn_o,0.057985272258520126,0.003010815353144197,0.0070322728715837,0.003561502555385232,-0.005669071804732084,0.24771296381950378,1.02767516374588,0.8714455813169479,1.432387888431549
240,1,layer_13.mlp_down,0.20743843913078308,0.009861483964153895,0.01779979281127453,0.003561502555385232,-0.005292958673089742,0.23433083146810532,1.02767516374588,0.8714455813169479,1.432387888431549
240,1,layer_14.attn_o,0.04975849762558937,0.0017380136621963091,0.013027986511588097,0.003561502555385232,-0.0029653333476744592,0.27616501450538633,1.02767516374588,0.8714455813169479,1.432387888431549
240,1,layer_14.mlp_down,0.20779667794704437,0.00930486182154386,0.03572417050600052,0.003561502555385232,-0.004714719939511269,0.3007936283946037,1.02767516374588,0.8714455813169479,1.432387888431549
240,1,layer_15.attn_o,0.05841950327157974,0.0031773662473714858,0.06828831136226654,0.003561502555385232,0.004347872361540795,0.4388626962900162,1.02767516374588,0.8714455813169479,1.432387888431549
240,1,layer_15.mlp_down,0.19518865644931793,0.00766668829129245,0.018827684223651886,0.003561502555385232,-0.003152710082940757,0.20457536727190018,1.02767516374588,0.8714455813169479,1.432387888431549
240,1,layer_16.attn_o,0.05412554740905762,0.002417764751198854,0.015021713450551033,0.003561502555385232,-0.002473350620130077,0.23426931649446486,1.02767516374588,0.8714455813169479,1.432387888431549
240,1,layer_16.mlp_down,0.1818511039018631,0.00553981354068659,0.03478751704096794,0.003561502555385232,0.005468162661418319,0.17802587971091272,1.02767516374588,0.8714455813169479,1.432387888431549
240,1,layer_17.attn_o,0.05765504390001297,0.003339313998427577,0.02304510772228241,0.003561502555385232,0.004420336236944422,0.3997915878891945,1.02767516374588,0.8714455813169479,1.432387888431549
240,1,layer_17.mlp_down,0.19927941262722015,0.008074283913118114,0.030709484592080116,0.003561502555385232,0.003240150021156296,0.18569256961345673,1.02767516374588,0.8714455813169479,1.432387888431549
240,1,layer_18.attn_o,0.054644953459501266,0.002836501638196088,0.013954205438494682,0.003561502555385232,0.0009620190248824656,0.19391566514968872,1.02767516374588,0.8714455813169479,1.432387888431549
240,1,layer_18.mlp_down,0.19506895542144775,0.0077443998812655145,0.02052515186369419,0.003561502555385232,0.005035593919456005,0.22708646431565285,1.02767516374588,0.8714455813169479,1.432387888431549
240,1,layer_19.attn_o,0.06098764389753342,0.003507166153407806,0.008384631015360355,0.003561502555385232,-0.0002430653403280303,0.17628116831183432,1.02767516374588,0.8714455813169479,1.432387888431549
240,1,layer_19.mlp_down,0.19637523591518402,0.008134804714104328,0.015564086847007275,0.003561502555385232,-0.0014783487538807094,0.20512300729751587,1.02767516374588,0.8714455813169479,1.432387888431549
240,1,layer_20.attn_o,0.042918287217617035,0.0014011507060131749,0.003724320326000452,0.003561502555385232,-0.00623687811603304,0.33868500143289565,1.02767516374588,0.8714455813169479,1.432387888431549
240,1,layer_20.mlp_down,0.21782433986663818,0.011742612867296982,0.015672121196985245,0.003561502555385232,-0.0024824993452057242,0.2619386188685894,1.02767516374588,0.8714455813169479,1.432387888431549
240,1,layer_21.attn_o,0.04637829214334488,0.0018734222511200215,0.07708113640546799,0.003561502555385232,0.00915092321811244,0.5246907323598862,1.02767516374588,0.8714455813169479,1.432387888431549
240,1,layer_21.mlp_down,0.1838790774345398,0.0062015316347566905,0.011317936703562737,0.003561502555385232,-0.005837066454114392,0.1943985104560852,1.02767516374588,0.8714455813169479,1.432387888431549
240,1,layer_22.attn_o,0.0511181466281414,0.0018171493678824544,0.009769700467586517,0.003561502555385232,-0.004537263547535986,0.20228192508220671,1.02767516374588,0.8714455813169479,1.432387888431549
240,1,layer_22.mlp_down,0.18779465556144714,0.006538200343941232,0.013853230513632298,0.003561502555385232,-0.005803592363372445,0.20959188267588616,1.02767516374588,0.8714455813169479,1.432387888431549
240,1,layer_23.attn_o,0.0538429357111454,0.002460202088949374,0.012721980921924114,0.003561502555385232,-0.00809885016642511,0.3286369651556015,1.02767516374588,0.8714455813169479,1.432387888431549
240,1,layer_23.mlp_down,0.1797706037759781,0.0055456244788374895,0.008277278393507004,0.003561502555385232,-0.0076495751040056344,0.23078649044036864,1.02767516374588,0.8714455813169479,1.432387888431549
240,1,layer_24.attn_o,0.05200422555208206,0.002718244803443177,-0.01861807517707348,0.003561502555385232,-0.007837554486468435,0.4695964604616165,1.02767516374588,0.8714455813169479,1.432387888431549
240,1,layer_24.mlp_down,0.20755618810653687,0.009201990014390383,0.006352963391691446,0.003561502555385232,-0.0038994834292680027,0.23860934376716614,1.02767516374588,0.8714455813169479,1.432387888431549
240,1,layer_25.attn_o,0.04798935726284981,0.0022059247741907065,-0.023973774164915085,0.003561502555385232,0.011027985508553684,0.26804459691047666,1.02767516374588,0.8714455813169479,1.432387888431549
240,1,layer_25.mlp_down,0.2228529006242752,0.012102515596454203,-0.20780013501644135,0.003561502555385232,0.009317426197230815,0.17008306011557578,1.02767516374588,0.8714455813169479,1.432387888431549
260,2,layer_0.attn_o,0.04656729847192764,0.002284414321933392,-0.14705026149749756,-0.0310058631002903,0.02117995424196124,0.14421220649965108,0.701448792219162,0.8789702728390694,1.4127132296562195
260,2,layer_0.mlp_down,0.1523101031780243,0.004677759471140212,0.0011197648709639907,-0.0310058631002903,-0.004299896792508662,0.07215947639197111,0.701448792219162,0.8789702728390694,1.4127132296562195
260,2,layer_1.attn_o,0.04449916258454323,0.0018438204918506534,-0.05319515988230705,-0.0310058631002903,-0.009817098244093358,0.14497630759142338,0.701448792219162,0.8789702728390694,1.4127132296562195
260,2,layer_1.mlp_down,0.18893030285835266,0.010037491484173534,-0.0021861623972654343,-0.0310058631002903,-0.0017867806949652732,0.08040721360594034,0.701448792219162,0.8789702728390694,1.4127132296562195
260,2,layer_2.attn_o,0.04570828005671501,0.002008436494547684,-0.00973791629076004,-0.0310058631002903,0.0014614498009905218,0.09128728546202183,0.701448792219162,0.8789702728390694,1.4127132296562195
260,2,layer_2.mlp_down,0.19359461963176727,0.010495129962871245,-0.004309574142098427,-0.0310058631002903,0.0008439705765340477,0.10520645584911108,0.701448792219162,0.8789702728390694,1.4127132296562195
260,2,layer_3.attn_o,0.04545869678258896,0.0020196455377249544,0.004384084139019251,-0.0310058631002903,-0.002149329427629709,0.116630295291543,0.701448792219162,0.8789702728390694,1.4127132296562195
260,2,layer_3.mlp_down,0.18341034650802612,0.008356462425447662,-0.004594088066369295,-0.0310058631002903,0.004532909439876676,0.08712051510810852,0.701448792219162,0.8789702728390694,1.4127132296562195
260,2,layer_4.attn_o,0.05367838963866234,0.0029188357432000994,0.020416423678398132,-0.0310058631002903,-0.004161017015576363,0.10864052958786488,0.701448792219162,0.8789702728390694,1.4127132296562195
260,2,layer_4.mlp_down,0.1576758623123169,0.00498337945421117,0.041678741574287415,-0.0310058631002903,0.0017216789885424078,0.11105261966586114,0.701448792219162,0.8789702728390694,1.4127132296562195
260,2,layer_5.attn_o,0.04329374432563782,0.0017140565643279013,0.08867935836315155,-0.0310058631002903,-0.052227428555488585,0.18329193517565728,0.701448792219162,0.8789702728390694,1.4127132296562195
260,2,layer_5.mlp_down,0.17177443206310272,0.006925136976523271,0.005139472428709269,-0.0310058631002903,0.004091500374488533,0.08995870314538479,0.701448792219162,0.8789702728390694,1.4127132296562195
260,2,layer_6.attn_o,0.050723712891340256,0.0027587877632437793,0.007620922289788723,-0.0310058631002903,0.006150037609040737,0.12142332121729851,0.701448792219162,0.8789702728390694,1.4127132296562195
260,2,layer_6.mlp_down,0.17694085836410522,0.007568766260006564,0.004741166718304157,-0.0310058631002903,0.0011697492853272706,0.11944706812500953,0.701448792219162,0.8789702728390694,1.4127132296562195
260,2,layer_7.attn_o,0.039333876222372055,0.001244344532918498,0.017934827134013176,-0.0310058631002903,0.000601059739710763,0.17408131062984467,0.701448792219162,0.8789702728390694,1.4127132296562195
260,2,layer_7.mlp_down,0.15756210684776306,0.005152033200546943,0.006087983958423138,-0.0310058631002903,0.001180603145621717,0.16751569211483003,0.701448792219162,0.8789702728390694,1.4127132296562195
260,2,layer_8.attn_o,0.04167461395263672,0.0013284672420449321,0.026731260120868683,-0.0310058631002903,-0.0021868376454222014,0.18941423296928406,0.701448792219162,0.8789702728390694,1.4127132296562195
260,2,layer_8.mlp_down,0.1581203192472458,0.005125962428970357,0.008204500190913677,-0.0310058631002903,0.0017068216111510992,0.18314132317900658,0.701448792219162,0.8789702728390694,1.4127132296562195
260,2,layer_9.attn_o,0.04080216959118843,0.0013600312471886873,0.0008573602535761893,-0.0310058631002903,0.0031021195463836193,0.2389937698841095,0.701448792219162,0.8789702728390694,1.4127132296562195
260,2,layer_9.mlp_down,0.1864074319601059,0.00944247369994079,0.025451168417930603,-0.0310058631002903,0.011826575361192226,0.2268964558839798,0.701448792219162,0.8789702728390694,1.4127132296562195
260,2,layer_10.attn_o,0.05044937506318092,0.002743916178411135,0.02472529746592045,-0.0310058631002903,0.014864796493202447,0.2534255400300026,0.701448792219162,0.8789702728390694,1.4127132296562195
260,2,layer_10.mlp_down,0.1525571197271347,0.00455501392278774,0.04924561828374863,-0.0310058631002903,0.022211222629994153,0.3060423910617828,0.701448792219162,0.8789702728390694,1.4127132296562195
260,2,layer_11.attn_o,0.04781894013285637,0.001991856678870871,0.03040541522204876,-0.0310058631002903,-0.006127267633564771,0.45893544256687163,0.701448792219162,0.8789702728390694,1.4127132296562195
260,2,layer_11.mlp_down,0.19406026601791382,0.010819514526196533,0.005086192861199379,-0.0310058631002903,0.013550333795137703,0.29027500599622724,0.701448792219162,0.8789702728390694,1.4127132296562195
260,2,layer_12.attn_o,0.04277109354734421,0.0015411246184363393,0.001196244964376092,-0.0310058631002903,0.01768267925363034,0.2639582887291908,0.701448792219162,0.8789702728390694,1.4127132296562195
260,2,layer_12.mlp_down,0.16782914102077484,0.0062352361592697275,0.0020007251296192408,-0.0310058631002903,0.008710300916573033,0.21523772776126862,0.701448792219162,0.8789702728390694,1.4127132296562195
260,2,layer_13.attn_o,0.05082361772656441,0.0026389524623562687,0.0031909628305584192,-0.0310058631002903,0.00869972410146147,0.18834386989474297,0.701448792219162,0.8789702728390694,1.4127132296562195
260,2,layer_13.mlp_down,0.18065305054187775,0.008587929140414445,-0.006702381651848555,-0.0310058631002903,0.005613406395423226,0.1890273369848728,0.701448792219162,0.8789702728390694,1.4127132296562195
260,2,layer_14.attn_o,0.04269939661026001,0.0014914453577168224,0.0013898963807150722,-0.0310058631002903,0.005642176960827782,0.21360840797424316,0.701448792219162,0.8789702728390694,1.4127132296562195
260,2,layer_14.mlp_down,0.18074186146259308,0.008093250712359482,-0.016240093857049942,-0.0310058631002903,0.004996121115982533,0.24117276519536973,0.701448792219162,0.8789702728390694,1.4127132296562195
260,2,layer_15.attn_o,0.051339149475097656,0.002792272904853744,-0.03176873177289963,-0.0310058631002903,0.011399863966835256,0.37288381457328795,0.701448792219162,0.8789702728390694,1.4127132296562195
260,2,layer_15.mlp_down,0.1710776388645172,0.006719583882504424,-0.015593679621815681,-0.0310058631002903,0.005108781438320875,0.1629893362522125,0.701448792219162,0.8789702728390694,1.4127132296562195
260,2,layer_16.attn_o,0.046467915177345276,0.002075700222509217,-0.016947170719504356,-0.0310058631002903,0.004763366462429986,0.1862078256905079,0.701448792219162,0.8789702728390694,1.4127132296562195
260,2,layer_16.mlp_down,0.15801265835762024,0.004813595824175958,-0.01684381626546383,-0.0310058631002903,-0.000181933818385005,0.13914813473820686,0.701448792219162,0.8789702728390694,1.4127132296562195
260,2,layer_17.attn_o,0.05087832733988762,0.002946811745487434,-0.016200916841626167,-0.0310058631002903,-0.0008043063222430647,0.32914548367261887,0.701448792219162,0.8789702728390694,1.4127132296562195
260,2,layer_17.mlp_down,0.17523479461669922,0.007099976723287832,-0.014588604681193829,-0.0310058631002903,-0.0004813200561329722,0.14130572825670243,0.701448792219162,0.8789702728390694,1.4127132296562195
260,2,layer_18.attn_o,0.048965681344270706,0.0025417026240169456,-0.008597170934081078,-0.0310058631002903,-0.0007208905939478427,0.1457625463604927,0.701448792219162,0.8789702728390694,1.4127132296562195
260,2,layer_18.mlp_down,0.17273060977458954,0.006857494443844701,-0.017847435548901558,-0.0310058631002903,-0.005722163294558413,0.17212663516402243,0.701448792219162,0.8789702728390694,1.4127132296562195
260,2,layer_19.attn_o,0.054996732622385025,0.0031626524519907046,-0.0164093766361475,-0.0310058631002903,-0.005440062703564763,0.12831168100237847,0.701448792219162,0.8789702728390694,1.4127132296562195
260,2,layer_19.mlp_down,0.17398740351200104,0.0072073192224788845,-0.010357278399169445,-0.0310058631002903,-0.0028209639800479635,0.1483423411846161,0.701448792219162,0.8789702728390694,1.4127132296562195
260,2,layer_20.attn_o,0.03792256861925125,0.0012380555542495942,-0.019835423678159714,-0.0310058631002903,-0.011561190531938336,0.280602265894413,0.701448792219162,0.8789702728390694,1.4127132296562195
260,2,layer_20.mlp_down,0.19140127301216125,0.010317894950030096,-0.028692960739135742,-0.0310058631002903,-0.005187608627602458,0.20191991329193115,0.701448792219162,0.8789702728390694,1.4127132296562195
260,2,layer_21.attn_o,0.038086336106061935,0.001538473372729658,-0.057252850383520126,-0.0310058631002903,-0.031077732099220157,0.4892967402935028,0.701448792219162,0.8789702728390694,1.4127132296562195
260,2,layer_21.mlp_down,0.16020628809928894,0.00540311617651553,-0.03171961382031441,-0.0310058631002903,-0.010055231768637896,0.14693885818123817,0.701448792219162,0.8789702728390694,1.4127132296562195
260,2,layer_22.attn_o,0.04286350682377815,0.0015237124680793988,-0.02705495059490204,-0.0310058631002903,-0.011609114718157797,0.15947877317667009,0.701448792219162,0.8789702728390694,1.4127132296562195
260,2,layer_22.mlp_down,0.1642499417066574,0.005718424401412875,-0.04728969186544418,-0.0310058631002903,-0.011247672187164427,0.16568033769726753,0.701448792219162,0.8789702728390694,1.4127132296562195
260,2,layer_23.attn_o,0.0456794798374176,0.0020871932987448108,-0.041967686265707016,-0.0310058631002903,-0.02215535892173648,0.2682292714715004,0.701448792219162,0.8789702728390694,1.4127132296562195
260,2,layer_23.mlp_down,0.15721598267555237,0.004849830200097051,-0.05051343888044357,-0.0310058631002903,-0.016008780896663667,0.18848775029182435,0.701448792219162,0.8789702728390694,1.4127132296562195
260,2,layer_24.attn_o,0.04555073007941246,0.0023809206898708565,-0.058475151658058167,-0.0310058631002903,-0.01579886432737112,0.42897725105285645,0.701448792219162,0.8789702728390694,1.4127132296562195
260,2,layer_24.mlp_down,0.18118838965892792,0.00803287282522564,-0.060273975133895874,-0.0310058631002903,-0.016791634541004897,0.221243217587471,0.701448792219162,0.8789702728390694,1.4127132296562195
260,2,layer_25.attn_o,0.04192934185266495,0.0019273642997904208,-0.015344120562076569,-0.0310058631002903,-0.03554756095982157,0.22606440931558608,0.701448792219162,0.8789702728390694,1.4127132296562195
260,2,layer_25.mlp_down,0.195465549826622,0.010614830294402829,-0.23828181624412537,-0.0310058631002903,-0.032493958808481695,0.17449919357895852,0.701448792219162,0.8789702728390694,1.4127132296562195
280,2,layer_0.attn_o,0.034415099769830704,0.001688270257258359,0.00878849346190691,-0.03262488171458244,-0.02210193369537592,0.11825457974337042,0.6861947894096374,0.8715911358594894,1.4155461117625237
280,2,layer_0.mlp_down,0.11278687417507172,0.003463899171251679,0.0035395552404224873,-0.03262488171458244,-0.004121573775773868,0.0630163636058569,0.6861947894096374,0.8715911358594894,1.4155461117625237
280,2,layer_1.attn_o,0.03526575490832329,0.0014612344931041793,0.055332887917757034,-0.03262488171458244,0.009309993404895068,0.10639488371089101,0.6861947894096374,0.8715911358594894,1.4155461117625237
280,2,layer_1.mlp_down,0.14360037446022034,0.007629049413750639,0.002094427589327097,-0.03262488171458244,-0.0041474129568086935,0.05683635389432311,0.6861947894096374,0.8715911358594894,1.4155461117625237
280,2,layer_2.attn_o,0.03353282809257507,0.0014734433513447721,0.005518530495464802,-0.03262488171458244,-0.0018896997906267643,0.09029148742556573,0.6861947894096374,0.8715911358594894,1.4155461117625237
280,2,layer_2.mlp_down,0.14675943553447723,0.007955952341500318,-0.0038812800776213408,-0.03262488171458244,-0.006567984673893079,0.08692373596131801,0.6861947894096374,0.8715911358594894,1.4155461117625237
280,2,layer_3.attn_o,0.03331628441810608,0.001480179937163591,0.01406167820096016,-0.03262488171458244,-0.00592035076697357,0.09153401516377926,0.6861947894096374,0.8715911358594894,1.4155461117625237
280,2,layer_3.mlp_down,0.13798171281814575,0.006286598313027349,-0.002104133367538452,-0.03262488171458244,-0.012296122184488922,0.06892452705651522,0.6861947894096374,0.8715911358594894,1.4155461117625237
280,2,layer_4.attn_o,0.0413433238863945,0.0022480982984111153,-0.011199144646525383,-0.03262488171458244,-0.0002827153541147709,0.09047492118552328,0.6861947894096374,0.8715911358594894,1.4155461117625237
280,2,layer_4.mlp_down,0.1227729320526123,0.0038802447394891493,-0.033042062073946,-0.03262488171458244,-0.0038247855263762176,0.10798761025071144,0.6861947894096374,0.8715911358594894,1.4155461117625237
280,2,layer_5.attn_o,0.034880831837654114,0.0013809780300169361,0.12897776067256927,-0.03262488171458244,0.022343129478394987,0.22799304872751236,0.6861947894096374,0.8715911358594894,1.4155461117625237
280,2,layer_5.mlp_down,0.1368342936038971,0.005516473401338823,-0.01746399700641632,-0.03262488171458244,-0.002652626656345092,0.08161105788312853,0.6861947894096374,0.8715911358594894,1.4155461117625237
280,2,layer_6.attn_o,0.041337668895721436,0.0022482930723482777,-0.005440539214760065,-0.03262488171458244,0.0014280190109275282,0.12890727873891591,0.6861947894096374,0.8715911358594894,1.4155461117625237
280,2,layer_6.mlp_down,0.14767636358737946,0.006316884292016627,-0.0060579124838113785,-0.03262488171458244,-0.0005140185123309493,0.1271689159795642,0.6861947894096374,0.8715911358594894,1.4155461117625237
280,2,layer_7.attn_o,0.03326120972633362,0.0010522326674092554,-0.002581189153715968,-0.03262488171458244,0.0017640772741287947,0.19512444231659173,0.6861947894096374,0.8715911358594894,1.4155461117625237
280,2,layer_7.mlp_down,0.13563916087150574,0.004435166861698569,-0.014750706031918526,-0.03262488171458244,0.00037599154748022554,0.1760548334568739,0.6861947894096374,0.8715911358594894,1.4155461117625237
280,2,layer_8.attn_o,0.03585563972592354,0.0011429741190395208,0.004992352798581123,-0.03262488171458244,0.007876260858029126,0.20286556631326674,0.6861947894096374,0.8715911358594894,1.4155461117625237
280,2,layer_8.mlp_down,0.13927870988845825,0.004515116707868372,0.008481979370117188,-0.03262488171458244,0.007048224215395749,0.19928531348705292,0.6861947894096374,0.8715911358594894,1.4155461117625237
280,2,layer_9.attn_o,0.03561275824904442,0.0011870557910379073,0.003948885481804609,-0.03262488171458244,0.010811687639215962,0.26215036809444425,0.6861947894096374,0.8715911358594894,1.4155461117625237
280,2,layer_9.mlp_down,0.1666601449251175,0.008441975305376336,-0.01142948679625988,-0.03262488171458244,0.004586036145337857,0.2407466158270836,0.6861947894096374,0.8715911358594894,1.4155461117625237
280,2,layer_10.attn_o,0.04493879899382591,0.0024441987129295104,-0.0017765474040061235,-0.03262488171458244,0.011667298508109524,0.26711844429373743,0.6861947894096374,0.8715911358594894,1.4155461117625237
280,2,layer_10.mlp_down,0.13741445541381836,0.004102878534213886,-0.05949237942695618,-0.03262488171458244,0.004562865197658539,0.31922590881586077,0.6861947894096374,0.8715911358594894,1.4155461117625237
280,2,layer_11.attn_o,0.04114696756005287,0.0017139389688353237,-0.019927693530917168,-0.03262488171458244,0.020686070248484612,0.4701640844345093,0.6861947894096374,0.8715911358594894,1.4155461117625237
280,2,layer_11.mlp_down,0.18055793642997742,0.010066413296134342,-0.0226863045245409,-0.03262488171458244,0.007045836048200726,0.2946559235453606,0.6861947894096374,0.8715911358594894,1.4155461117625237
280,2,layer_12.attn_o,0.037533558905124664,0.0013524067471943032,-0.0022456650622189045,-0.03262488171458244,0.0026042137760668993,0.2903662368655205,0.6861947894096374,0.8715911358594894,1.4155461117625237
280,2,layer_12.mlp_down,0.15676356852054596,0.005824079865550831,-0.013895181007683277,-0.03262488171458244,0.005215820856392384,0.21812716200947763,0.6861947894096374,0.8715911358594894,1.4155461117625237
280,2,layer_13.attn_o,0.04481476917862892,0.002326949633145878,-0.0033505570609122515,-0.03262488171458244,0.0027356652812159155,0.20311041697859764,0.6861947894096374,0.8715911358594894,1.4155461117625237
280,2,layer_13.mlp_down,0.17187458276748657,0.00817049838782921,-0.0008060234249569476,-0.03262488171458244,-7.258470868691802e-05,0.17759950160980226,0.6861947894096374,0.8715911358594894,1.4155461117625237
280,2,layer_14.attn_o,0.039155539125204086,0.0013676618411831189,-0.004008674994111061,-0.03262488171458244,0.0006131771922810003,0.23864502385258674,0.6861947894096374,0.8715911358594894,1.4155461117625237
280,2,layer_14.mlp_down,0.1749928891658783,0.007835745866226873,-0.01369150634855032,-0.03262488171458244,-0.0001355079817585647,0.23657110035419465,0.6861947894096374,0.8715911358594894,1.4155461117625237
280,2,layer_15.attn_o,0.04715665429830551,0.002564790563712587,-0.031486041843891144,-0.03262488171458244,0.011570960003882646,0.37227934747934344,0.6861947894096374,0.8715911358594894,1.4155461117625237
280,2,layer_15.mlp_down,0.16318544745445251,0.006409535972957428,-0.010681458748877048,-0.03262488171458244,0.0045673335436731575,0.16987725123763084,0.6861947894096374,0.8715911358594894,1.4155461117625237
280,2,layer_16.attn_o,0.04171133041381836,0.0018632245169034475,-0.006330149248242378,-0.03262488171458244,0.0069460497004911305,0.19256026446819305,0.6861947894096374,0.8715911358594894,1.4155461117625237
280,2,layer_16.mlp_down,0.1423858106136322,0.004337537504729539,-0.015401103533804417,-0.03262488171458244,0.007379395124735311,0.15278488621115685,0.6861947894096374,0.8715911358594894,1.4155461117625237
280,2,layer_17.attn_o,0.04452540725469589,0.002578857373004242,0.009875434450805187,-0.03262488171458244,0.007625979953445494,0.3247173935174942,0.6861947894096374,0.8715911358594894,1.4155461117625237
280,2,layer_17.mlp_down,0.16177867352962494,0.006554707560570911,-0.009856164455413818,-0.03262488171458244,0.005091212988190819,0.1567417524755001,0.6861947894096374,0.8715911358594894,1.4155461117625237
280,2,layer_18.attn_o,0.042213086038827896,0.002191187835649619,-0.004232637584209442,-0.03262488171458244,0.0025630093208746985,0.15260080099105836,0.6861947894096374,0.8715911358594894,1.4155461117625237
280,2,layer_18.mlp_down,0.15888895094394684,0.006307931881533537,-0.013570711947977543,-0.03262488171458244,0.0029313682025531307,0.1857137642800808,0.6861947894096374,0.8715911358594894,1.4155461117625237
280,2,layer_19.attn_o,0.0489920899271965,0.0028173464854742945,0.0019090395653620362,-0.03262488171458244,0.0013883426538086497,0.14474375918507576,0.6861947894096374,0.8715911358594894,1.4155461117625237
280,2,layer_19.mlp_down,0.16029757261276245,0.006640178284028883,-0.008335305377840996,-0.03262488171458244,0.0018214864052424674,0.16115424484014512,0.6861947894096374,0.8715911358594894,1.4155461117625237
280,2,layer_20.attn_o,0.03454822301864624,0.001127893379277911,-0.00773285049945116,-0.03262488171458244,0.009096439681525226,0.2960254415869713,0.6861947894096374,0.8715911358594894,1.4155461117625237
280,2,layer_20.mlp_down,0.17893090844154358,0.00964545493031897,-0.005832604132592678,-0.03262488171458244,0.006767839565873146,0.20906380638480188,0.6861947894096374,0.8715911358594894,1.4155461117625237
280,2,layer_21.attn_o,0.033903710544109344,0.0013695183403828685,-0.06921485811471939,-0.03262488171458244,0.025322596356272698,0.46635822355747225,0.6861947894096374,0.8715911358594894,1.4155461117625237
280,2,layer_21.mlp_down,0.15103259682655334,0.005093696803680818,-0.0013637690572068095,-0.03262488171458244,0.005681677123357076,0.14611627534031868,0.6861947894096374,0.8715911358594894,1.4155461117625237
280,2,layer_22.attn_o,0.03455125167965889,0.0012282281533661681,-0.009986773133277893,-0.03262488171458244,0.0071383427566615865,0.18188713043928145,0.6861947894096374,0.8715911358594894,1.4155461117625237
280,2,layer_22.mlp_down,0.15099619328975677,0.005256952739946526,-0.005388680845499039,-0.03262488171458244,0.0034871521813329307,0.1677630364894867,0.6861947894096374,0.8715911358594894,1.4155461117625237
280,2,layer_23.attn_o,0.03585755452513695,0.0016384074889437578,-0.013112418353557587,-0.03262488171458244,0.009366865735501051,0.2945233568549156,0.6861947894096374,0.8715911358594894,1.4155461117625237
280,2,layer_23.mlp_down,0.14035096764564514,0.004329565659431951,-0.004560110159218311,-0.03262488171458244,0.0026367189435404725,0.17514516413211823,0.6861947894096374,0.8715911358594894,1.4155461117625237
280,2,layer_24.attn_o,0.03784733638167381,0.0019782660161882983,-0.05024368315935135,-0.03262488171458244,0.01527717175304133,0.44751260578632357,0.6861947894096374,0.8715911358594894,1.4155461117625237
280,2,layer_24.mlp_down,0.15668047964572906,0.0069462696122955135,-0.03177517279982567,-0.03262488171458244,0.004662096826359629,0.21892358958721161,0.6861947894096374,0.8715911358594894,1.4155461117625237
280,2,layer_25.attn_o,0.03237706795334816,0.0014882748038337308,-0.0824003666639328,-0.03262488171458244,0.004573483695276081,0.2363679140806198,0.6861947894096374,0.8715911358594894,1.4155461117625237
280,2,layer_25.mlp_down,0.16258922219276428,0.008829267744798405,-0.15469565987586975,-0.03262488171458244,0.0029718134843278675,0.14645669087767602,0.6861947894096374,0.8715911358594894,1.4155461117625237
300,2,layer_0.attn_o,0.0289270281791687,0.0014190466537474828,-0.11784036457538605,-0.04300498962402344,0.008125784486765042,0.08075883910059929,0.6239077478647232,0.8759915977716446,1.4198466464877129
300,2,layer_0.mlp_down,0.1021847128868103,0.003138274156012977,-0.0055062854662537575,-0.04300498962402344,-1.289835199713707e-06,0.052030122838914394,0.6239077478647232,0.8759915977716446,1.4198466464877129
300,2,layer_1.attn_o,0.029092537239193916,0.0012054472940475037,-0.15609943866729736,-0.04300498962402344,-0.03746402449905872,0.07828503553755581,0.6239077478647232,0.8759915977716446,1.4198466464877129
300,2,layer_1.mlp_down,0.1350458711385727,0.007174470085217246,-0.0008437578799203038,-0.04300498962402344,-0.0007547794026322663,0.04698570827022195,0.6239077478647232,0.8759915977716446,1.4198466464877129
300,2,layer_2.attn_o,0.028317883610725403,0.001244296893726133,-0.02944755181670189,-0.04300498962402344,0.004930214001797139,0.07266669585369527,0.6239077478647232,0.8759915977716446,1.4198466464877129
300,2,layer_2.mlp_down,0.1377580612897873,0.007467837427819446,-0.020507972687482834,-0.04300498962402344,0.0030579032492823897,0.07557757571339607,0.6239077478647232,0.8759915977716446,1.4198466464877129
300,2,layer_3.attn_o,0.027697324752807617,0.0012305393836580824,-0.026287410408258438,-0.04300498962402344,0.008199915068689733,0.08116610180586577,0.6239077478647232,0.8759915977716446,1.4198466464877129
300,2,layer_3.mlp_down,0.1220092847943306,0.005558818989685674,-0.008253369480371475,-0.04300498962402344,0.003797297028359026,0.06080683805048466,0.6239077478647232,0.8759915977716446,1.4198466464877129
300,2,layer_4.attn_o,0.034718554466962814,0.0018878656802006515,-0.024709055200219154,-0.04300498962402344,0.007066673612280283,0.07158511802554131,0.6239077478647232,0.8759915977716446,1.4198466464877129
300,2,layer_4.mlp_down,0.10700544714927673,0.0033818995325460895,0.0044488608837127686,-0.04300498962402344,0.0021487163146957757,0.07500355541706086,0.6239077478647232,0.8759915977716446,1.4198466464877129
300,2,layer_5.attn_o,0.027927732095122337,0.0011056956620492295,-0.11396121233701706,-0.04300498962402344,0.05167207957711071,0.1300097241997719,0.6239077478647232,0.8759915977716446,1.4198466464877129
300,2,layer_5.mlp_down,0.11634349822998047,0.004690339549902532,-0.02357214130461216,-0.04300498962402344,0.0016424473840743303,0.061022748611867426,0.6239077478647232,0.8759915977716446,1.4198466464877129
300,2,layer_6.attn_o,0.033669613301754,0.0018312376467835751,-0.0068760826252400875,-0.04300498962402344,0.0011663896264508366,0.09002708233892917,0.6239077478647232,0.8759915977716446,1.4198466464877129
300,2,layer_6.mlp_down,0.12515397369861603,0.005353416682500951,-0.02783883549273014,-0.04300498962402344,0.0003043360076844692,0.09608417302370072,0.6239077478647232,0.8759915977716446,1.4198466464877129
300,2,layer_7.attn_o,0.0264094527810812,0.0008354740382527017,-0.016504870727658272,-0.04300498962402344,-0.0006139635574072599,0.15712268501520157,0.6239077478647232,0.8759915977716446,1.4198466464877129
300,2,layer_7.mlp_down,0.11284316331148148,0.003689756997369378,-0.03079080395400524,-0.04300498962402344,0.0025650939205661416,0.13121842890977858,0.6239077478647232,0.8759915977716446,1.4198466464877129
300,2,layer_8.attn_o,0.028477007523179054,0.0009077648802636385,-0.016519658267498016,-0.04300498962402344,-0.002179993768731947,0.14820043742656708,0.6239077478647232,0.8759915977716446,1.4198466464877129
300,2,layer_8.mlp_down,0.11501633375883102,0.003728562744347632,-0.017592301592230797,-0.04300498962402344,0.004012515302747488,0.14937249571084976,0.6239077478647232,0.8759915977716446,1.4198466464877129
300,2,layer_9.attn_o,0.027814267203211784,0.0009271138878922105,-0.022008070722222328,-0.04300498962402344,0.0028060225282388273,0.19181634187698365,0.6239077478647232,0.8759915977716446,1.4198466464877129
300,2,layer_9.mlp_down,0.1377515345811844,0.0069774667369451576,-0.014832912012934685,-0.04300498962402344,0.0013219162239693106,0.1897822916507721,0.6239077478647232,0.8759915977716446,1.4198466464877129
300,2,layer_10.attn_o,0.03489793837070465,0.0018980787855017907,-0.019337531179189682,-0.04300498962402344,0.004705784970428795,0.2124361701309681,0.6239077478647232,0.8759915977716446,1.4198466464877129
300,2,layer_10.mlp_down,0.10997088998556137,0.0032834609195325714,-0.16966669261455536,-0.04300498962402344,0.010663764178752899,0.26709149926900866,0.6239077478647232,0.8759915977716446,1.4198466464877129
300,2,layer_11.attn_o,0.03170560672879219,0.0013206667453705637,-0.07474119961261749,-0.04300498962402344,0.007323793543037027,0.3910956084728241,0.6239077478647232,0.8759915977716446,1.4198466464877129
300,2,layer_11.mlp_down,0.14697659015655518,0.00819390138722386,-0.0567447692155838,-0.04300498962402344,0.01396950357593596,0.24224035441875458,0.6239077478647232,0.8759915977716446,1.4198466464877129
300,2,layer_12.attn_o,0.02949783019721508,0.001062863675201676,-0.004142891615629196,-0.04300498962402344,0.009848224185407161,0.22209773510694503,0.6239077478647232,0.8759915977716446,1.4198466464877129
300,2,layer_12.mlp_down,0.1269274652004242,0.0047155662275232815,-0.032458171248435974,-0.04300498962402344,0.003804139135172591,0.17980217114090918,0.6239077478647232,0.8759915977716446,1.4198466464877129
300,2,layer_13.attn_o,0.03492278978228569,0.001813319086207238,-0.006960469763725996,-0.04300498962402344,0.0006147833264549263,0.15759637504816054,0.6239077478647232,0.8759915977716446,1.4198466464877129
300,2,layer_13.mlp_down,0.13911698758602142,0.006613152705193211,-0.015047955326735973,-0.04300498962402344,0.00098086447105743,0.1517169415950775,0.6239077478647232,0.8759915977716446,1.4198466464877129
300,2,layer_14.attn_o,0.03028758242726326,0.0010579127969068134,-0.01538771390914917,-0.04300498962402344,0.0017152993474155664,0.1819446176290512,0.6239077478647232,0.8759915977716446,1.4198466464877129
300,2,layer_14.mlp_down,0.13962772488594055,0.006252058518659695,-0.023715874180197716,-0.04300498962402344,0.002229571412317455,0.19989412277936935,0.6239077478647232,0.8759915977716446,1.4198466464877129
300,2,layer_15.attn_o,0.03508131206035614,0.0019080238719394295,-0.08452677726745605,-0.04300498962402344,0.006686235091183335,0.30498975366353986,0.6239077478647232,0.8759915977716446,1.4198466464877129
300,2,layer_15.mlp_down,0.12886877357959747,0.005061597271775311,-0.0373324453830719,-0.04300498962402344,-0.0005299470154568553,0.13440846353769303,0.6239077478647232,0.8759915977716446,1.4198466464877129
300,2,layer_16.attn_o,0.03215504065155983,0.00143634965332199,-0.026781810447573662,-0.04300498962402344,0.0011168494238518178,0.15641588270664214,0.6239077478647232,0.8759915977716446,1.4198466464877129
300,2,layer_16.mlp_down,0.11307790875434875,0.0034447053409110456,-0.05399386212229729,-0.04300498962402344,0.0017398310854332521,0.11762941107153893,0.6239077478647232,0.8759915977716446,1.4198466464877129
300,2,layer_17.attn_o,0.03576001524925232,0.0020711726513096642,-0.04079809784889221,-0.04300498962402344,0.0024831593502312897,0.2992220729589462,0.6239077478647232,0.8759915977716446,1.4198466464877129
300,2,layer_17.mlp_down,0.13281358778476715,0.005381072624063394,-0.037526749074459076,-0.04300498962402344,-0.0001965527039828885,0.10862742960453034,0.6239077478647232,0.8759915977716446,1.4198466464877129
300,2,layer_18.attn_o,0.034415360540151596,0.0017864241081323843,-0.01215320359915495,-0.04300498962402344,-0.000464156037196517,0.12687269151210784,0.6239077478647232,0.8759915977716446,1.4198466464877129
300,2,layer_18.mlp_down,0.13253088295459747,0.005261440137601914,-0.026234259828925133,-0.04300498962402344,0.0012693046490312554,0.12839929163455963,0.6239077478647232,0.8759915977716446,1.4198466464877129
300,2,layer_19.attn_o,0.04125899821519852,0.002372638344186238,-0.02654651552438736,-0.04300498962402344,0.0016469573165522888,0.1088733822107315,0.6239077478647232,0.8759915977716446,1.4198466464877129
300,2,layer_19.mlp_down,0.13758064806461334,0.005699066099105462,-0.020861439406871796,-0.04300498962402344,0.0005888146020879504,0.10528899654746056,0.6239077478647232,0.8759915977716446,1.4198466464877129
300,2,layer_20.attn_o,0.02762790024280548,0.0009019663185554373,-0.03661014139652252,-0.04300498962402344,0.00288099474273622,0.22078976556658744,0.6239077478647232,0.8759915977716446,1.4198466464877129
300,2,layer_20.mlp_down,0.15914146602153778,0.008578450036077245,-0.03574397787451744,-0.04300498962402344,0.00012354622595012188,0.15577760189771653,0.6239077478647232,0.8759915977716446,1.4198466464877129
300,2,layer_21.attn_o,0.028383497148752213,0.0011465323799696855,-0.10679424554109573,-0.04300498962402344,0.004267249465920031,0.36831871420145035,0.6239077478647232,0.8759915977716446,1.4198466464877129
300,2,layer_21.mlp_down,0.13458968698978424,0.004539118012745238,-0.026212165132164955,-0.04300498962402344,-0.0006307518109679222,0.10965021625161171,0.6239077478647232,0.8759915977716446,1.4198466464877129
300,2,layer_22.attn_o,0.027600442990660667,0.0009811403549122198,-0.018287984654307365,-0.04300498962402344,0.0035237546224379914,0.13031330034136773,0.6239077478647232,0.8759915977716446,1.4198466464877129
300,2,layer_22.mlp_down,0.1346430778503418,0.004687580411193839,-0.024799564853310585,-0.04300498962402344,-0.001573722541797906,0.1322933167219162,0.6239077478647232,0.8759915977716446,1.4198466464877129
300,2,layer_23.attn_o,0.030513938516378403,0.0013942458881071604,-0.03156788647174835,-0.04300498962402344,0.0010893599595874549,0.22937407493591308,0.6239077478647232,0.8759915977716446,1.4198466464877129
300,2,layer_23.mlp_down,0.12617728114128113,0.0038923237816709025,-0.011263557709753513,-0.04300498962402344,-0.001399567537009716,0.14390341937541962,0.6239077478647232,0.8759915977716446,1.4198466464877129
300,2,layer_24.attn_o,0.03173549845814705,0.0016588008963917351,-0.04240426421165466,-0.04300498962402344,0.004907093581277877,0.35542088449001313,0.6239077478647232,0.8759915977716446,1.4198466464877129
300,2,layer_24.mlp_down,0.14274553954601288,0.0063283765498182475,-0.03398660197854042,-0.04300498962402344,0.0052189243026077746,0.17335289046168328,0.6239077478647232,0.8759915977716446,1.4198466464877129
300,2,layer_25.attn_o,0.027667518705129623,0.0012717911153225202,-0.08420096337795258,-0.04300498962402344,0.013231700472533702,0.17241781651973725,0.6239077478647232,0.8759915977716446,1.4198466464877129
300,2,layer_25.mlp_down,0.15006962418556213,0.008149212680856211,-0.09696411341428757,-0.04300498962402344,-0.0008373938966542482,0.11987565942108631,0.6239077478647232,0.8759915977716446,1.4198466464877129
320,2,layer_0.attn_o,0.024281073361635208,0.0011911333122206675,-0.07566806674003601,0.013678780756890774,0.002755183502449654,0.042723803967237475,0.6794267177581788,0.8687128648161888,1.4226403832435608
320,2,layer_0.mlp_down,0.08495719730854034,0.0026091755278797985,0.010491043329238892,0.013678780756890774,0.0005875363072846085,0.044107372197322546,0.6794267177581788,0.8687128648161888,1.4226403832435608
320,2,layer_1.attn_o,0.025140367448329926,0.0010416888323409794,-0.07056433707475662,0.013678780756890774,0.022172247583512217,0.05834561213850975,0.6794267177581788,0.8687128648161888,1.4226403832435608
320,2,layer_1.mlp_down,0.11502092331647873,0.0061105575007778835,0.006834125146269798,0.013678780756890774,0.00011232588440179825,0.033572237170301375,0.6794267177581788,0.8687128648161888,1.4226403832435608
320,2,layer_2.attn_o,0.024060189723968506,0.0010572121035308136,-0.02578529343008995,0.013678780756890774,0.005207538744434715,0.047453093249350785,0.6794267177581788,0.8687128648161888,1.4226403832435608
320,2,layer_2.mlp_down,0.11134722828865051,0.006036034596297446,0.004731272347271442,0.013678780756890774,0.0018490527669200673,0.05102116581983864,0.6794267177581788,0.8687128648161888,1.4226403832435608
320,2,layer_3.attn_o,0.02272445149719715,0.001009604438960622,-0.03566133975982666,0.013678780756890774,0.009426253836136312,0.06032260060310364,0.6794267177581788,0.8687128648161888,1.4226403832435608
320,2,layer_3.mlp_down,0.09604080021381378,0.004375640637463052,0.017929425463080406,0.013678780756890774,0.004750201920978725,0.03914753466378897,0.6794267177581788,0.8687128648161888,1.4226403832435608
320,2,layer_4.attn_o,0.02756550721824169,0.0014989077473439487,-0.01590433530509472,0.013678780756890774,0.01160578355193138,0.047064064722508195,0.6794267177581788,0.8687128648161888,1.4226403832435608
320,2,layer_4.mlp_down,0.08587107062339783,0.002713934671529835,-0.004275869578123093,0.013678780756890774,0.004243938811123371,0.06522267521359026,0.6794267177581788,0.8687128648161888,1.4226403832435608
320,2,layer_5.attn_o,0.02173827774822712,0.0008606463052258027,-0.15325099229812622,0.013678780756890774,0.0520268289372325,0.16305824108421801,0.6794267177581788,0.8687128648161888,1.4226403832435608
320,2,layer_5.mlp_down,0.09170115739107132,0.0036968625995113325,0.0013971161097288132,0.013678780756890774,0.0002355378350330284,0.04775911490432918,0.6794267177581788,0.8687128648161888,1.4226403832435608
320,2,layer_6.attn_o,0.026322463527321815,0.0014316367619882596,-0.008723457343876362,0.013678780756890774,0.004090925038326532,0.07376765413209796,0.6794267177581788,0.8687128648161888,1.4226403832435608
320,2,layer_6.mlp_down,0.09929757565259933,0.004247375489052903,-0.00976058840751648,0.013678780756890774,0.003930224223586265,0.07418649792671203,0.6794267177581788,0.8687128648161888,1.4226403832435608
320,2,layer_7.attn_o,0.020478537306189537,0.000647847056981327,-0.01599588617682457,0.013678780756890774,0.001674739271402359,0.1166345275938511,0.6794267177581788,0.8687128648161888,1.4226403832435608
320,2,layer_7.mlp_down,0.08782192319631577,0.0028715974585907973,-0.022333495318889618,0.013678780756890774,-0.0007495140911487397,0.11151743344962597,0.6794267177581788,0.8687128648161888,1.4226403832435608
320,2,layer_8.attn_o,0.021898344159126282,0.0006980557661119025,-0.0029552781488746405,0.013678780756890774,0.0029056732775643466,0.13202023953199388,0.6794267177581788,0.8687128648161888,1.4226403832435608
320,2,layer_8.mlp_down,0.08939972519874573,0.002898117380386691,-0.01143998559564352,0.013678780756890774,0.0044841451046522705,0.13323611803352833,0.6794267177581788,0.8687128648161888,1.4226403832435608
320,2,layer_9.attn_o,0.02161046862602234,0.000720326559404505,-0.016633378341794014,0.013678780756890774,-0.002639661484863609,0.18726372048258783,0.6794267177581788,0.8687128648161888,1.4226403832435608
320,2,layer_9.mlp_down,0.1084224283695221,0.0054917835299563705,-0.019794341176748276,0.013678780756890774,0.008593699510674924,0.17200785428285598,0.6794267177581788,0.8687128648161888,1.4226403832435608
320,2,layer_10.attn_o,0.027639929205179214,0.0015033189079842002,-0.014284029603004456,0.013678780756890774,0.009180687973275781,0.1997699797153473,0.6794267177581788,0.8687128648161888,1.4226403832435608
320,2,layer_10.mlp_down,0.08732639253139496,0.0026073425863809042,0.00800724234431982,0.013678780756890774,0.014077969547361135,0.24779374450445174,0.6794267177581788,0.8687128648161888,1.4226403832435608
320,2,layer_11.attn_o,0.025005869567394257,0.0010415949352186509,0.00769606651738286,0.013678780756890774,0.010938337678089738,0.3991443306207657,0.6794267177581788,0.8687128648161888,1.4226403832435608
320,2,layer_11.mlp_down,0.1160936951637268,0.006472018461880979,-0.016552986577153206,0.013678780756890774,0.0049297975609079005,0.22084373831748963,0.6794267177581788,0.8687128648161888,1.4226403832435608
320,2,layer_12.attn_o,0.023118160665035248,0.0008329918287338302,0.00474363099783659,0.013678780756890774,5.4065429139882326e-05,0.20127360969781877,0.6794267177581788,0.8687128648161888,1.4226403832435608
320,2,layer_12.mlp_down,0.09990905225276947,0.003711757047050446,-0.007543548010289669,0.013678780756890774,-0.0022006856044754384,0.15920763239264488,0.6794267177581788,0.8687128648161888,1.4226403832435608
320,2,layer_13.attn_o,0.026991132646799088,0.0014014768858043051,-0.0030300458893179893,0.013678780756890774,-0.007501403032802045,0.13639061227440835,0.6794267177581788,0.8687128648161888,1.4226403832435608
320,2,layer_13.mlp_down,0.10876692086458206,0.005170345789230783,-0.007166637573391199,0.013678780756890774,-0.004852891154587269,0.1267678141593933,0.6794267177581788,0.8687128648161888,1.4226403832435608
320,2,layer_14.attn_o,0.023582931607961655,0.0008237265287368508,-0.0023871937301009893,0.013678780756890774,-0.008772011910332366,0.15551515519618989,0.6794267177581788,0.8687128648161888,1.4226403832435608
320,2,layer_14.mlp_down,0.10988999903202057,0.004920451780022974,-0.008707979694008827,0.013678780756890774,-0.004425703454762698,0.17126592323184014,0.6794267177581788,0.8687128648161888,1.4226403832435608
320,2,layer_15.attn_o,0.02768714725971222,0.0015058647300684787,-0.025672901421785355,0.013678780756890774,-0.010122838176903315,0.29863683730363844,0.6794267177581788,0.8687128648161888,1.4226403832435608
320,2,layer_15.mlp_down,0.10206924378871918,0.004008953764793596,-0.013649391941726208,0.013678780756890774,-0.002691855374723673,0.11985384449362754,0.6794267177581788,0.8687128648161888,1.4226403832435608
320,2,layer_16.attn_o,0.02538343146443367,0.0011338658226967282,-0.01906490884721279,0.013678780756890774,-0.005956034240080043,0.13558978363871574,0.6794267177581788,0.8687128648161888,1.4226403832435608
320,2,layer_16.mlp_down,0.09026452898979187,0.0027497243498423455,0.006223143078386784,0.013678780756890774,0.0010043973277788609,0.10613564178347587,0.6794267177581788,0.8687128648161888,1.4226403832435608
320,2,layer_17.attn_o,0.027327289804816246,0.001582758455358093,0.04638278856873512,0.013678780756890774,-0.0008626752998679877,0.2607964038848877,0.6794267177581788,0.8687128648161888,1.4226403832435608
320,2,layer_17.mlp_down,0.10536739230155945,0.004269014630045953,-0.0030588945373892784,0.013678780756890774,-0.0005101309739984572,0.10562110766768455,0.6794267177581788,0.8687128648161888,1.4226403832435608
320,2,layer_18.attn_o,0.02652781270444393,0.0013769979794030465,-0.0011292272247374058,0.013678780756890774,-0.00038363756029866634,0.10849835351109505,0.6794267177581788,0.8687128648161888,1.4226403832435608
320,2,layer_18.mlp_down,0.10533847659826279,0.004181874775440916,0.009599211625754833,0.013678780756890774,-0.00033209766261279585,0.12336092814803123,0.6794267177581788,0.8687128648161888,1.4226403832435608
320,2,layer_19.attn_o,0.03244585916399956,0.0018658268341391457,-0.008129185065627098,0.013678780756890774,-0.005569023205316626,0.09575361534953117,0.6794267177581788,0.8687128648161888,1.4226403832435608
320,2,layer_19.mlp_down,0.10922225564718246,0.004524319116709463,-0.004163682926446199,0.013678780756890774,-0.0009345852129627019,0.09247293919324875,0.6794267177581788,0.8687128648161888,1.4226403832435608
320,2,layer_20.attn_o,0.021359577775001526,0.0006973244425050864,-0.024524299427866936,0.013678780756890774,-0.011935528714093379,0.21359848231077194,0.6794267177581788,0.8687128648161888,1.4226403832435608
320,2,layer_20.mlp_down,0.12711094319820404,0.006851694088507868,-0.002217510947957635,0.013678780756890774,-0.0016460102517157793,0.14235995188355446,0.6794267177581788,0.8687128648161888,1.4226403832435608
320,2,layer_21.attn_o,0.0214252769947052,0.0008654589981183476,-0.04085264354944229,0.013678780756890774,0.010755014698952436,0.34659968316555023,0.6794267177581788,0.8687128648161888,1.4226403832435608
320,2,layer_21.mlp_down,0.10753612965345383,0.0036266972170710117,-0.006065177731215954,0.013678780756890774,-0.0011437352281063796,0.09850234389305115,0.6794267177581788,0.8687128648161888,1.4226403832435608
320,2,layer_22.attn_o,0.02130790986120701,0.0007574532256897117,-0.013549337163567543,0.013678780756890774,-0.0017043365747667848,0.12206342443823814,0.6794267177581788,0.8687128648161888,1.4226403832435608
320,2,layer_22.mlp_down,0.10753435641527176,0.0037437703506477374,-0.0094368364661932,0.013678780756890774,-0.005599716457072646,0.12616778537631035,0.6794267177581788,0.8687128648161888,1.4226403832435608
320,2,layer_23.attn_o,0.023316506296396255,0.0010653795481779568,-0.020718298852443695,0.013678780756890774,-0.006089503553812392,0.24654716551303862,0.6794267177581788,0.8687128648161888,1.4226403832435608
320,2,layer_23.mlp_down,0.10037609189748764,0.0030963824846774357,-0.002967404667288065,0.013678780756890774,0.0019451588275842368,0.12845955416560173,0.6794267177581788,0.8687128648161888,1.4226403832435608
320,2,layer_24.attn_o,0.024528907611966133,0.0012821147160777657,-0.008876852691173553,0.013678780756890774,-0.0016938670443778392,0.3515568107366562,0.6794267177581788,0.8687128648161888,1.4226403832435608
320,2,layer_24.mlp_down,0.11423541605472565,0.005064351179304788,0.01869817078113556,0.013678780756890774,0.006345829216297716,0.17451742440462112,0.6794267177581788,0.8687128648161888,1.4226403832435608
320,2,layer_25.attn_o,0.02189742401242256,0.001006556912915522,0.05182269215583801,0.013678780756890774,0.03288608647417277,0.1828083463013172,0.6794267177581788,0.8687128648161888,1.4226403832435608
320,2,layer_25.mlp_down,0.12221118807792664,0.006636242741042987,0.14948301017284393,0.013678780756890774,0.017997873248532414,0.13053407706320286,0.6794267177581788,0.8687128648161888,1.4226403832435608
340,2,layer_0.attn_o,0.017384128645062447,0.0008527963549928406,-0.10305605828762054,-0.06171463057398796,-0.02708339694654569,0.06561687807552516,0.6571504354476929,0.8657446727156639,1.4238198697566986
340,2,layer_0.mlp_down,0.0617319718003273,0.0018958832505953536,0.014059724286198616,-0.06171463057398796,-0.0058430999866686765,0.036650027922587466,0.6571504354476929,0.8657446727156639,1.4238198697566986
340,2,layer_1.attn_o,0.017893170937895775,0.0007414015543368307,-0.10190340876579285,-0.06171463057398796,-0.03396653932286427,0.05651149246841669,0.6571504354476929,0.8657446727156639,1.4238198697566986
340,2,layer_1.mlp_down,0.07768355309963226,0.004126954058723973,0.009539052844047546,-0.06171463057398796,-0.003661194791493472,0.036055966396816075,0.6571504354476929,0.8657446727156639,1.4238198697566986
340,2,layer_2.attn_o,0.017893100157380104,0.0007862279042956603,-0.04822924733161926,-0.06171463057398796,-0.016377819230547173,0.03870370537042618,0.6571504354476929,0.8657446727156639,1.4238198697566986
340,2,layer_2.mlp_down,0.08121339231729507,0.0044024773682546205,0.012987479567527771,-0.06171463057398796,-0.006698865396901965,0.045763014489784835,0.6571504354476929,0.8657446727156639,1.4238198697566986
340,2,layer_3.attn_o,0.017391584813594818,0.0007726751184599642,-0.013101303018629551,-0.06171463057398796,-0.008171973410935608,0.05530010005459189,0.6571504354476929,0.8657446727156639,1.4238198697566986
340,2,layer_3.mlp_down,0.0745023563504219,0.003394327142713481,0.010999849066138268,-0.06171463057398796,-0.013953207235317677,0.046195133775472644,0.6571504354476929,0.8657446727156639,1.4238198697566986
340,2,layer_4.attn_o,0.021271154284477234,0.0011566445845797876,-0.02097206935286522,-0.06171463057398796,-0.007968451123451814,0.05073254338931292,0.6571504354476929,0.8657446727156639,1.4238198697566986
340,2,layer_4.mlp_down,0.06551941484212875,0.0020707159660584644,-0.022843392565846443,-0.06171463057398796,-0.004039205890148878,0.05634982269257307,0.6571504354476929,0.8657446727156639,1.4238198697566986
340,2,layer_5.attn_o,0.016473419964313507,0.0006522034369933438,-0.18476258218288422,-0.06171463057398796,-0.009258540719747544,0.12339855320751666,0.6571504354476929,0.8657446727156639,1.4238198697566986
340,2,layer_5.mlp_down,0.07168269902467728,0.0028898158590443886,-0.023285720497369766,-0.06171463057398796,-0.005111871077679098,0.04991844119504094,0.6571504354476929,0.8657446727156639,1.4238198697566986
340,2,layer_6.attn_o,0.020548760890960693,0.0011176137148151302,-0.010714676231145859,-0.06171463057398796,-0.0073460193118080495,0.07261081114411354,0.6571504354476929,0.8657446727156639,1.4238198697566986
340,2,layer_6.mlp_down,0.07687301933765411,0.0032881682910777515,-0.04083298146724701,-0.06171463057398796,-0.00507391324499622,0.07350445566698909,0.6571504354476929,0.8657446727156639,1.4238198697566986
340,2,layer_7.attn_o,0.01604713685810566,0.0005076575518108457,-0.028391730040311813,-0.06171463057398796,-0.007908934622537344,0.11777354208752513,0.6571504354476929,0.8657446727156639,1.4238198697566986
340,2,layer_7.mlp_down,0.06811892241239548,0.00222733653074127,-0.05417817085981369,-0.06171463057398796,-0.011129498027730732,0.10610958114266396,0.6571504354476929,0.8657446727156639,1.4238198697566986
340,2,layer_8.attn_o,0.01713571697473526,0.0005462368773016704,-0.019614936783909798,-0.06171463057398796,-0.011984904011478647,0.12926033958792688,0.6571504354476929,0.8657446727156639,1.4238198697566986
340,2,layer_8.mlp_down,0.06875284016132355,0.0022287859602634773,-0.0380169041454792,-0.06171463057398796,-0.009120304742828012,0.1201151229441166,0.6571504354476929,0.8657446727156639,1.4238198697566986
340,2,layer_9.attn_o,0.01625376008450985,0.0005417751591449988,-0.016924884170293808,-0.06171463057398796,-0.013211579428752885,0.1829817645251751,0.6571504354476929,0.8657446727156639,1.4238198697566986
340,2,layer_9.mlp_down,0.0830521509051323,0.004206695672773598,-0.06667103618383408,-0.06171463057398796,-0.005571930413134396,0.16353481337428094,0.6571504354476929,0.8657446727156639,1.4238198697566986
340,2,layer_10.attn_o,0.020599815994501114,0.0011204112076559356,-0.04413749650120735,-0.06171463057398796,-0.0042255976470187305,0.19547583386301995,0.6571504354476929,0.8657446727156639,1.4238198697566986
340,2,layer_10.mlp_down,0.0652690976858139,0.0019487606669912898,-0.26002034544944763,-0.06171463057398796,0.007018054253421724,0.2431723728775978,0.6571504354476929,0.8657446727156639,1.4238198697566986
340,2,layer_11.attn_o,0.018233148381114006,0.0007594837055799933,-0.21120144426822662,-0.06171463057398796,0.011637927207630128,0.39063758701086043,0.6571504354476929,0.8657446727156639,1.4238198697566986
340,2,layer_11.mlp_down,0.08847088366746902,0.004932042540602966,-0.128871887922287,-0.06171463057398796,-0.001822506368625909,0.23021881133317948,0.6571504354476929,0.8657446727156639,1.4238198697566986
340,2,layer_12.attn_o,0.017697880044579506,0.0006376884653945293,-0.021802524104714394,-0.06171463057398796,-0.0038212197599932552,0.21668570786714553,0.6571504354476929,0.8657446727156639,1.4238198697566986
340,2,layer_12.mlp_down,0.07552385330200195,0.0028057988600149,-0.06885752826929092,-0.06171463057398796,6.758077070116997e-05,0.1663968250155449,0.6571504354476929,0.8657446727156639,1.4238198697566986
340,2,layer_13.attn_o,0.02037058211863041,0.0010577133079805515,-0.014788370579481125,-0.06171463057398796,0.0022234043746720998,0.16136398091912268,0.6571504354476929,0.8657446727156639,1.4238198697566986
340,2,layer_13.mlp_down,0.0826478824019432,0.003928728390145083,-0.04800641909241676,-0.06171463057398796,-1.839888864196837e-05,0.15355845764279366,0.6571504354476929,0.8657446727156639,1.4238198697566986
340,2,layer_14.attn_o,0.017699209973216057,0.0006182143136864264,-0.021763183176517487,-0.06171463057398796,0.0023448676918633284,0.20150676891207694,0.6571504354476929,0.8657446727156639,1.4238198697566986
340,2,layer_14.mlp_down,0.0833645835518837,0.0037327258638348796,-0.040871549397706985,-0.06171463057398796,0.00324225690565072,0.1997093975543976,0.6571504354476929,0.8657446727156639,1.4238198697566986
340,2,layer_15.attn_o,0.020646026358008385,0.0011229079025911787,-0.12090156227350235,-0.06171463057398796,0.009747474524192511,0.3152362465858459,0.6571504354476929,0.8657446727156639,1.4238198697566986
340,2,layer_15.mlp_down,0.07665890455245972,0.0030109003647044398,-0.060133107006549835,-0.06171463057398796,0.0008301894078613259,0.1519896686077118,0.6571504354476929,0.8657446727156639,1.4238198697566986
340,2,layer_16.attn_o,0.018629543483257294,0.0008321726429518546,-0.04011894017457962,-0.06171463057398796,0.003934140829369426,0.18201095014810562,0.6571504354476929,0.8657446727156639,1.4238198697566986
340,2,layer_16.mlp_down,0.06656733900308609,0.0020278294172285695,-0.11243471503257751,-0.06171463057398796,0.005715870563290082,0.13619832769036294,0.6571504354476929,0.8657446727156639,1.4238198697566986
340,2,layer_17.attn_o,0.019879983738064766,0.001151420508603962,-0.08825379610061646,-0.06171463057398796,0.012950166501104832,0.2877235904335976,0.6571504354476929,0.8657446727156639,1.4238198697566986
340,2,layer_17.mlp_down,0.0797681212425232,0.0032318241391473455,-0.08137284964323044,-0.06171463057398796,0.00040125511004589497,0.12902615815401078,0.6571504354476929,0.8657446727156639,1.4238198697566986
340,2,layer_18.attn_o,0.02005237154662609,0.001040872046519864,-0.027203267440199852,-0.06171463057398796,0.0034717793518211693,0.14834954515099524,0.6571504354476929,0.8657446727156639,1.4238198697566986
340,2,layer_18.mlp_down,0.08028385788202286,0.0031871959960207874,-0.05298326537013054,-0.06171463057398796,0.0022899293107911944,0.14595336839556694,0.6571504354476929,0.8657446727156639,1.4238198697566986
340,2,layer_19.attn_o,0.023800676688551903,0.0013686768833674778,-0.022795848548412323,-0.06171463057398796,0.005721116706263274,0.1466799221932888,0.6571504354476929,0.8657446727156639,1.4238198697566986
340,2,layer_19.mlp_down,0.08350761979818344,0.0034591163822797998,-0.03341900557279587,-0.06171463057398796,0.0034424696350470185,0.12664238773286343,0.6571504354476929,0.8657446727156639,1.4238198697566986
340,2,layer_20.attn_o,0.01577145792543888,0.0005148895687931011,-0.039812441915273666,-0.06171463057398796,0.006033649179153144,0.27240015268325807,0.6571504354476929,0.8657446727156639,1.4238198697566986
340,2,layer_20.mlp_down,0.0972336158156395,0.0052411354893815145,-0.05183922499418259,-0.06171463057398796,0.005409186566248536,0.1746278427541256,0.6571504354476929,0.8657446727156639,1.4238198697566986
340,2,layer_21.attn_o,0.016261130571365356,0.0006568567323010858,-0.2765376567840576,-0.06171463057398796,0.00988911185413599,0.38681289851665496,0.6571504354476929,0.8657446727156639,1.4238198697566986
340,2,layer_21.mlp_down,0.080825574696064,0.0027258571995808136,-0.053875211626291275,-0.06171463057398796,0.00905591532937251,0.13062539622187613,0.6571504354476929,0.8657446727156639,1.4238198697566986
340,2,layer_22.attn_o,0.015595229342579842,0.0005543789535365906,-0.054431136697530746,-0.06171463057398796,0.011057968507520855,0.16151903346180915,0.6571504354476929,0.8657446727156639,1.4238198697566986
340,2,layer_22.mlp_down,0.08082575350999832,0.0028139041495184717,-0.043144237250089645,-0.06171463057398796,0.00436610445540282,0.16458315774798393,0.6571504354476929,0.8657446727156639,1.4238198697566986
340,2,layer_23.attn_o,0.017419466748833656,0.000795931299010786,-0.1067904382944107,-0.06171463057398796,-0.0019954147366661344,0.26669075787067414,0.6571504354476929,0.8657446727156639,1.4238198697566986
340,2,layer_23.mlp_down,0.07540476322174072,0.002326063228457323,-0.04983043298125267,-0.06171463057398796,0.0022690203913953155,0.1698526382446289,0.6571504354476929,0.8657446727156639,1.4238198697566986
340,2,layer_24.attn_o,0.018345052376389503,0.0009588872566713964,-0.15684708952903748,-0.06171463057398796,-0.003463693428784609,0.39888266026973723,0.6571504354476929,0.8657446727156639,1.4238198697566986
340,2,layer_24.mlp_down,0.08579301089048386,0.003803398204713534,-0.11350329965353012,-0.06171463057398796,0.008504104940220714,0.21580305993556975,0.6571504354476929,0.8657446727156639,1.4238198697566986
340,2,layer_25.attn_o,0.016811752691864967,0.0007727842506492631,-0.14851734042167664,-0.06171463057398796,0.0232100079767406,0.22806079983711242,0.6571504354476929,0.8657446727156639,1.4238198697566986
340,2,layer_25.mlp_down,0.09157538414001465,0.00497260410316486,-0.0007070442079566419,-0.06171463057398796,0.003707995545119047,0.1650376282632351,0.6571504354476929,0.8657446727156639,1.4238198697566986
360,2,layer_0.attn_o,0.012127835303544998,0.0005949432985003644,-0.17342226207256317,-0.04684412106871605,-0.015532037429511546,0.17413343547377735,0.7968305468559265,0.8644793033599854,1.4250331595540047
360,2,layer_0.mlp_down,0.04085684195160866,0.001254771534926783,-0.026834631338715553,-0.04684412106871605,-0.001543704360665288,0.10098692532628775,0.7968305468559265,0.8644793033599854,1.4250331595540047
360,2,layer_1.attn_o,0.01181055512279272,0.0004893687329001996,-0.23770466446876526,-0.04684412106871605,0.004091362375766039,0.10770113114267588,0.7968305468559265,0.8644793033599854,1.4250331595540047
360,2,layer_1.mlp_down,0.05041274055838585,0.002678181886537834,-0.001516345888376236,-0.04684412106871605,-0.0007271308335475623,0.09033868366968818,0.7968305468559265,0.8644793033599854,1.4250331595540047
360,2,layer_2.attn_o,0.011876237578690052,0.0005218450782717877,-0.05681081861257553,-0.04684412106871605,-0.015372372104320676,0.10002009384334087,0.7968305468559265,0.8644793033599854,1.4250331595540047
360,2,layer_2.mlp_down,0.053637631237506866,0.002907614797471765,0.014612077735364437,-0.04684412106871605,-0.005971244280226528,0.10634461725130677,0.7968305468559265,0.8644793033599854,1.4250331595540047
360,2,layer_3.attn_o,0.012002771720290184,0.0005332604214120768,-0.021329237148165703,-0.04684412106871605,-0.012871892098337412,0.11996944714337587,0.7968305468559265,0.8644793033599854,1.4250331595540047
360,2,layer_3.mlp_down,0.05103148892521858,0.002324986408260413,0.00017790784477256238,-0.04684412106871605,-0.006737992602575104,0.09316712224390358,0.7968305468559265,0.8644793033599854,1.4250331595540047
360,2,layer_4.attn_o,0.014527077786624432,0.0007899270720770432,-0.017485084012150764,-0.04684412106871605,-0.01509730186444358,0.10767659712582826,0.7968305468559265,0.8644793033599854,1.4250331595540047
360,2,layer_4.mlp_down,0.04477674141526222,0.001415145759987921,-0.010792762041091919,-0.04684412106871605,-0.013310658955015242,0.1217350361373974,0.7968305468559265,0.8644793033599854,1.4250331595540047
360,2,layer_5.attn_o,0.01212984137237072,0.0004802356918224734,-0.19945169985294342,-0.04684412106871605,-0.030320689850486814,0.20706510581076146,0.7968305468559265,0.8644793033599854,1.4250331595540047
360,2,layer_5.mlp_down,0.04989660531282425,0.0020115236862292794,0.005240363534539938,-0.04684412106871605,-0.004584865714423359,0.10685149328783154,0.7968305468559265,0.8644793033599854,1.4250331595540047
360,2,layer_6.attn_o,0.014353186823427677,0.0007806465085796531,-0.008430056273937225,-0.04684412106871605,-0.0032612377079203727,0.1422752609476447,0.7968305468559265,0.8644793033599854,1.4250331595540047
360,2,layer_6.mlp_down,0.05384232848882675,0.002303044913410809,0.00222878810018301,-0.04684412106871605,-0.004315594234503806,0.14532793872058392,0.7968305468559265,0.8644793033599854,1.4250331595540047
360,2,layer_7.attn_o,0.011285700835287571,0.0003570275232684154,-0.013251270167529583,-0.04684412106871605,-0.007378279650583863,0.1978024162352085,0.7968305468559265,0.8644793033599854,1.4250331595540047
360,2,layer_7.mlp_down,0.047895971685647964,0.0015660839109362377,-0.011398489587008953,-0.04684412106871605,-0.003966476593632251,0.18473552241921426,0.7968305468559265,0.8644793033599854,1.4250331595540047
360,2,layer_8.attn_o,0.01207791268825531,0.0003850086292929436,-0.017502959817647934,-0.04684412106871605,0.00011266954243183136,0.19888484217226504,0.7968305468559265,0.8644793033599854,1.4250331595540047
360,2,layer_8.mlp_down,0.048808787018060684,0.0015822453505214404,-0.014011123217642307,-0.04684412106871605,-0.001481064292602241,0.19886102192103863,0.7968305468559265,0.8644793033599854,1.4250331595540047
360,2,layer_9.attn_o,0.011652709916234016,0.00038841146477373113,0.0012327154399827123,-0.04684412106871605,-0.0007718465174548327,0.25223142728209497,0.7968305468559265,0.8644793033599854,1.4250331595540047
360,2,layer_9.mlp_down,0.05985349789261818,0.0030316489259374266,-0.02229664847254753,-0.04684412106871605,6.925853667780757e-05,0.24103980511426926,0.7968305468559265,0.8644793033599854,1.4250331595540047
360,2,layer_10.attn_o,0.014680605381727219,0.000798468850234994,-0.022222820669412613,-0.04684412106871605,-0.0008106447989121079,0.2669474944472313,0.7968305468559265,0.8644793033599854,1.4250331595540047
360,2,layer_10.mlp_down,0.04714030399918556,0.0014074779302235487,-0.105280801653862,-0.04684412106871605,-0.0006897117011249066,0.3164077326655388,0.7968305468559265,0.8644793033599854,1.4250331595540047
360,2,layer_11.attn_o,0.013279873877763748,0.0005531600584889384,-0.1509125679731369,-0.04684412106871605,0.0046046549454331395,0.4594055742025375,0.7968305468559265,0.8644793033599854,1.4250331595540047
360,2,layer_11.mlp_down,0.06358759105205536,0.003544838977362016,-0.09286375343799591,-0.04684412106871605,0.005306340195238591,0.290284962952137,0.7968305468559265,0.8644793033599854,1.4250331595540047
360,2,layer_12.attn_o,0.012543788179755211,0.0004519765539989739,-0.020095907151699066,-0.04684412106871605,0.008745080325752497,0.27443415820598605,0.7968305468559265,0.8644793033599854,1.4250331595540047
360,2,layer_12.mlp_down,0.054254624992609024,0.002015611043936911,-0.04624661058187485,-0.04684412106871605,0.0007154031423851848,0.22321946918964386,0.7968305468559265,0.8644793033599854,1.4250331595540047
360,2,layer_13.attn_o,0.014828330837190151,0.0007699394648522504,-0.013843911699950695,-0.04684412106871605,0.0026944589917548,0.19909727275371553,0.7968305468559265,0.8644793033599854,1.4250331595540047
360,2,layer_13.mlp_down,0.059624601155519485,0.0028342942431334676,-0.04345957562327385,-0.04684412106871605,-0.0023722699494101106,0.18831521570682525,0.7968305468559265,0.8644793033599854,1.4250331595540047
360,2,layer_14.attn_o,0.012676287442445755,0.00044276887051097094,-0.026135414838790894,-0.04684412106871605,-0.0009935301059158519,0.22713503800332546,0.7968305468559265,0.8644793033599854,1.4250331595540047
360,2,layer_14.mlp_down,0.059234872460365295,0.0026522886193254143,-0.04678763821721077,-0.04684412106871605,6.492668762803078e-05,0.23115593641996385,0.7968305468559265,0.8644793033599854,1.4250331595540047
360,2,layer_15.attn_o,0.014627091586589813,0.0007955466320585994,-0.11692973971366882,-0.04684412106871605,0.00022497414611279964,0.36495221853256227,0.7968305468559265,0.8644793033599854,1.4250331595540047
360,2,layer_15.mlp_down,0.05451326444745064,0.0021410869575130423,-0.07250572741031647,-0.04684412106871605,0.003523650401621126,0.17490144297480584,0.7968305468559265,0.8644793033599854,1.4250331595540047
360,2,layer_16.attn_o,0.013218825682997704,0.0005904784611599983,-0.052696410566568375,-0.04684412106871605,0.005749374543665908,0.18769103661179543,0.7968305468559265,0.8644793033599854,1.4250331595540047
360,2,layer_16.mlp_down,0.047762222588062286,0.0014549651147747673,-0.08253701776266098,-0.04684412106871605,0.001708629704080522,0.1455111090093851,0.7968305468559265,0.8644793033599854,1.4250331595540047
360,2,layer_17.attn_o,0.0147285470739007,0.0008530568740207636,-0.06086202710866928,-0.04684412106871605,0.004049660518649034,0.29970272779464724,0.7968305468559265,0.8644793033599854,1.4250331595540047
360,2,layer_17.mlp_down,0.05663534253835678,0.002294580886091654,-0.06874288618564606,-0.04684412106871605,0.0028543923515826465,0.14854333996772767,0.7968305468559265,0.8644793033599854,1.4250331595540047
360,2,layer_18.attn_o,0.014665924943983555,0.0007612739596577057,-0.015311764553189278,-0.04684412106871605,0.00237776868743822,0.17748311907052994,0.7968305468559265,0.8644793033599854,1.4250331595540047
360,2,layer_18.mlp_down,0.05645182728767395,0.002241072863186487,-0.04489265754818916,-0.04684412106871605,0.0017222527421836276,0.16439178884029387,0.7968305468559265,0.8644793033599854,1.4250331595540047
360,2,layer_19.attn_o,0.016761021688580513,0.0009638554887419149,-0.022270120680332184,-0.04684412106871605,0.005489247385412455,0.1398868203163147,0.7968305468559265,0.8644793033599854,1.4250331595540047
360,2,layer_19.mlp_down,0.058662112802267075,0.0024299347279068038,-0.023534303531050682,-0.04684412106871605,0.0013037485507084057,0.14245398566126824,0.7968305468559265,0.8644793033599854,1.4250331595540047
360,2,layer_20.attn_o,0.011071760207414627,0.00036145883284787204,-0.03217921033501625,-0.04684412106871605,0.003916184324771166,0.2531371213495731,0.7968305468559265,0.8644793033599854,1.4250331595540047
360,2,layer_20.mlp_down,0.0679701641201973,0.003663735009643391,-0.01950058341026306,-0.04684412106871605,0.0014504413164104335,0.19392246343195438,0.7968305468559265,0.8644793033599854,1.4250331595540047
360,2,layer_21.attn_o,0.0117676155641675,0.0004753442994580973,-0.26612967252731323,-0.04684412106871605,-0.011098618432879449,0.4382470652461052,0.7968305468559265,0.8644793033599854,1.4250331595540047
360,2,layer_21.mlp_down,0.05594879388809204,0.0018868737773759237,-0.02889770083129406,-0.04684412106871605,0.002356176800094545,0.14716116562485695,0.7968305468559265,0.8644793033599854,1.4250331595540047
360,2,layer_22.attn_o,0.011188874021172523,0.0003977419617237983,-0.047473736107349396,-0.04684412106871605,0.0020599689160007983,0.18307429291307925,0.7968305468559265,0.8644793033599854,1.4250331595540047
360,2,layer_22.mlp_down,0.055716849863529205,0.0019397395015712572,-0.03225398808717728,-0.04684412106871605,0.001889238168951124,0.16044580452144147,0.7968305468559265,0.8644793033599854,1.4250331595540047
360,2,layer_23.attn_o,0.012397604063153267,0.0005664722019796286,-0.0976211354136467,-0.04684412106871605,0.002704353630542755,0.26352151185274125,0.7968305468559265,0.8644793033599854,1.4250331595540047
360,2,layer_23.mlp_down,0.05196492373943329,0.0016029915788562143,-0.046643033623695374,-0.04684412106871605,0.0015599927224684506,0.16690125763416291,0.7968305468559265,0.8644793033599854,1.4250331595540047
360,2,layer_24.attn_o,0.013370982371270657,0.0006988948880439908,-0.1313818395137787,-0.04684412106871605,-0.009536352846771479,0.41234918087720873,0.7968305468559265,0.8644793033599854,1.4250331595540047
360,2,layer_24.mlp_down,0.059858161956071854,0.0026536409649277246,-0.12080889940261841,-0.04684412106871605,-0.010004099179059266,0.21733123064041138,0.7968305468559265,0.8644793033599854,1.4250331595540047
360,2,layer_25.attn_o,0.011821757070720196,0.0005434094971987839,-0.13724686205387115,-0.04684412106871605,-0.03981326774810441,0.23026614785194396,0.7968305468559265,0.8644793033599854,1.4250331595540047
360,2,layer_25.mlp_down,0.06376943737268448,0.0034627080453010603,-0.02788810059428215,-0.04684412106871605,-0.04341420195996761,0.19411413371562958,0.7968305468559265,0.8644793033599854,1.4250331595540047
380,2,layer_0.attn_o,0.008383842185139656,0.0004112779073010259,-0.05813109129667282,-0.04930804297327995,-0.007774869352579117,0.09359336383640766,0.6910179078578949,0.8637484982609749,1.4243277609348297
380,2,layer_0.mlp_down,0.028644559904932976,0.0008797139074727559,-0.014304827898740768,-0.04930804297327995,0.0011799614294432104,0.049286268278956415,0.6910179078578949,0.8637484982609749,1.4243277609348297
380,2,layer_1.attn_o,0.008415214717388153,0.00034868318585674446,-0.31257858872413635,-0.04930804297327995,-0.0018685663701035083,0.0908188320696354,0.6910179078578949,0.8637484982609749,1.4243277609348297
380,2,layer_1.mlp_down,0.03611764684319496,0.0019187477698388135,-0.003178676590323448,-0.04930804297327995,0.0014722017920576036,0.05150304529815912,0.6910179078578949,0.8637484982609749,1.4243277609348297
380,2,layer_2.attn_o,0.008346715942025185,0.00036675685460774463,-0.08830487728118896,-0.04930804297327995,0.00580897627514787,0.07022124957293271,0.6910179078578949,0.8637484982609749,1.4243277609348297
380,2,layer_2.mlp_down,0.037918321788311005,0.0020554884509495952,-0.03033480979502201,-0.04930804297327995,-0.004877629294060171,0.07227082101162523,0.6910179078578949,0.8637484982609749,1.4243277609348297
380,2,layer_3.attn_o,0.008543696254491806,0.0003795801192387108,-0.021349819377064705,-0.04930804297327995,-0.0020901548210531472,0.08309273654595017,0.6910179078578949,0.8637484982609749,1.4243277609348297
380,2,layer_3.mlp_down,0.03581967577338219,0.0016319369517198668,-0.019247816875576973,-0.04930804297327995,-0.0011850985865748953,0.06035783840343356,0.6910179078578949,0.8637484982609749,1.4243277609348297
380,2,layer_4.attn_o,0.010004861280322075,0.0005440261898355397,-0.030066482722759247,-0.04930804297327995,0.009386331884888932,0.07499154508113862,0.6910179078578949,0.8637484982609749,1.4243277609348297
380,2,layer_4.mlp_down,0.03123016469180584,0.000987010708184316,-0.0926051139831543,-0.04930804297327995,-6.985850632190705e-07,0.08450798233970999,0.6910179078578949,0.8637484982609749,1.4243277609348297
380,2,layer_5.attn_o,0.008290172554552555,0.00032821826990831566,-0.289111465215683,-0.04930804297327995,-0.011775980450329371,0.15581620372831823,0.6910179078578949,0.8637484982609749,1.4243277609348297
380,2,layer_5.mlp_down,0.03468727692961693,0.001398373730411137,-0.036605529487133026,-0.04930804297327995,0.0006854079256299883,0.06733229793608189,0.6910179078578949,0.8637484982609749,1.4243277609348297
380,2,layer_6.attn_o,0.009974676184356213,0.0005425062608048858,-0.009572800248861313,-0.04930804297327995,0.0015006661240477114,0.10494733974337578,0.6910179078578949,0.8637484982609749,1.4243277609348297
380,2,layer_6.mlp_down,0.037145715206861496,0.001588863247858909,-0.03670068457722664,-0.04930804297327995,0.002262629254255444,0.10629756674170494,0.6910179078578949,0.8637484982609749,1.4243277609348297
380,2,layer_7.attn_o,0.00768823828548193,0.00024322037081879008,-0.017257092520594597,-0.04930804297327995,0.0007674219552427531,0.1564509380608797,0.6910179078578949,0.8637484982609749,1.4243277609348297
380,2,layer_7.mlp_down,0.03291080892086029,0.001076101178066157,-0.04711180180311203,-0.04930804297327995,0.003043411858379841,0.15138786658644676,0.6910179078578949,0.8637484982609749,1.4243277609348297
380,2,layer_8.attn_o,0.008184531703591347,0.00026089896745887735,-0.027370207011699677,-0.04930804297327995,0.003777668531984091,0.17816377952694892,0.6910179078578949,0.8637484982609749,1.4243277609348297
380,2,layer_8.mlp_down,0.0336311012506485,0.0010902240897626848,-0.030344819650053978,-0.04930804297327995,0.0014151192575809547,0.1817634992301464,0.6910179078578949,0.8637484982609749,1.4243277609348297
380,2,layer_9.attn_o,0.007943246513605118,0.00026476656808473127,-0.019956771284341812,-0.04930804297327995,0.00226939944550395,0.23395850211381913,0.6910179078578949,0.8637484982609749,1.4243277609348297
380,2,layer_9.mlp_down,0.04091230779886246,0.002072251125883519,-0.03208257630467415,-0.04930804297327995,-0.0020020465832203626,0.22467153519392014,0.6910179078578949,0.8637484982609749,1.4243277609348297
380,2,layer_10.attn_o,0.009929489344358444,0.0005400585951034466,-0.03716084361076355,-0.04930804297327995,-0.003708619871758856,0.2594204947352409,0.6910179078578949,0.8637484982609749,1.4243277609348297
380,2,layer_10.mlp_down,0.0318915992975235,0.0009521918825734822,-0.15123099088668823,-0.04930804297327995,-0.004690956938429735,0.31385871917009356,0.6910179078578949,0.8637484982609749,1.4243277609348297
380,2,layer_11.attn_o,0.008902205154299736,0.00037081243489177823,-0.07882200181484222,-0.04930804297327995,0.021226143836975096,0.4558656454086304,0.6910179078578949,0.8637484982609749,1.4243277609348297
380,2,layer_11.mlp_down,0.043349333107471466,0.0024166004490546256,-0.059779103845357895,-0.04930804297327995,0.003647304093465209,0.28805584013462066,0.6910179078578949,0.8637484982609749,1.4243277609348297
380,2,layer_12.attn_o,0.008558628149330616,0.00030838363472095556,-0.008397909812629223,-0.04930804297327995,0.003886068449355662,0.2941780537366867,0.6910179078578949,0.8637484982609749,1.4243277609348297
380,2,layer_12.mlp_down,0.03686781972646713,0.001369669702225386,-0.027378849685192108,-0.04930804297327995,0.0009695482440292835,0.2173018164932728,0.6910179078578949,0.8637484982609749,1.4243277609348297
380,2,layer_13.attn_o,0.010094021447002888,0.0005241172986194615,-0.004775415174663067,-0.04930804297327995,0.0027713265335478354,0.2211890421807766,0.6910179078578949,0.8637484982609749,1.4243277609348297
380,2,layer_13.mlp_down,0.03994385898113251,0.0018987556263391746,-0.02120608277618885,-0.04930804297327995,-0.0033562640426680447,0.17477557063102722,0.6910179078578949,0.8637484982609749,1.4243277609348297
380,2,layer_14.attn_o,0.008667383342981339,0.00030274219002536425,-0.011307978071272373,-0.04930804297327995,-0.004323759232647717,0.2391774497926235,0.6910179078578949,0.8637484982609749,1.4243277609348297
380,2,layer_14.mlp_down,0.04010468348860741,0.0017957164025858008,-0.022441936656832695,-0.04930804297327995,-0.00198796815238893,0.22940573021769523,0.6910179078578949,0.8637484982609749,1.4243277609348297
380,2,layer_15.attn_o,0.010004543699324131,0.0005441327379982939,-0.05476018041372299,-0.04930804297327995,-0.0019982200290542098,0.37105526477098466,0.6910179078578949,0.8637484982609749,1.4243277609348297
380,2,layer_15.mlp_down,0.03692151978611946,0.001450141835196117,-0.035779036581516266,-0.04930804297327995,-0.001126875588670373,0.16169858425855638,0.6910179078578949,0.8637484982609749,1.4243277609348297
380,2,layer_16.attn_o,0.009043164551258087,0.00040395365718510335,-0.02633904293179512,-0.04930804297327995,-0.000940934190293774,0.20160315483808516,0.6910179078578949,0.8637484982609749,1.4243277609348297
380,2,layer_16.mlp_down,0.03245240077376366,0.0009885847895472152,-0.03902200236916542,-0.04930804297327995,0.005758994788629934,0.15025659650564194,0.6910179078578949,0.8637484982609749,1.4243277609348297
380,2,layer_17.attn_o,0.009865710511803627,0.0005714081095196028,-0.051749881356954575,-0.04930804297327995,0.0008643342182040215,0.35213455855846404,0.6910179078578949,0.8637484982609749,1.4243277609348297
380,2,layer_17.mlp_down,0.03832248970866203,0.0015526322996609735,-0.03396918624639511,-0.04930804297327995,0.002576787117868662,0.13879343643784522,0.6910179078578949,0.8637484982609749,1.4243277609348297
380,2,layer_18.attn_o,0.009888259693980217,0.0005132766007382713,-0.008469963446259499,-0.04930804297327995,-0.002294331433949992,0.2036502979695797,0.6910179078578949,0.8637484982609749,1.4243277609348297
380,2,layer_18.mlp_down,0.038543589413166046,0.0015301308926167411,-0.016248099505901337,-0.04930804297327995,0.0005547873442992568,0.16328150779008865,0.6910179078578949,0.8637484982609749,1.4243277609348297
380,2,layer_19.attn_o,0.011378203518688679,0.0006543123035327432,-0.019639214500784874,-0.04930804297327995,-0.0014818077033851296,0.17698559835553168,0.6910179078578949,0.8637484982609749,1.4243277609348297
380,2,layer_19.mlp_down,0.040068287402391434,0.0016597259472111534,-0.015901299193501472,-0.04930804297327995,0.0013512270350474864,0.13559513837099074,0.6910179078578949,0.8637484982609749,1.4243277609348297
380,2,layer_20.attn_o,0.007839993573725224,0.00025595158499507303,-0.03263172134757042,-0.04930804297327995,-0.0051687943545402956,0.2922368884086609,0.6910179078578949,0.8637484982609749,1.4243277609348297
380,2,layer_20.mlp_down,0.046747174113988876,0.002519760525615872,-0.02677764743566513,-0.04930804297327995,0.002297702501527965,0.186818178743124,0.6910179078578949,0.8637484982609749,1.4243277609348297
380,2,layer_21.attn_o,0.008145521394908428,0.00032903245677825627,-0.1133500263094902,-0.04930804297327995,0.014214762160554529,0.439935964345932,0.6910179078578949,0.8637484982609749,1.4243277609348297
380,2,layer_21.mlp_down,0.038377631455659866,0.0012942808583324879,-0.0364675410091877,-0.04930804297327995,-0.00012941198656335473,0.14277924075722695,0.6910179078578949,0.8637484982609749,1.4243277609348297
380,2,layer_22.attn_o,0.007794612552970648,0.0002770827199424202,-0.028005409985780716,-0.04930804297327995,0.0016800356679596007,0.18952877521514894,0.6910179078578949,0.8637484982609749,1.4243277609348297
380,2,layer_22.mlp_down,0.038774870336055756,0.0013499114401133846,-0.038575172424316406,-0.04930804297327995,0.0018160510808229446,0.1782812975347042,0.6910179078578949,0.8637484982609749,1.4243277609348297
380,2,layer_23.attn_o,0.008401020430028439,0.0003838599529507002,-0.07839379459619522,-0.04930804297327995,-0.002032970101572573,0.3196699619293213,0.6910179078578949,0.8637484982609749,1.4243277609348297
380,2,layer_23.mlp_down,0.036205265671014786,0.0011168398368692745,-0.036358363926410675,-0.04930804297327995,0.0001427181763574481,0.18092795312404633,0.6910179078578949,0.8637484982609749,1.4243277609348297
380,2,layer_24.attn_o,0.009285882115364075,0.0004853685925379338,-0.06996265798807144,-0.04930804297327995,-0.0021239290363155305,0.4207391291856766,0.6910179078578949,0.8637484982609749,1.4243277609348297
380,2,layer_24.mlp_down,0.041758738458156586,0.0018512508656490577,-0.07476528733968735,-0.04930804297327995,0.004216696741059423,0.23381199836730956,0.6910179078578949,0.8637484982609749,1.4243277609348297
380,2,layer_25.attn_o,0.008394971489906311,0.0003858906598384133,-0.12941309809684753,-0.04930804297327995,0.009133160673081875,0.2558855637907982,0.6910179078578949,0.8637484982609749,1.4243277609348297
380,2,layer_25.mlp_down,0.045521918684244156,0.0024718516916809865,-0.10239116102457047,-0.04930804297327995,0.010056525713298469,0.18457305282354355,0.6910179078578949,0.8637484982609749,1.4243277609348297
400,2,layer_0.attn_o,0.0054955692030489445,0.0002695907126906107,-0.03879927098751068,-0.010647478513419628,-0.001378180377651006,0.12805582023866008,0.6584345668554306,0.8636938333511353,1.4248015508055687
400,2,layer_0.mlp_down,0.01850174367427826,0.0005682135780382443,-0.0075707328505814075,-0.010647478513419628,-0.0001824881008360535,0.03473547212779522,0.6584345668554306,0.8636938333511353,1.4248015508055687
400,2,layer_1.attn_o,0.005505021661520004,0.00022809974598542838,-0.014448536559939384,-0.010647478513419628,0.02078149524750188,0.06600500335916877,0.6584345668554306,0.8636938333511353,1.4248015508055687
400,2,layer_1.mlp_down,0.023695722222328186,0.0012588313638965706,-0.0047063869424164295,-0.010647478513419628,0.0012152555835200473,0.029559642937965692,0.6584345668554306,0.8636938333511353,1.4248015508055687
400,2,layer_2.attn_o,0.005382111296057701,0.00023649136065028177,0.011807512491941452,-0.010647478513419628,-0.001759009249508381,0.044696279475465416,0.6584345668554306,0.8636938333511353,1.4248015508055687
400,2,layer_2.mlp_down,0.025540463626384735,0.0013845012832984286,-0.004876322112977505,-0.010647478513419628,0.009091784758493305,0.04487744742073119,0.6584345668554306,0.8636938333511353,1.4248015508055687
400,2,layer_3.attn_o,0.005401569418609142,0.0002399814408966651,0.0006901909364387393,-0.010647478513419628,0.003588829073123634,0.04620256097987294,0.6584345668554306,0.8636938333511353,1.4248015508055687
400,2,layer_3.mlp_down,0.023122623562812805,0.0010534608046887765,-0.027193667367100716,-0.010647478513419628,0.009939174517421634,0.035502577153965834,0.6584345668554306,0.8636938333511353,1.4248015508055687
400,2,layer_4.attn_o,0.006394866853952408,0.0003477283922231702,-0.0025701664853841066,-0.010647478513419628,-0.0003071535611525178,0.05149347633123398,0.6584345668554306,0.8636938333511353,1.4248015508055687
400,2,layer_4.mlp_down,0.019829249009490013,0.0006266910086412889,-0.026174908503890038,-0.010647478513419628,0.008456060569733382,0.0633607318624854,0.6584345668554306,0.8636938333511353,1.4248015508055687
400,2,layer_5.attn_o,0.005378007423132658,0.00021292200458607918,-0.01903953030705452,-0.010647478513419628,0.040240656584501266,0.12251658588647843,0.6584345668554306,0.8636938333511353,1.4248015508055687
400,2,layer_5.mlp_down,0.022093456238508224,0.000890668396053009,-0.0210853423923254,-0.010647478513419628,0.0015685318445321172,0.04603457842022181,0.6584345668554306,0.8636938333511353,1.4248015508055687
400,2,layer_6.attn_o,0.006384286098182201,0.0003472307668365578,-0.001706839189864695,-0.010647478513419628,-0.0012637747218832373,0.06822181399911642,0.6584345668554306,0.8636938333511353,1.4248015508055687
400,2,layer_6.mlp_down,0.023363057523965836,0.0009993251094984799,-0.017019176855683327,-0.010647478513419628,0.006186384847387672,0.08016189225018025,0.6584345668554306,0.8636938333511353,1.4248015508055687
400,2,layer_7.attn_o,0.004873320460319519,0.0001541693550518402,-0.018577855080366135,-0.010647478513419628,0.006778974024928175,0.13086141720414163,0.6584345668554306,0.8636938333511353,1.4248015508055687
400,2,layer_7.mlp_down,0.020542534068226814,0.0006716886301087142,-0.011352554894983768,-0.010647478513419628,0.015321746026165784,0.11985194981098175,0.6584345668554306,0.8636938333511353,1.4248015508055687
400,2,layer_8.attn_o,0.005214080214500427,0.00016620961899184504,-0.008616426959633827,-0.010647478513419628,0.010210273927077651,0.12835359796881676,0.6584345668554306,0.8636938333511353,1.4248015508055687
400,2,layer_8.mlp_down,0.020816538482904434,0.0006748118323287479,0.0054847863502800465,-0.010647478513419628,0.009214640548452734,0.12966582030057908,0.6584345668554306,0.8636938333511353,1.4248015508055687
400,2,layer_9.attn_o,0.005056112539023161,0.0001685317700132599,0.0025897270534187555,-0.010647478513419628,0.010775220720097423,0.1699487879872322,0.6584345668554306,0.8636938333511353,1.4248015508055687
400,2,layer_9.mlp_down,0.025271661579608917,0.0012800339548176252,0.0013967285631224513,-0.010647478513419628,0.013374176807701588,0.16559794247150422,0.6584345668554306,0.8636938333511353,1.4248015508055687
400,2,layer_10.attn_o,0.006261559668928385,0.00034056223846789933,-0.004449060186743736,-0.010647478513419628,0.010152129127527587,0.18396636694669724,0.6584345668554306,0.8636938333511353,1.4248015508055687
400,2,layer_10.mlp_down,0.01992138661444187,0.00059479484492302,-0.07489459216594696,-0.010647478513419628,0.008111242344602943,0.25445440858602525,0.6584345668554306,0.8636938333511353,1.4248015508055687
400,2,layer_11.attn_o,0.005591288674622774,0.0002328995082634982,-0.02906891517341137,-0.010647478513419628,0.009030300762970001,0.39105239510536194,0.6584345668554306,0.8636938333511353,1.4248015508055687
400,2,layer_11.mlp_down,0.026971740648150444,0.0015035917305662226,-0.033253517001867294,-0.010647478513419628,0.0004201825242489576,0.21843957006931305,0.6584345668554306,0.8636938333511353,1.4248015508055687
400,2,layer_12.attn_o,0.005388638470321894,0.00019416284316407692,0.00339516275562346,-0.010647478513419628,-0.0015506458352319897,0.19226192235946654,0.6584345668554306,0.8636938333511353,1.4248015508055687
400,2,layer_12.mlp_down,0.022782642394304276,0.0008463920875272937,-0.013914544135332108,-0.010647478513419628,-2.1865882445126774e-06,0.15454434975981712,0.6584345668554306,0.8636938333511353,1.4248015508055687
400,2,layer_13.attn_o,0.006299368105828762,0.0003270853773230518,-0.0015812157653272152,-0.010647478513419628,-0.004365744348615408,0.11388463787734508,0.6584345668554306,0.8636938333511353,1.4248015508055687
400,2,layer_13.mlp_down,0.024785783141851425,0.0011782058850482247,-0.023758184164762497,-0.010647478513419628,0.0015529090305790305,0.12598795890808107,0.6584345668554306,0.8636938333511353,1.4248015508055687
400,2,layer_14.attn_o,0.0054232096299529076,0.00018942676184596254,-0.007092955522239208,-0.010647478513419628,-0.004234804672887549,0.13975536450743675,0.6584345668554306,0.8636938333511353,1.4248015508055687
400,2,layer_14.mlp_down,0.02489178068935871,0.0011145473179954774,-0.021500496193766594,-0.010647478513419628,-0.00367876990349032,0.16879761815071107,0.6584345668554306,0.8636938333511353,1.4248015508055687
400,2,layer_15.attn_o,0.006216652225703001,0.0003381147003394303,-0.054432544857263565,-0.010647478513419628,-0.0020979606080800293,0.2767050787806511,0.6584345668554306,0.8636938333511353,1.4248015508055687
400,2,layer_15.mlp_down,0.02298741042613983,0.000902859992809761,-0.02543208934366703,-0.010647478513419628,-0.0015519044594839216,0.10844464860856533,0.6584345668554306,0.8636938333511353,1.4248015508055687
400,2,layer_16.attn_o,0.005731218494474888,0.0002560106761131477,-0.01363369356840849,-0.010647478513419628,-0.006377751147374511,0.12545041292905806,0.6584345668554306,0.8636938333511353,1.4248015508055687
400,2,layer_16.mlp_down,0.02034108340740204,0.0006196417464465623,-0.03265061974525452,-0.010647478513419628,0.0008964145905338228,0.09556887149810792,0.6584345668554306,0.8636938333511353,1.4248015508055687
400,2,layer_17.attn_o,0.006140566430985928,0.0003556529128112106,-0.0333406999707222,-0.010647478513419628,0.0001843016128987074,0.27254657447338104,0.6584345668554306,0.8636938333511353,1.4248015508055687
400,2,layer_17.mlp_down,0.023986320942640305,0.0009718022562857216,-0.04063122719526291,-0.010647478513419628,0.0008446583640761673,0.09246149063110351,0.6584345668554306,0.8636938333511353,1.4248015508055687
400,2,layer_18.attn_o,0.0061592822894454,0.0003197139788349469,-0.019047733396291733,-0.010647478513419628,-0.0020416541636222975,0.09342726841568946,0.6584345668554306,0.8636938333511353,1.4248015508055687
400,2,layer_18.mlp_down,0.02382247895002365,0.000945719892026745,-0.02512332610785961,-0.010647478513419628,0.0016690028016455472,0.11029641106724739,0.6584345668554306,0.8636938333511353,1.4248015508055687
400,2,layer_19.attn_o,0.007135685067623854,0.00041034289726726397,-0.021387150511145592,-0.010647478513419628,-0.00023580598644912243,0.09330142587423325,0.6584345668554306,0.8636938333511353,1.4248015508055687
400,2,layer_19.mlp_down,0.024843888357281685,0.0010290927541870862,-0.019301850348711014,-0.010647478513419628,-0.0009135754080489278,0.09200291372835637,0.6584345668554306,0.8636938333511353,1.4248015508055687
400,2,layer_20.attn_o,0.0047727664932608604,0.00015581607116620243,-0.037399034947156906,-0.010647478513419628,-0.00222607419709675,0.18522581309080124,0.6584345668554306,0.8636938333511353,1.4248015508055687
400,2,layer_20.mlp_down,0.029030296951532364,0.001564782407443497,-0.03285651281476021,-0.010647478513419628,-0.0019121746758173686,0.14206867516040803,0.6584345668554306,0.8636938333511353,1.4248015508055687
400,2,layer_21.attn_o,0.005207601003348827,0.00021035725092957027,-0.15060898661613464,-0.010647478513419628,0.004802908562123775,0.3582002818584442,0.6584345668554306,0.8636938333511353,1.4248015508055687
400,2,layer_21.mlp_down,0.02384880557656288,0.0008042964564353712,-0.03825584053993225,-0.010647478513419628,-0.002757009118795395,0.09415846578776836,0.6584345668554306,0.8636938333511353,1.4248015508055687
400,2,layer_22.attn_o,0.0048324791714549065,0.00017178485434716747,-0.0326179675757885,-0.010647478513419628,-0.004773684166138992,0.10225299671292305,0.6584345668554306,0.8636938333511353,1.4248015508055687
400,2,layer_22.mlp_down,0.02404635399580002,0.000837150081030893,-0.03709516301751137,-0.010647478513419628,-0.0003132750047370791,0.11519353538751602,0.6584345668554306,0.8636938333511353,1.4248015508055687
400,2,layer_23.attn_o,0.005306627135723829,0.00024247069800148227,-0.0730368047952652,-0.010647478513419628,0.002290035528130829,0.21707694828510285,0.6584345668554306,0.8636938333511353,1.4248015508055687
400,2,layer_23.mlp_down,0.022497989237308502,0.0006940041956025455,-0.029327359050512314,-0.010647478513419628,9.635424939915537e-05,0.12591171115636826,0.6584345668554306,0.8636938333511353,1.4248015508055687
400,2,layer_24.attn_o,0.005824911408126354,0.00030446528771657156,-0.03521077334880829,-0.010647478513419628,-0.014608808024786413,0.3421601623296738,0.6584345668554306,0.8636938333511353,1.4248015508055687
400,2,layer_24.mlp_down,0.0261253509670496,0.0011581900182238093,-0.04778788238763809,-0.010647478513419628,0.0015289928065612911,0.1743532672524452,0.6584345668554306,0.8636938333511353,1.4248015508055687
400,2,layer_25.attn_o,0.0054575055837631226,0.0002508644905678393,-0.060131072998046875,-0.010647478513419628,0.004927038075402379,0.164525792747736,0.6584345668554306,0.8636938333511353,1.4248015508055687
400,2,layer_25.mlp_down,0.028075525537133217,0.0015245032390030454,0.11196707934141159,-0.010647478513419628,-0.0030024046078324317,0.12463436350226402,0.6584345668554306,0.8636938333511353,1.4248015508055687
420,2,layer_0.attn_o,0.0030423630960285664,0.0001492462027167105,-0.14079686999320984,-0.09234853088855743,0.04643100257962942,0.07420404218137264,0.6772664368152619,0.8625473380088806,1.4249615967273712
420,2,layer_0.mlp_down,0.01024636160582304,0.00031467962654852406,0.0046030087396502495,-0.09234853088855743,0.004839373484719545,0.04321354094427079,0.6772664368152619,0.8625473380088806,1.4249615967273712
420,2,layer_1.attn_o,0.002990269334986806,0.00012390136091674809,-0.3106417953968048,-0.09234853088855743,-0.021386067406274377,0.06873557772487401,0.6772664368152619,0.8625473380088806,1.4249615967273712
420,2,layer_1.mlp_down,0.012848968617618084,0.0006825987318452438,-0.008070200681686401,-0.09234853088855743,0.0006434307666495443,0.04014306899625808,0.6772664368152619,0.8625473380088806,1.4249615967273712
420,2,layer_2.attn_o,0.002989937551319599,0.00013137861735184312,-0.09154574573040009,-0.09234853088855743,-7.529091089963913e-06,0.04522583084180951,0.6772664368152619,0.8625473380088806,1.4249615967273712
420,2,layer_2.mlp_down,0.014030874706804752,0.0007605868170411916,-0.0324777290225029,-0.09234853088855743,-0.0050021864401060155,0.0615422310482245,0.6772664368152619,0.8625473380088806,1.4249615967273712
420,2,layer_3.attn_o,0.0029396445024758577,0.0001306027950352945,-0.04588376358151436,-0.09234853088855743,-0.00595444100908935,0.04682465244550258,0.6772664368152619,0.8625473380088806,1.4249615967273712
420,2,layer_3.mlp_down,0.012898780405521393,0.0005876647216157664,-0.02147739939391613,-0.09234853088855743,-0.006813124823383987,0.049736537085846064,0.6772664368152619,0.8625473380088806,1.4249615967273712
420,2,layer_4.attn_o,0.0035823301877826452,0.0001947934093170812,-0.041486628353595734,-0.09234853088855743,-0.0009845607419265434,0.05263173896819353,0.6772664368152619,0.8625473380088806,1.4249615967273712
420,2,layer_4.mlp_down,0.011218294501304626,0.000354547114795072,-0.0839170441031456,-0.09234853088855743,-0.003708445793017745,0.06943052166025154,0.6772664368152619,0.8625473380088806,1.4249615967273712
420,2,layer_5.attn_o,0.0029054805636405945,0.00011503157280944284,-0.42283040285110474,-0.09234853088855743,-0.0366866199998185,0.14445009529590608,0.6772664368152619,0.8625473380088806,1.4249615967273712
420,2,layer_5.mlp_down,0.012387746013700962,0.0004993951724811365,-0.032058410346508026,-0.09234853088855743,-0.001740526001958642,0.0491426719352603,0.6772664368152619,0.8625473380088806,1.4249615967273712
420,2,layer_6.attn_o,0.003567952197045088,0.000194055021714785,-0.01515282690525055,-0.09234853088855743,0.0010542362229898571,0.0699919808190316,0.6772664368152619,0.8625473380088806,1.4249615967273712
420,2,layer_6.mlp_down,0.013143028132617474,0.0005621759211276276,-0.04779134690761566,-0.09234853088855743,-0.0003508782247081399,0.07297792497556657,0.6772664368152619,0.8625473380088806,1.4249615967273712
420,2,layer_7.attn_o,0.0027672676369547844,8.754356917812402e-05,-0.049191419035196304,-0.09234853088855743,0.004474460620622267,0.10833768965676427,0.6772664368152619,0.8625473380088806,1.4249615967273712
420,2,layer_7.mlp_down,0.011560914106667042,0.00037801237724026306,-0.07415999472141266,-0.09234853088855743,-0.0018190989270806313,0.0970733443275094,0.6772664368152619,0.8625473380088806,1.4249615967273712
420,2,layer_8.attn_o,0.0029190785717219114,9.305167695054927e-05,-0.031028833240270615,-0.09234853088855743,0.0068941321456804875,0.11356306271627545,0.6772664368152619,0.8625473380088806,1.4249615967273712
420,2,layer_8.mlp_down,0.011642162688076496,0.00037740500141042303,-0.06413346529006958,-0.09234853088855743,0.005449885830967105,0.11595684215426445,0.6772664368152619,0.8625473380088806,1.4249615967273712
420,2,layer_9.attn_o,0.002808932913467288,9.36281505204125e-05,-0.03348660096526146,-0.09234853088855743,0.010555919632315636,0.1513681195676327,0.6772664368152619,0.8625473380088806,1.4249615967273712
420,2,layer_9.mlp_down,0.014252856373786926,0.0007219194131997653,-0.08537343889474869,-0.09234853088855743,0.005110265128314495,0.15491119399666786,0.6772664368152619,0.8625473380088806,1.4249615967273712
420,2,layer_10.attn_o,0.003552223788574338,0.0001932031471297224,-0.05376991257071495,-0.09234853088855743,0.006676417170092463,0.18136405497789382,0.6772664368152619,0.8625473380088806,1.4249615967273712
420,2,layer_10.mlp_down,0.011147398501634598,0.00033282896096659397,-0.23066270351409912,-0.09234853088855743,-0.008532312512397767,0.23387997597455978,0.6772664368152619,0.8625473380088806,1.4249615967273712
420,2,layer_11.attn_o,0.003061111317947507,0.0001275075244401267,-0.13641852140426636,-0.09234853088855743,0.0009567354223690927,0.3865280121564865,0.6772664368152619,0.8625473380088806,1.4249615967273712
420,2,layer_11.mlp_down,0.01515674963593483,0.000844940010828984,-0.09945991635322571,-0.09234853088855743,0.006185269273191807,0.21047251150012017,0.6772664368152619,0.8625473380088806,1.4249615967273712
420,2,layer_12.attn_o,0.003002420300617814,0.00010818287867856055,-0.019250506535172462,-0.09234853088855743,0.0012895046034827828,0.19069656059145929,0.6772664368152619,0.8625473380088806,1.4249615967273712
420,2,layer_12.mlp_down,0.012855174951255322,0.00047757923037353823,-0.03908619284629822,-0.09234853088855743,0.0004913349403068423,0.14843578189611434,0.6772664368152619,0.8625473380088806,1.4249615967273712
420,2,layer_13.attn_o,0.003502786159515381,0.0001818769935998714,-0.006668326444923878,-0.09234853088855743,0.002944272756576538,0.12269795462489128,0.6772664368152619,0.8625473380088806,1.4249615967273712
420,2,layer_13.mlp_down,0.013948504813015461,0.0006630487345742738,-0.03814294934272766,-0.09234853088855743,0.004105879296548665,0.11938151866197586,0.6772664368152619,0.8625473380088806,1.4249615967273712
420,2,layer_14.attn_o,0.003044563578441739,0.00010634325811249487,-0.017396630719304085,-0.09234853088855743,0.004355512710753828,0.14255931004881858,0.6772664368152619,0.8625473380088806,1.4249615967273712
420,2,layer_14.mlp_down,0.013989622704684734,0.0006263947397155729,-0.03646644204854965,-0.09234853088855743,0.0057680219877511265,0.16912419348955154,0.6772664368152619,0.8625473380088806,1.4249615967273712
420,2,layer_15.attn_o,0.0035739687737077475,0.0001943829591416378,-0.10031965374946594,-0.09234853088855743,0.021296349074691533,0.27572985738515854,0.6772664368152619,0.8625473380088806,1.4249615967273712
420,2,layer_15.mlp_down,0.012964009307324886,0.0005091778825374145,-0.053505878895521164,-0.09234853088855743,0.007122290215920657,0.12089685797691345,0.6772664368152619,0.8625473380088806,1.4249615967273712
420,2,layer_16.attn_o,0.003198928665369749,0.00014289455047797377,-0.0320613868534565,-0.09234853088855743,0.006503392953891307,0.13118147775530814,0.6772664368152619,0.8625473380088806,1.4249615967273712
420,2,layer_16.mlp_down,0.011313451454043388,0.00034463676529164136,-0.08689267188310623,-0.09234853088855743,0.00648949757887749,0.11036824807524681,0.6772664368152619,0.8625473380088806,1.4249615967273712
420,2,layer_17.attn_o,0.0033982358872890472,0.00019682101078416102,-0.07961871474981308,-0.09234853088855743,0.006622127494483721,0.289842826128006,0.6772664368152619,0.8625473380088806,1.4249615967273712
420,2,layer_17.mlp_down,0.01315777376294136,0.0005330850579611676,-0.0681569054722786,-0.09234853088855743,0.0040654719763551835,0.11143307387828827,0.6772664368152619,0.8625473380088806,1.4249615967273712
420,2,layer_18.attn_o,0.0033652978017926216,0.00017468472568171655,-0.015403097495436668,-0.09234853088855743,0.002447070804919349,0.12990881241858004,0.6772664368152619,0.8625473380088806,1.4249615967273712
420,2,layer_18.mlp_down,0.013111405074596405,0.0005205046847979903,-0.050714462995529175,-0.09234853088855743,0.001008215663023293,0.1370041139423847,0.6772664368152619,0.8625473380088806,1.4249615967273712
420,2,layer_19.attn_o,0.00392691558226943,0.00022582016282916224,-0.03189178928732872,-0.09234853088855743,1.1727958917617797e-05,0.11459453068673611,0.6772664368152619,0.8625473380088806,1.4249615967273712
420,2,layer_19.mlp_down,0.013419592753052711,0.0005558708631182282,-0.0272153802216053,-0.09234853088855743,-0.0017101700010243802,0.12183299586176873,0.6772664368152619,0.8625473380088806,1.4249615967273712
420,2,layer_20.attn_o,0.0027453613001853228,8.962755926371569e-05,-0.03787381201982498,-0.09234853088855743,0.0022478740371298044,0.2309362307190895,0.6772664368152619,0.8625473380088806,1.4249615967273712
420,2,layer_20.mlp_down,0.015674635767936707,0.000844888065244702,-0.05642890930175781,-0.09234853088855743,-0.0015473096282221377,0.16117965579032897,0.6772664368152619,0.8625473380088806,1.4249615967273712
420,2,layer_21.attn_o,0.002847598632797599,0.00011502666460225583,-0.2317468374967575,-0.09234853088855743,0.01524978787638247,0.3654735952615738,0.6772664368152619,0.8625473380088806,1.4249615967273712
420,2,layer_21.mlp_down,0.012873396277427673,0.00043415257484332847,-0.06475433707237244,-0.09234853088855743,-0.0034150102681451246,0.1109351772814989,0.6772664368152619,0.8625473380088806,1.4249615967273712
420,2,layer_22.attn_o,0.0027171382680535316,9.65887663574064e-05,-0.04910365492105484,-0.09234853088855743,0.0010649219155311584,0.1352966994047165,0.6772664368152619,0.8625473380088806,1.4249615967273712
420,2,layer_22.mlp_down,0.013058597221970558,0.00045462196235860513,-0.04856964573264122,-0.09234853088855743,-0.0031224377467879093,0.14102916195988655,0.6772664368152619,0.8625473380088806,1.4249615967273712
420,2,layer_23.attn_o,0.0029611666686832905,0.0001353017661770851,-0.0924902856349945,-0.09234853088855743,-0.003255512815667316,0.25230415165424347,0.6772664368152619,0.8625473380088806,1.4249615967273712
420,2,layer_23.mlp_down,0.012141908518970013,0.0003745460708842047,-0.043556518852710724,-0.09234853088855743,-0.0022560323486686684,0.1389346644282341,0.6772664368152619,0.8625473380088806,1.4249615967273712
420,2,layer_24.attn_o,0.0032541288528591394,0.00017009171629536223,-0.1151048094034195,-0.09234853088855743,0.004930311825592071,0.35762729197740556,0.6772664368152619,0.8625473380088806,1.4249615967273712
420,2,layer_24.mlp_down,0.014330733567476273,0.0006353101231672079,-0.10841820389032364,-0.09234853088855743,-0.011920967930927872,0.17971747666597365,0.6772664368152619,0.8625473380088806,1.4249615967273712
420,2,layer_25.attn_o,0.0030035916715860367,0.00013806571829179119,-0.23890919983386993,-0.09234853088855743,-0.02651357854483649,0.17450880855321885,0.6772664368152619,0.8625473380088806,1.4249615967273712
420,2,layer_25.mlp_down,0.015603248961269855,0.0008472558875752461,-0.24158482253551483,-0.09234853088855743,-0.015865032281726598,0.10378612745553255,0.6772664368152619,0.8625473380088806,1.4249615967273712
440,2,layer_0.attn_o,0.0014490507310256362,7.108465108315232e-05,-0.14910148084163666,-0.011594588868319988,0.024628198542632162,0.10528109548613429,0.698530775308609,0.8635648712515831,1.4239563420414925
440,2,layer_0.mlp_down,0.004925811663269997,0.00015127833998804675,-0.009567621164023876,-0.011594588868319988,-0.0013840281346347183,0.053622742369771006,0.698530775308609,0.8635648712515831,1.4239563420414925
440,2,layer_1.attn_o,0.0014707340160384774,6.093964312901125e-05,-0.24141837656497955,-0.011594588868319988,-0.01630801142891869,0.06803205236792564,0.698530775308609,0.8635648712515831,1.4239563420414925
440,2,layer_1.mlp_down,0.006190863437950611,0.00032888820674572145,0.0009610580746084452,-0.011594588868319988,0.0043514631572179495,0.044693654775619505,0.698530775308609,0.8635648712515831,1.4239563420414925
440,2,layer_2.attn_o,0.0014589627971872687,6.410720218619189e-05,-0.04865719750523567,-0.011594588868319988,0.011613216972909868,0.06883146250620484,0.698530775308609,0.8635648712515831,1.4239563420414925
440,2,layer_2.mlp_down,0.0065716346725821495,0.00035623545825027604,0.025576414540410042,-0.011594588868319988,0.007047038292512298,0.07122364761307835,0.698530775308609,0.8635648712515831,1.4239563420414925
440,2,layer_3.attn_o,0.001409996533766389,6.264345506569624e-05,-0.0022238611709326506,-0.011594588868319988,0.008829951006919145,0.06840624245814979,0.698530775308609,0.8635648712515831,1.4239563420414925
440,2,layer_3.mlp_down,0.006065587047487497,0.000276346351525536,0.017063910141587257,-0.011594588868319988,0.00926536691840738,0.05422037523239851,0.698530775308609,0.8635648712515831,1.4239563420414925
440,2,layer_4.attn_o,0.0017196715343743563,9.35091584323387e-05,-0.015915079042315483,-0.011594588868319988,0.011011412838706746,0.06567736901342869,0.698530775308609,0.8635648712515831,1.4239563420414925
440,2,layer_4.mlp_down,0.00528351403772831,0.00016698211523303932,0.039558980613946915,-0.011594588868319988,0.013053862191736699,0.08279910460114479,0.698530775308609,0.8635648712515831,1.4239563420414925
440,2,layer_5.attn_o,0.001425395836122334,5.6433185944198014e-05,-0.23727628588676453,-0.011594588868319988,-0.012688790867105126,0.14347913376986982,0.698530775308609,0.8635648712515831,1.4239563420414925
440,2,layer_5.mlp_down,0.005885178688913584,0.00023725295717275837,0.015920639038085938,-0.011594588868319988,0.008235653501469643,0.06225727219134569,0.698530775308609,0.8635648712515831,1.4239563420414925
440,2,layer_6.attn_o,0.0016994890756905079,9.243239176473164e-05,-0.0022987837437540293,-0.011594588868319988,0.013945173262618482,0.0930056668817997,0.698530775308609,0.8635648712515831,1.4239563420414925
440,2,layer_6.mlp_down,0.006253985688090324,0.00026750605383859714,0.0024982946924865246,-0.011594588868319988,0.010315633588470518,0.09659080244600773,0.698530775308609,0.8635648712515831,1.4239563420414925
440,2,layer_7.attn_o,0.0013129240833222866,4.1534855096427265e-05,-0.015622676350176334,-0.011594588868319988,0.014244986024277751,0.16319790333509446,0.698530775308609,0.8635648712515831,1.4239563420414925
440,2,layer_7.mlp_down,0.005614929366856813,0.000183593844400787,-0.02157343178987503,-0.011594588868319988,0.01008797560352832,0.14082564115524293,0.698530775308609,0.8635648712515831,1.4239563420414925
440,2,layer_8.attn_o,0.0014399964129552245,4.590287170521469e-05,-0.021020852029323578,-0.011594588868319988,0.0025253076339140533,0.17234398424625397,0.698530775308609,0.8635648712515831,1.4239563420414925
440,2,layer_8.mlp_down,0.0057167112827301025,0.00018531911588305983,-0.010545316152274609,-0.011594588868319988,-0.0036313040343429748,0.17151080071926117,0.698530775308609,0.8635648712515831,1.4239563420414925
440,2,layer_9.attn_o,0.0014133810764178634,4.711121989816631e-05,-0.01105955895036459,-0.011594588868319988,-0.012077008513733745,0.22883548960089684,0.698530775308609,0.8635648712515831,1.4239563420414925
440,2,layer_9.mlp_down,0.007036395370960236,0.00035639929501176055,-0.022073587402701378,-0.011594588868319988,0.0007967275916598738,0.2108459085226059,0.698530775308609,0.8635648712515831,1.4239563420414925
440,2,layer_10.attn_o,0.0017335097072646022,9.42844682535789e-05,-0.02818344719707966,-0.011594588868319988,-0.004396021354477852,0.2512744188308716,0.698530775308609,0.8635648712515831,1.4239563420414925
440,2,layer_10.mlp_down,0.005501340609043837,0.0001642540427723216,-0.05248377099633217,-0.011594588868319988,0.0017363272840157152,0.2954037383198738,0.698530775308609,0.8635648712515831,1.4239563420414925
440,2,layer_11.attn_o,0.0015575246652588248,6.487712915149704e-05,-0.045791804790496826,-0.011594588868319988,-0.005962035339325667,0.46408537328243255,0.698530775308609,0.8635648712515831,1.4239563420414925
440,2,layer_11.mlp_down,0.007501456420868635,0.0004181816521530985,-0.058097440749406815,-0.011594588868319988,-0.0018554248847067357,0.26486493200063704,0.698530775308609,0.8635648712515831,1.4239563420414925
440,2,layer_12.attn_o,0.0015038669807836413,5.4187169963290026e-05,-0.014583856798708439,-0.011594588868319988,-0.008670599781908095,0.26533425897359847,0.698530775308609,0.8635648712515831,1.4239563420414925
440,2,layer_12.mlp_down,0.006342224311083555,0.00023561829397123602,-0.02832845225930214,-0.011594588868319988,-0.0002589600975625217,0.19690872952342034,0.698530775308609,0.8635648712515831,1.4239563420414925
440,2,layer_13.attn_o,0.0017247141804546118,8.955322552070443e-05,-0.005676371976733208,-0.011594588868319988,-0.0010302710434189066,0.18213725164532663,0.698530775308609,0.8635648712515831,1.4239563420414925
440,2,layer_13.mlp_down,0.006858524866402149,0.00032602305645841644,-0.00694312946870923,-0.011594588868319988,0.003914086957229302,0.1551815614104271,0.698530775308609,0.8635648712515831,1.4239563420414925
440,2,layer_14.attn_o,0.00150821334682405,5.2680233832432974e-05,-0.004204587545245886,-0.011594588868319988,0.0002745437202975154,0.19549794420599936,0.698530775308609,0.8635648712515831,1.4239563420414925
440,2,layer_14.mlp_down,0.006816634442657232,0.0003052192749535593,-0.009289776906371117,-0.011594588868319988,-0.0008243586635217071,0.20505013167858124,0.698530775308609,0.8635648712515831,1.4239563420414925
440,2,layer_15.attn_o,0.0017750931438058615,9.65447221556194e-05,-0.04454173892736435,-0.011594588868319988,0.0036054401018191127,0.3446581646800041,0.698530775308609,0.8635648712515831,1.4239563420414925
440,2,layer_15.mlp_down,0.006346802692860365,0.000249278713045004,-0.0258985236287117,-0.011594588868319988,0.0011369873769581317,0.1544932946562767,0.698530775308609,0.8635648712515831,1.4239563420414925
440,2,layer_16.attn_o,0.0015680479118600488,7.004391936550684e-05,-0.01720276288688183,-0.011594588868319988,0.00467964606359601,0.1862821862101555,0.698530775308609,0.8635648712515831,1.4239563420414925
440,2,layer_16.mlp_down,0.005519310012459755,0.00016813234732678103,-0.043047547340393066,-0.011594588868319988,0.0008660742707434111,0.1449293613433838,0.698530775308609,0.8635648712515831,1.4239563420414925
440,2,layer_17.attn_o,0.001704714260995388,9.873463616881265e-05,-0.026146167889237404,-0.011594588868319988,0.005204418580979109,0.32446628957986834,0.698530775308609,0.8635648712515831,1.4239563420414925
440,2,layer_17.mlp_down,0.006472050212323666,0.00026221401822958834,-0.04415418952703476,-0.011594588868319988,0.00017126243910752236,0.13858935758471488,0.698530775308609,0.8635648712515831,1.4239563420414925
440,2,layer_18.attn_o,0.001661365618929267,8.623759753003222e-05,-0.00471846666187048,-0.011594588868319988,-0.000773226231103763,0.1922339502722025,0.698530775308609,0.8635648712515831,1.4239563420414925
440,2,layer_18.mlp_down,0.006436062976717949,0.00025550277828035315,-0.03885147348046303,-0.011594588868319988,-0.0017995706642977894,0.1603399008512497,0.698530775308609,0.8635648712515831,1.4239563420414925
440,2,layer_19.attn_o,0.0019341785227879882,0.00011122634339826272,-0.03485249727964401,-0.011594588868319988,-0.0002577525796368718,0.15614758804440498,0.698530775308609,0.8635648712515831,1.4239563420414925
440,2,layer_19.mlp_down,0.006603443529456854,0.0002735300051055576,-0.029659831896424294,-0.011594588868319988,-0.002672412298852578,0.1399960435926914,0.698530775308609,0.8635648712515831,1.4239563420414925
440,2,layer_20.attn_o,0.0013345336774364114,4.3568396191685653e-05,-0.06443354487419128,-0.011594588868319988,-0.009099664096720517,0.27069535106420517,0.698530775308609,0.8635648712515831,1.4239563420414925
440,2,layer_20.mlp_down,0.007672566920518875,0.00041356343574264903,-0.03803122043609619,-0.011594588868319988,-0.004334437323268503,0.1824849970638752,0.698530775308609,0.8635648712515831,1.4239563420414925
440,2,layer_21.attn_o,0.0014315650332719088,5.782702275591004e-05,-0.14271818101406097,-0.011594588868319988,0.009450890345033259,0.4264938473701477,0.698530775308609,0.8635648712515831,1.4239563420414925
440,2,layer_21.mlp_down,0.0062902215868234634,0.00021213639659667014,-0.03962201625108719,-0.011594588868319988,-0.005111660130205564,0.12832873985171317,0.698530775308609,0.8635648712515831,1.4239563420414925
440,2,layer_22.attn_o,0.0013485609088093042,4.793861102733815e-05,-0.03435217961668968,-0.011594588868319988,-0.0026212566532194614,0.1736331947147846,0.698530775308609,0.8635648712515831,1.4239563420414925
440,2,layer_22.mlp_down,0.0063598742708563805,0.00022141262803590287,-0.04618958756327629,-0.011594588868319988,-0.0022559432545676827,0.16245689168572425,0.698530775308609,0.8635648712515831,1.4239563420414925
440,2,layer_23.attn_o,0.0014412464806810021,6.58535074670474e-05,-0.08812234550714493,-0.011594588868319988,-0.006829597963951528,0.2808366507291794,0.698530775308609,0.8635648712515831,1.4239563420414925
440,2,layer_23.mlp_down,0.005941610783338547,0.00018328310646341785,-0.022100305184721947,-0.011594588868319988,-0.0009747357282321901,0.17028772830963135,0.698530775308609,0.8635648712515831,1.4239563420414925
440,2,layer_24.attn_o,0.0016427281079813838,8.58645910863941e-05,-0.0388796441257,-0.011594588868319988,0.0013111160951666534,0.42368294596672057,0.698530775308609,0.8635648712515831,1.4239563420414925
440,2,layer_24.mlp_down,0.006954273208975792,0.00030829673025634916,-0.03945302963256836,-0.011594588868319988,0.0020798818339244464,0.21148085743188857,0.698530775308609,0.8635648712515831,1.4239563420414925
440,2,layer_25.attn_o,0.0014869237784296274,6.834923716699024e-05,-0.06794281303882599,-0.011594588868319988,0.01355026513338089,0.22924164235591887,0.698530775308609,0.8635648712515831,1.4239563420414925
440,2,layer_25.mlp_down,0.007580860983580351,0.0004116401097124876,0.08860756456851959,-0.011594588868319988,-0.014099744940176606,0.14915616661310196,0.698530775308609,0.8635648712515831,1.4239563420414925
460,2,layer_0.attn_o,0.0005712243146263063,2.8021987240352475e-05,-0.11424371600151062,-0.014167088083922863,-0.024363352078944446,0.06534597626887262,0.6769629538059234,0.8631728515028954,1.4253222793340683
460,2,layer_0.mlp_down,0.0019222479313611984,5.9034834455837725e-05,-0.01096726581454277,-0.014167088083922863,-0.0015377269592136145,0.04303393457084894,0.6769629538059234,0.8631728515028954,1.4253222793340683
460,2,layer_1.attn_o,0.0005754813901148736,2.3844984992901808e-05,-0.28095003962516785,-0.014167088083922863,0.004271326214075088,0.07554208487272263,0.6769629538059234,0.8631728515028954,1.4253222793340683
460,2,layer_1.mlp_down,0.0025160193908959627,0.00013366294218174543,0.006928614340722561,-0.014167088083922863,0.001525532075902447,0.03530877204611897,0.6769629538059234,0.8631728515028954,1.4253222793340683
460,2,layer_2.attn_o,0.0005629229708574712,2.473498075316558e-05,-0.06947369128465652,-0.014167088083922863,0.004356419248506427,0.0498793703969568,0.6769629538059234,0.8631728515028954,1.4253222793340683
460,2,layer_2.mlp_down,0.0026347602251917124,0.00014282519692044508,0.027549853548407555,-0.014167088083922863,-0.0009431779617443681,0.048292300291359426,0.6769629538059234,0.8631728515028954,1.4253222793340683
460,2,layer_3.attn_o,0.000552264042198658,2.4536037418091483e-05,-0.019636863842606544,-0.014167088083922863,0.0011277902871370316,0.05632635354995728,0.6769629538059234,0.8631728515028954,1.4253222793340683
460,2,layer_3.mlp_down,0.002416054019704461,0.00011007470640628202,0.02377357892692089,-0.014167088083922863,-0.006002137879841029,0.04934293888509274,0.6769629538059234,0.8631728515028954,1.4253222793340683
460,2,layer_4.attn_o,0.0006715935887768865,3.6518689784516606e-05,-0.03767338767647743,-0.014167088083922863,0.001986118813510984,0.05506065324880183,0.6769629538059234,0.8631728515028954,1.4253222793340683
460,2,layer_4.mlp_down,0.002094843192026019,6.620619246739744e-05,-0.006435795687139034,-0.014167088083922863,-0.009002644813153892,0.07629843223839998,0.6769629538059234,0.8631728515028954,1.4253222793340683
460,2,layer_5.attn_o,0.0005460538668558002,2.1618948661764563e-05,-0.25308114290237427,-0.014167088083922863,-0.028328932728618382,0.14783178735524416,0.6769629538059234,0.8631728515028954,1.4253222793340683
460,2,layer_5.mlp_down,0.0023136965464800596,9.327352263523648e-05,-0.013677580282092094,-0.014167088083922863,-0.0058178309816867115,0.06243964694440365,0.6769629538059234,0.8631728515028954,1.4253222793340683
460,2,layer_6.attn_o,0.0006618867046199739,3.599891994624509e-05,0.0023462334647774696,-0.014167088083922863,-0.004929739236831665,0.09217411950230599,0.6769629538059234,0.8631728515028954,1.4253222793340683
460,2,layer_6.mlp_down,0.0024592597037553787,0.00010519161563939565,-0.024936901405453682,-0.014167088083922863,-0.004302631272003055,0.0897088598459959,0.6769629538059234,0.8631728515028954,1.4253222793340683
460,2,layer_7.attn_o,0.0005218375590629876,1.650853059585016e-05,-0.033776458352804184,-0.014167088083922863,-0.002657687396276742,0.13503207825124264,0.6769629538059234,0.8631728515028954,1.4253222793340683
460,2,layer_7.mlp_down,0.002146939979866147,7.019945200522159e-05,-0.036919064819812775,-0.014167088083922863,-0.004377949924673885,0.12104798927903175,0.6769629538059234,0.8631728515028954,1.4253222793340683
460,2,layer_8.attn_o,0.000554607599042356,1.76792662041868e-05,-0.007513954769819975,-0.014167088083922863,0.001300974003970623,0.13525007851421833,0.6769629538059234,0.8631728515028954,1.4253222793340683
460,2,layer_8.mlp_down,0.0021685119718313217,7.029683703209403e-05,-0.012339933775365353,-0.014167088083922863,-0.011150015110615641,0.14013869278132915,0.6769629538059234,0.8631728515028954,1.4253222793340683
460,2,layer_9.attn_o,0.0005371251027099788,1.7903606641407807e-05,-0.009296400472521782,-0.014167088083922863,-0.013259375432971865,0.18120846301317214,0.6769629538059234,0.8631728515028954,1.4253222793340683
460,2,layer_9.mlp_down,0.0026683355681598186,0.0001351534223434613,-0.023813053965568542,-0.014167088083922863,-0.00702059471514076,0.17653618082404138,0.6769629538059234,0.8631728515028954,1.4253222793340683
460,2,layer_10.attn_o,0.0006571639096364379,3.5742718668293513e-05,-0.010416299104690552,-0.014167088083922863,-0.003481313367956318,0.20084295123815538,0.6769629538059234,0.8631728515028954,1.4253222793340683
460,2,layer_10.mlp_down,0.002079231198877096,6.207980807630712e-05,-0.14882326126098633,-0.014167088083922863,-0.015490133129060269,0.25276651680469514,0.6769629538059234,0.8631728515028954,1.4253222793340683
460,2,layer_11.attn_o,0.0005877811345271766,2.448343414914471e-05,-0.018515508621931076,-0.014167088083922863,0.00043217940255999563,0.4102752387523651,0.6769629538059234,0.8631728515028954,1.4253222793340683
460,2,layer_11.mlp_down,0.002810497535392642,0.00015667604219536506,-0.06442181020975113,-0.014167088083922863,7.997802458703519e-06,0.22949318662285806,0.6769629538059234,0.8631728515028954,1.4253222793340683
460,2,layer_12.attn_o,0.0005718667525798082,2.0605440051785376e-05,-0.007033541798591614,-0.014167088083922863,-0.0015311427414417267,0.219190763682127,0.6769629538059234,0.8631728515028954,1.4253222793340683
460,2,layer_12.mlp_down,0.002387190004810691,8.868585670799289e-05,-0.024841437116265297,-0.014167088083922863,-0.0018709374591708184,0.16563752964138984,0.6769629538059234,0.8631728515028954,1.4253222793340683
460,2,layer_13.attn_o,0.0006575840525329113,3.414407652158125e-05,-0.007076045498251915,-0.014167088083922863,-0.004425352599355392,0.1456029437482357,0.6769629538059234,0.8631728515028954,1.4253222793340683
460,2,layer_13.mlp_down,0.0025959741324186325,0.00012340078382577741,-0.017558585852384567,-0.014167088083922863,-0.0005226910638157278,0.13275739178061485,0.6769629538059234,0.8631728515028954,1.4253222793340683
460,2,layer_14.attn_o,0.0005630918894894421,1.9668180546151162e-05,-0.008065481670200825,-0.014167088083922863,0.0006208166829310358,0.16657921485602856,0.6769629538059234,0.8631728515028954,1.4253222793340683
460,2,layer_14.mlp_down,0.002572349039837718,0.0001151786044006153,-0.01075270026922226,-0.014167088083922863,1.3758550630882383e-05,0.17632424607872962,0.6769629538059234,0.8631728515028954,1.4253222793340683
460,2,layer_15.attn_o,0.0006635307217948139,3.6088466343828135e-05,-0.04015333577990532,-0.014167088083922863,0.003565974236698821,0.3022519052028656,0.6769629538059234,0.8631728515028954,1.4253222793340683
460,2,layer_15.mlp_down,0.0023937623482197523,9.401803348435062e-05,-0.03485066816210747,-0.014167088083922863,0.002239172626286745,0.12444807291030884,0.6769629538059234,0.8631728515028954,1.4253222793340683
460,2,layer_16.attn_o,0.000604430737439543,2.699961774632827e-05,-0.029057331383228302,-0.014167088083922863,0.0039503233507275585,0.14956321939826012,0.6769629538059234,0.8631728515028954,1.4253222793340683
460,2,layer_16.mlp_down,0.0021248995326459408,6.472989294872428e-05,-0.06099848449230194,-0.014167088083922863,0.0012258547772944438,0.11194066554307938,0.6769629538059234,0.8631728515028954,1.4253222793340683
460,2,layer_17.attn_o,0.0006372975767590106,3.691137325021598e-05,-0.05361444130539894,-0.014167088083922863,0.0007513673277571798,0.2699085846543312,0.6769629538059234,0.8631728515028954,1.4253222793340683
460,2,layer_17.mlp_down,0.0024822659324854612,0.00010056858385184577,-0.051067229360342026,-0.014167088083922863,0.0015656675503123551,0.11165117770433426,0.6769629538059234,0.8631728515028954,1.4253222793340683
460,2,layer_18.attn_o,0.0006455848924815655,3.351079948625366e-05,-0.00938972644507885,-0.014167088083922863,-0.0013508473406545819,0.12911254204809666,0.6769629538059234,0.8631728515028954,1.4253222793340683
460,2,layer_18.mlp_down,0.002453532302752137,9.740183124706486e-05,-0.03629211336374283,-0.014167088083922863,0.0004958583973348141,0.13546481728553772,0.6769629538059234,0.8631728515028954,1.4253222793340683
460,2,layer_19.attn_o,0.0006897549610584974,3.966486095025117e-05,-0.01924646832048893,-0.014167088083922863,-0.0007861638310714625,0.10666269734501839,0.6769629538059234,0.8631728515028954,1.4253222793340683
460,2,layer_19.mlp_down,0.002512113656848669,0.00010405758814014644,-0.022145070135593414,-0.014167088083922863,-0.0022516360564623027,0.10431921929121017,0.6769629538059234,0.8631728515028954,1.4253222793340683
460,2,layer_20.attn_o,0.0004953581374138594,1.61719118044053e-05,-0.04360591620206833,-0.014167088083922863,-0.0006881706591229886,0.22584371268749237,0.6769629538059234,0.8631728515028954,1.4253222793340683
460,2,layer_20.mlp_down,0.0029160308185964823,0.00015717865175539643,-0.041827838867902756,-0.014167088083922863,-0.0024033235793467613,0.1615174353122711,0.6769629538059234,0.8631728515028954,1.4253222793340683
460,2,layer_21.attn_o,0.0005465156864374876,2.2076101540320108e-05,-0.18954390287399292,-0.014167088083922863,0.009989759919699281,0.3872866690158844,0.6769629538059234,0.8631728515028954,1.4253222793340683
460,2,layer_21.mlp_down,0.0023517508525401354,7.931229648648382e-05,-0.03845727816224098,-0.014167088083922863,0.0005802088388008996,0.11547603830695152,0.6769629538059234,0.8631728515028954,1.4253222793340683
460,2,layer_22.attn_o,0.0005062385462224483,1.79957557688889e-05,-0.039383694529533386,-0.014167088083922863,0.0005801029827125603,0.14066848158836365,0.6769629538059234,0.8631728515028954,1.4253222793340683
460,2,layer_22.mlp_down,0.002363814041018486,8.229380907864956e-05,-0.03450850024819374,-0.014167088083922863,0.0029862450726795943,0.13681613206863402,0.6769629538059234,0.8631728515028954,1.4253222793340683
460,2,layer_23.attn_o,0.0005395492189563811,2.465311034278801e-05,-0.06643297523260117,-0.014167088083922863,0.010362260825058912,0.2548543483018875,0.6769629538059234,0.8631728515028954,1.4253222793340683
460,2,layer_23.mlp_down,0.0022049129474908113,6.801578043966942e-05,-0.018733426928520203,-0.014167088083922863,0.001625543605769053,0.14566635414958,0.6769629538059234,0.8631728515028954,1.4253222793340683
460,2,layer_24.attn_o,0.0006131569971330464,3.204941497913846e-05,-0.058636512607336044,-0.014167088083922863,0.027991811046376824,0.3626725643873215,0.6769629538059234,0.8631728515028954,1.4253222793340683
460,2,layer_24.mlp_down,0.0025984409730881453,0.00011519403451043175,-0.03754309192299843,-0.014167088083922863,0.00580668724142015,0.19345448911190033,0.6769629538059234,0.8631728515028954,1.4253222793340683
460,2,layer_25.attn_o,0.0005665323697030544,2.6041721748848665e-05,-0.08146696537733078,-0.014167088083922863,-0.0010578661371255294,0.19715466499328613,0.6769629538059234,0.8631728515028954,1.4253222793340683
460,2,layer_25.mlp_down,0.0028248466551303864,0.00015338893425923762,0.14752890169620514,-0.014167088083922863,0.0038533833343535663,0.1281919427216053,0.6769629538059234,0.8631728515028954,1.4253222793340683
480,2,layer_0.attn_o,0.00013177153596188873,6.4641861433740245e-06,-0.06724156439304352,-0.014320158399641514,0.029831722658127547,0.08154753474518657,0.6496371805667878,0.8630092218518257,1.4245764911174774
480,2,layer_0.mlp_down,0.000428590428782627,1.3162591879925704e-05,0.0012773097259923816,-0.014320158399641514,0.004673854168504477,0.06113626887090504,0.6496371805667878,0.8630092218518257,1.4245764911174774
480,2,layer_1.attn_o,0.00012976420111954212,5.376760189749535e-06,-0.1899632215499878,-0.014320158399641514,-0.017054223641753196,0.06917656497098505,0.6496371805667878,0.8630092218518257,1.4245764911174774
480,2,layer_1.mlp_down,0.0005299028707668185,2.8150966178374313e-05,-0.0027583271730691195,-0.014320158399641514,0.0007956179033499211,0.05598167711868882,0.6496371805667878,0.8630092218518257,1.4245764911174774
480,2,layer_2.attn_o,0.0001280621945625171,5.627085909972624e-06,-0.06204449385404587,-0.014320158399641514,0.009209965821355581,0.07871338679688052,0.6496371805667878,0.8630092218518257,1.4245764911174774
480,2,layer_2.mlp_down,0.0005528609617613256,2.9969514167711754e-05,0.006461095064878464,-0.014320158399641514,-0.0004868139745667577,0.0808465788140893,0.6496371805667878,0.8630092218518257,1.4245764911174774
480,2,layer_3.attn_o,0.00012397728278301656,5.508074067699632e-06,-0.01957998052239418,-0.014320158399641514,0.00566513683879748,0.08372923047281802,0.6496371805667878,0.8630092218518257,1.4245764911174774
480,2,layer_3.mlp_down,0.0005338379414752126,2.432149869049945e-05,-0.0007599046803079545,-0.014320158399641514,-0.0017220078181708232,0.05784982433542609,0.6496371805667878,0.8630092218518257,1.4245764911174774
480,2,layer_4.attn_o,0.00015460766735486686,8.406973408907612e-06,-0.03390904888510704,-0.014320158399641514,0.008320517966058105,0.07410258064046502,0.6496371805667878,0.8630092218518257,1.4245764911174774
480,2,layer_4.mlp_down,0.00046990468399599195,1.4851039957736276e-05,-0.029449084773659706,-0.014320158399641514,0.003015596728073433,0.08482251856476068,0.6496371805667878,0.8630092218518257,1.4245764911174774
480,2,layer_5.attn_o,0.00012545788194984198,4.9670328766366896e-06,-0.2122129648923874,-0.014320158399641514,0.023315836582332848,0.11283010169863701,0.6496371805667878,0.8630092218518257,1.4245764911174774
480,2,layer_5.mlp_down,0.000528439471963793,2.130331703375435e-05,0.009935331530869007,-0.014320158399641514,-0.0012459710007533431,0.0693836933001876,0.6496371805667878,0.8630092218518257,1.4245764911174774
480,2,layer_6.attn_o,0.00015636536409147084,8.50445277870665e-06,-0.0010828382801264524,-0.014320158399641514,-0.0020360267721116544,0.0897414118051529,0.6496371805667878,0.8630092218518257,1.4245764911174774
480,2,layer_6.mlp_down,0.000562627799808979,2.4065669845130668e-05,-0.0009023125167004764,-0.014320158399641514,-0.0022894619265571236,0.09780806489288807,0.6496371805667878,0.8630092218518257,1.4245764911174774
480,2,layer_7.attn_o,0.0001203501524287276,3.807323062664154e-06,0.007167414296418428,-0.014320158399641514,-0.002456895698560402,0.15087611526250838,0.6496371805667878,0.8630092218518257,1.4245764911174774
480,2,layer_7.mlp_down,0.0004999848315492272,1.6348226552596517e-05,-0.006955110467970371,-0.014320158399641514,-0.00226113423705101,0.13453003503382205,0.6496371805667878,0.8630092218518257,1.4245764911174774
480,2,layer_8.attn_o,0.00012913958926219493,4.1165919471855724e-06,0.000753707077819854,-0.014320158399641514,-0.007184422435238957,0.14691701494157314,0.6496371805667878,0.8630092218518257,1.4245764911174774
480,2,layer_8.mlp_down,0.0005061810952611268,1.6408915617951737e-05,-0.011582329869270325,-0.014320158399641514,-0.00023643079621251672,0.1466818168759346,0.6496371805667878,0.8630092218518257,1.4245764911174774
480,2,layer_9.attn_o,0.0001227343309437856,4.091015615407543e-06,-0.003251757239922881,-0.014320158399641514,-0.0065243341727182266,0.19121023416519164,0.6496371805667878,0.8630092218518257,1.4245764911174774
480,2,layer_9.mlp_down,0.0006213766755536199,3.1473246943745836e-05,-0.009602508507668972,-0.014320158399641514,0.00428163951728493,0.17927810922265053,0.6496371805667878,0.8630092218518257,1.4245764911174774
480,2,layer_10.attn_o,0.00015423470176756382,8.388725359577351e-06,-0.007621363271027803,-0.014320158399641514,0.0031688293907791375,0.19411617144942284,0.6496371805667878,0.8630092218518257,1.4245764911174774
480,2,layer_10.mlp_down,0.00048312556464225054,1.4424726959631043e-05,-0.06962554901838303,-0.014320158399641514,0.002442770078778267,0.2554344110190868,0.6496371805667878,0.8630092218518257,1.4245764911174774
480,2,layer_11.attn_o,0.00013823548215441406,5.758060484750691e-06,-0.05568799003958702,-0.014320158399641514,0.0033938800916075706,0.3847479999065399,0.6496371805667878,0.8630092218518257,1.4245764911174774
480,2,layer_11.mlp_down,0.0006608718540519476,3.684144361888102e-05,-0.038741618394851685,-0.014320158399641514,-0.003544769011205062,0.22693604826927186,0.6496371805667878,0.8630092218518257,1.4245764911174774
480,2,layer_12.attn_o,0.00013161277456674725,4.742257045282209e-06,-0.016892747953534126,-0.014320158399641514,-0.004477557935751974,0.20962540581822395,0.6496371805667878,0.8630092218518257,1.4245764911174774
480,2,layer_12.mlp_down,0.0005621937452815473,2.088590930579196e-05,-0.019242411479353905,-0.014320158399641514,-0.0008412539100390859,0.16107444129884244,0.6496371805667878,0.8630092218518257,1.4245764911174774
480,2,layer_13.attn_o,0.00015312415780499578,7.95074476222154e-06,-0.008168905042111874,-0.014320158399641514,-0.0037164945490076205,0.1442109912633896,0.6496371805667878,0.8630092218518257,1.4245764911174774
480,2,layer_13.mlp_down,0.0006141524645499885,2.919401028214098e-05,-0.02014918066561222,-0.014320158399641514,-0.0019266785122454167,0.12922708690166473,0.6496371805667878,0.8630092218518257,1.4245764911174774
480,2,layer_14.attn_o,0.00013460636546369642,4.701652337776794e-06,-0.009987919591367245,-0.014320158399641514,0.0004494442197028548,0.1640038326382637,0.6496371805667878,0.8630092218518257,1.4245764911174774
480,2,layer_14.mlp_down,0.0006118439487181604,2.739571148119354e-05,-0.016932835802435875,-0.014320158399641514,-0.0008036372804781422,0.1659006230533123,0.6496371805667878,0.8630092218518257,1.4245764911174774
480,2,layer_15.attn_o,0.00015779526438564062,8.582253844393376e-06,-0.030818307772278786,-0.014320158399641514,0.007619913993403315,0.27990773022174836,0.6496371805667878,0.8630092218518257,1.4245764911174774
480,2,layer_15.mlp_down,0.0005671947728842497,2.227728963522178e-05,-0.023112963885068893,-0.014320158399641514,-0.0005595480441115796,0.1264790315181017,0.6496371805667878,0.8630092218518257,1.4245764911174774
480,2,layer_16.attn_o,0.00014545243175234646,6.497287140331875e-06,-0.02155396342277527,-0.014320158399641514,0.006256809399928898,0.1454985324293375,0.6496371805667878,0.8630092218518257,1.4245764911174774
480,2,layer_16.mlp_down,0.0005017939838580787,1.528593251512538e-05,-0.01895313337445259,-0.014320158399641514,0.00477007057343144,0.11434351019561291,0.6496371805667878,0.8630092218518257,1.4245764911174774
480,2,layer_17.attn_o,0.00015067431377246976,8.72684290305856e-06,-0.012532705441117287,-0.014320158399641514,0.004354071419220418,0.2848807729780674,0.6496371805667878,0.8630092218518257,1.4245764911174774
480,2,layer_17.mlp_down,0.000582978711463511,2.3619283760203037e-05,-0.004221014212816954,-0.014320158399641514,0.005540209988248534,0.10607388969510793,0.6496371805667878,0.8630092218518257,1.4245764911174774
480,2,layer_18.attn_o,0.00015347324369940907,7.966436569397721e-06,-0.0025803707540035248,-0.014320158399641514,0.0033101060485932975,0.12964251078665257,0.6496371805667878,0.8630092218518257,1.4245764911174774
480,2,layer_18.mlp_down,0.0005789247807115316,2.2982511268491395e-05,-0.0005253618001006544,-0.014320158399641514,0.003590210637776181,0.12117774542421103,0.6496371805667878,0.8630092218518257,1.4245764911174774
480,2,layer_19.attn_o,0.0001697564439382404,9.761967835485222e-06,-0.006990947760641575,-0.014320158399641514,0.003308258799370378,0.10186670441180468,0.6496371805667878,0.8630092218518257,1.4245764911174774
480,2,layer_19.mlp_down,0.0005933254142291844,2.457691809390195e-05,-0.0011291197733953595,-0.014320158399641514,0.003157643022132106,0.0964056197553873,0.6496371805667878,0.8630092218518257,1.4245764911174774
480,2,layer_20.attn_o,0.00011921269469894469,3.891925940092347e-06,0.001625681295990944,-0.014320158399641514,0.00756664052605629,0.21687306463718414,0.6496371805667878,0.8630092218518257,1.4245764911174774
480,2,layer_20.mlp_down,0.0006826333701610565,3.679501330400883e-05,-0.01782076619565487,-0.014320158399641514,0.005679490731563419,0.14580735862255095,0.6496371805667878,0.8630092218518257,1.4245764911174774
480,2,layer_21.attn_o,0.00013047423271927983,5.270411227685125e-06,-0.03855018690228462,-0.014320158399641514,0.001566854165866971,0.36683865785598757,0.6496371805667878,0.8630092218518257,1.4245764911174774
480,2,layer_21.mlp_down,0.0005554241361096501,1.873156066311064e-05,-0.018464453518390656,-0.014320158399641514,0.00536679761717096,0.1036393478512764,0.6496371805667878,0.8630092218518257,1.4245764911174774
480,2,layer_22.attn_o,0.00012208399130031466,4.339838811417237e-06,-0.002856628969311714,-0.014320158399641514,0.008399283926701173,0.14094218239188194,0.6496371805667878,0.8630092218518257,1.4245764911174774
480,2,layer_22.mlp_down,0.0005618995055556297,1.9561966309185214e-05,-0.010594931431114674,-0.014320158399641514,0.005982785217929632,0.1308460831642151,0.6496371805667878,0.8630092218518257,1.4245764911174774
480,2,layer_23.attn_o,0.00013826102076563984,6.31742958989879e-06,0.00476843910291791,-0.014320158399641514,0.004056676273467019,0.24261027947068214,0.6496371805667878,0.8630092218518257,1.4245764911174774
480,2,layer_23.mlp_down,0.0005298698670230806,1.6345095427940415e-05,-0.0005585681647062302,-0.014320158399641514,0.004903906598337926,0.1455898940563202,0.6496371805667878,0.8630092218518257,1.4245764911174774
480,2,layer_24.attn_o,0.00015378350508399308,8.038188252647293e-06,-0.009845644235610962,-0.014320158399641514,0.012678752903593705,0.3978674501180649,0.6496371805667878,0.8630092218518257,1.4245764911174774
480,2,layer_24.mlp_down,0.0006221645744517446,2.758178777306832e-05,-0.0004615322104655206,-0.014320158399641514,0.010070674074813723,0.1873546503484249,0.6496371805667878,0.8630092218518257,1.4245764911174774
480,2,layer_25.attn_o,0.00013670368934981525,6.283841189789198e-06,0.020593533292412758,-0.014320158399641514,0.03269266751594842,0.18766668513417245,0.6496371805667878,0.8630092218518257,1.4245764911174774
480,2,layer_25.mlp_down,0.000697617419064045,3.788056680406771e-05,0.005509153939783573,-0.014320158399641514,0.0023021290078759195,0.15164753347635268,0.6496371805667878,0.8630092218518257,1.4245764911174774
500,2,layer_0.attn_o,9.981943549064454e-06,4.896743496445718e-07,0.08039294183254242,-0.06408639252185822,-0.0013513741083443164,0.10050008147936751,0.6686268299818039,0.8622688427567482,1.4248716905713081
500,2,layer_0.mlp_down,3.3902095310622826e-05,1.0411792109207264e-06,-0.009431964717805386,-0.06408639252185822,0.004599775181850419,0.03873686036095023,0.6686268299818039,0.8622688427567482,1.4248716905713081
500,2,layer_1.attn_o,1.027614689519396e-05,4.257906036750248e-07,-0.0437057726085186,-0.06408639252185822,-0.009767573140561581,0.041092428681440654,0.6686268299818039,0.8622688427567482,1.4248716905713081
500,2,layer_1.mlp_down,4.2553765524644405e-05,2.2606588492589603e-06,-0.008775666356086731,-0.06408639252185822,0.002663957912591286,0.03837624695152044,0.6686268299818039,0.8622688427567482,1.4248716905713081
500,2,layer_2.attn_o,9.958026566891931e-06,4.375582596965084e-07,-0.0653344988822937,-0.06408639252185822,0.002588831353932619,0.04587765084579587,0.6686268299818039,0.8622688427567482,1.4248716905713081
500,2,layer_2.mlp_down,4.636905578081496e-05,2.5135760530809135e-06,-0.01808852329850197,-0.06408639252185822,0.002034162497147918,0.05152351185679436,0.6686268299818039,0.8622688427567482,1.4248716905713081
500,2,layer_3.attn_o,9.902457350108307e-06,4.3994728156846647e-07,-0.008292545564472675,-0.06408639252185822,-0.00029235435649752615,0.05691260532476008,0.6686268299818039,0.8622688427567482,1.4248716905713081
500,2,layer_3.mlp_down,4.21771765104495e-05,1.9215796847131606e-06,-0.011529688723385334,-0.06408639252185822,0.0003072159248404205,0.05546481786295772,0.6686268299818039,0.8622688427567482,1.4248716905713081
500,2,layer_4.attn_o,1.1845396329590585e-05,6.441073309273047e-07,-0.002918716287240386,-0.06408639252185822,0.00375791055848822,0.06828167247585952,0.6686268299818039,0.8622688427567482,1.4248716905713081
500,2,layer_4.mlp_down,3.6754761822521687e-05,1.1616109714454456e-06,0.011809621006250381,-0.06408639252185822,0.0012238743249326945,0.07334314361214637,0.6686268299818039,0.8622688427567482,1.4248716905713081
500,2,layer_5.attn_o,9.406877325091045e-06,3.7242992001806444e-07,0.0831632986664772,-0.06408639252185822,0.0066214089281857015,0.13191013154573739,0.6686268299818039,0.8622688427567482,1.4248716905713081
500,2,layer_5.mlp_down,4.1546263673808426e-05,1.6748809912362771e-06,-0.0024315170012414455,-0.06408639252185822,-0.0008018772932700813,0.05646238829940557,0.6686268299818039,0.8622688427567482,1.4248716905713081
500,2,layer_6.attn_o,1.2026643162244e-05,6.541091721554614e-07,-0.008348911069333553,-0.06408639252185822,-0.00295313656097278,0.07842367868870496,0.6686268299818039,0.8622688427567482,1.4248716905713081
500,2,layer_6.mlp_down,4.379513848107308e-05,1.8732798910134157e-06,-0.013365576043725014,-0.06408639252185822,0.0015324339794460684,0.07816455811262131,0.6686268299818039,0.8622688427567482,1.4248716905713081
500,2,layer_7.attn_o,9.168976248474792e-06,2.9006406745111093e-07,-0.0051381345838308334,-0.06408639252185822,0.003108421147771878,0.13169773556292058,0.6686268299818039,0.8622688427567482,1.4248716905713081
500,2,layer_7.mlp_down,3.890781954396516e-05,1.2721862913348378e-06,-0.0006565004587173462,-0.06408639252185822,-0.001731277769431472,0.11499286107718945,0.6686268299818039,0.8622688427567482,1.4248716905713081
500,2,layer_8.attn_o,1.0069192285300232e-05,3.209763645149254e-07,-0.006008641794323921,-0.06408639252185822,0.008748293487587943,0.13738269843161105,0.6686268299818039,0.8622688427567482,1.4248716905713081
500,2,layer_8.mlp_down,3.8782698538852856e-05,1.2572220371687377e-06,-0.012051745317876339,-0.06408639252185822,0.004888917121570557,0.13632189854979515,0.6686268299818039,0.8622688427567482,1.4248716905713081
500,2,layer_9.attn_o,9.265175322070718e-06,3.088294581525081e-07,-0.006190808489918709,-0.06408639252185822,0.007869773788843303,0.18116401582956315,0.6686268299818039,0.8622688427567482,1.4248716905713081
500,2,layer_9.mlp_down,4.788821388501674e-05,2.4255779796613735e-06,-0.02086522802710533,-0.06408639252185822,0.005584757949691266,0.17437254264950752,0.6686268299818039,0.8622688427567482,1.4248716905713081
500,2,layer_10.attn_o,1.1539444130903576e-05,6.276228793324289e-07,-0.015666648745536804,-0.06408639252185822,0.008462065178900958,0.2066696099936962,0.6686268299818039,0.8622688427567482,1.4248716905713081
500,2,layer_10.mlp_down,3.7466914363903925e-05,1.1186533052114312e-06,-0.11414732038974762,-0.06408639252185822,0.024797418946400286,0.2663053870201111,0.6686268299818039,0.8622688427567482,1.4248716905713081
500,2,layer_11.attn_o,1.0665744412108324e-05,4.442708954507769e-07,-0.1064176857471466,-0.06408639252185822,0.038298368873074654,0.42191528975963594,0.6686268299818039,0.8622688427567482,1.4248716905713081
500,2,layer_11.mlp_down,5.079605762148276e-05,2.831714017550198e-06,-0.08110687881708145,-0.06408639252185822,0.014471915592002916,0.23139797151088715,0.6686268299818039,0.8622688427567482,1.4248716905713081
500,2,layer_12.attn_o,1.0437736818857957e-05,3.7609138724545006e-07,-0.009721157141029835,-0.06408639252185822,0.01742700762115419,0.22037811279296876,0.6686268299818039,0.8622688427567482,1.4248716905713081
500,2,layer_12.mlp_down,4.297044506529346e-05,1.5963834994531597e-06,-0.04868096485733986,-0.06408639252185822,0.005363258975557983,0.16477799639105797,0.6686268299818039,0.8622688427567482,1.4248716905713081
500,2,layer_13.attn_o,1.1504046597110573e-05,5.973305553968264e-07,-0.005980337504297495,-0.06408639252185822,0.0038916671997867524,0.14615474715828897,0.6686268299818039,0.8622688427567482,1.4248716905713081
500,2,layer_13.mlp_down,4.7255452955141664e-05,2.2463089527296772e-06,-0.043581683188676834,-0.06408639252185822,0.008498543061614327,0.12904591485857964,0.6686268299818039,0.8622688427567482,1.4248716905713081
500,2,layer_14.attn_o,1.0394633136456832e-05,3.6307310592629625e-07,-0.023564061149954796,-0.06408639252185822,0.005397289572283625,0.16530077978968621,0.6686268299818039,0.8622688427567482,1.4248716905713081
500,2,layer_14.mlp_down,4.666490349336527e-05,2.0894514607528884e-06,-0.05079992115497589,-0.06408639252185822,0.007849335379432887,0.16999372839927673,0.6686268299818039,0.8622688427567482,1.4248716905713081
500,2,layer_15.attn_o,1.271547625947278e-05,6.915761726819198e-07,-0.11722972244024277,-0.06408639252185822,0.019426293764263393,0.29931294471025466,0.6686268299818039,0.8622688427567482,1.4248716905713081
500,2,layer_15.mlp_down,4.306584014557302e-05,1.6914651547800484e-06,-0.06307554990053177,-0.06408639252185822,0.00944677570805652,0.12391860485076904,0.6686268299818039,0.8622688427567482,1.4248716905713081
500,2,layer_16.attn_o,1.0962797205138486e-05,4.897026501714946e-07,-0.045672014355659485,-0.06408639252185822,0.012137605994939803,0.1371715135872364,0.6686268299818039,0.8622688427567482,1.4248716905713081
500,2,layer_16.mlp_down,3.772593117901124e-05,1.1492286807402824e-06,-0.08226581662893295,-0.06408639252185822,0.006796703851432539,0.1162280187010765,0.6686268299818039,0.8622688427567482,1.4248716905713081
500,2,layer_17.attn_o,1.170200266642496e-05,6.777634247286149e-07,-0.0665004700422287,-0.06408639252185822,0.0048163699335418645,0.2875599443912506,0.6686268299818039,0.8622688427567482,1.4248716905713081
500,2,layer_17.mlp_down,4.4323078327579424e-05,1.795742011773836e-06,-0.0657576322555542,-0.06408639252185822,0.0038638841739157214,0.11455826759338379,0.6686268299818039,0.8622688427567482,1.4248716905713081
500,2,layer_18.attn_o,1.152243567048572e-05,5.981026443519656e-07,-0.019071828573942184,-0.06408639252185822,0.0021976085379719736,0.1313172820955515,0.6686268299818039,0.8622688427567482,1.4248716905713081
500,2,layer_18.mlp_down,4.404388528200798e-05,1.748481190523216e-06,-0.038794055581092834,-0.06408639252185822,0.004151149318204261,0.1370563216507435,0.6686268299818039,0.8622688427567482,1.4248716905713081
500,2,layer_19.attn_o,1.3264576409710571e-05,7.62789118686064e-07,-0.02393672615289688,-0.06408639252185822,0.0053616482065990565,0.11496314592659473,0.6686268299818039,0.8622688427567482,1.4248716905713081
500,2,layer_19.mlp_down,4.547945354715921e-05,1.8838647021989826e-06,-0.016516175121068954,-0.06408639252185822,0.0021659130899934096,0.10727855525910854,0.6686268299818039,0.8622688427567482,1.4248716905713081
500,2,layer_20.attn_o,9.198864972859155e-06,3.0031450339822205e-07,-0.04725067317485809,-0.06408639252185822,0.009484194964170457,0.22971858233213424,0.6686268299818039,0.8622688427567482,1.4248716905713081
500,2,layer_20.mlp_down,5.321912612998858e-05,2.868594679921153e-06,-0.007280383724719286,-0.06408639252185822,0.003063136152923107,0.16813710778951646,0.6686268299818039,0.8622688427567482,1.4248716905713081
500,2,layer_21.attn_o,1.0117320925928652e-05,4.086817809983466e-07,-0.22945359349250793,-0.06408639252185822,0.010566517245024443,0.39875843524932864,0.6686268299818039,0.8622688427567482,1.4248716905713081
500,2,layer_21.mlp_down,4.2715095332823694e-05,1.4405574901040743e-06,-0.01973358355462551,-0.06408639252185822,0.004244538978673518,0.1197667695581913,0.6686268299818039,0.8622688427567482,1.4248716905713081
500,2,layer_22.attn_o,9.516280442767311e-06,3.3828451024557823e-07,-0.04213894158601761,-0.06408639252185822,0.004794454015791416,0.15112351775169372,0.6686268299818039,0.8622688427567482,1.4248716905713081
500,2,layer_22.mlp_down,4.357564830570482e-05,1.5170423814738679e-06,-0.01606491208076477,-0.06408639252185822,0.004004563880153,0.1427944116294384,0.6686268299818039,0.8622688427567482,1.4248716905713081
500,2,layer_23.attn_o,9.94003585219616e-06,4.541806235016933e-07,-0.07838518172502518,-0.06408639252185822,0.0093143685371615,0.2503800272941589,0.6686268299818039,0.8622688427567482,1.4248716905713081
500,2,layer_23.mlp_down,4.1333623812533915e-05,1.2750338670778358e-06,-0.019167691469192505,-0.06408639252185822,0.006570157186069991,0.14919224232435227,0.6686268299818039,0.8622688427567482,1.4248716905713081
500,2,layer_24.attn_o,1.1894262570422143e-05,6.217072605755121e-07,-0.08558952808380127,-0.06408639252185822,0.013036825414746999,0.3839204221963882,0.6686268299818039,0.8622688427567482,1.4248716905713081
500,2,layer_24.mlp_down,4.799059752258472e-05,2.1275182328358915e-06,-0.09472353756427765,-0.06408639252185822,0.009063865500502288,0.20604882538318633,0.6686268299818039,0.8622688427567482,1.4248716905713081
500,2,layer_25.attn_o,1.0410256436443888e-05,4.785269402949191e-07,-0.2030949741601944,-0.06408639252185822,0.015316698071546852,0.18766243075951933,0.6686268299818039,0.8622688427567482,1.4248716905713081
500,2,layer_25.mlp_down,5.3500287322094664e-05,2.905061072959488e-06,-0.18620292842388153,-0.06408639252185822,-0.0013502296060323715,0.1369325164705515,0.6686268299818039,0.8622688427567482,1.4248716905713081
