step,epoch,layer,weight_delta_abs,weight_delta_rel,grad_cossim_train_vs_safety,grad_cossim_whole_model,cossim_intra_math,cossim_intra_safety,train_loss,math_val_loss,safety_val_loss
20,1,layer_0.attn_o,0.03269515559077263,0.001603981314639469,0.13498073816299438,0.05123210698366165,0.03071504645049572,0.0972009270451963,1.240465259552002,1.249970056116581,1.2761830314993858
20,1,layer_0.mlp_down,0.08905443549156189,0.0027355465580224084,0.013668748550117016,0.05123210698366165,0.010007451754063368,0.06082187239080668,1.240465259552002,1.249970056116581,1.2761830314993858
20,1,layer_1.attn_o,0.032248955219984055,0.0013362617711568587,0.04486129805445671,0.05123210698366165,-0.0034127678722143174,0.10244308859109878,1.240465259552002,1.249970056116581,1.2761830314993858
20,1,layer_1.mlp_down,0.11458258330821991,0.0060957968921355925,0.013409110717475414,0.05123210698366165,0.007417339368839748,0.061718196608126163,1.240465259552002,1.249970056116581,1.2761830314993858
20,1,layer_2.attn_o,0.030318565666675568,0.0013322417832716859,0.006304215639829636,0.05123210698366165,0.004899022588506341,0.09774463269859553,1.240465259552002,1.249970056116581,1.2761830314993858
20,1,layer_2.mlp_down,0.10681670159101486,0.005799260344731396,0.053117699921131134,0.05123210698366165,0.012704744149232283,0.09214178323745728,1.240465259552002,1.249970056116581,1.2761830314993858
20,1,layer_3.attn_o,0.031639646738767624,0.0014057305756848635,0.011295601725578308,0.05123210698366165,0.0009654822570155375,0.10651358775794506,1.240465259552002,1.249970056116581,1.2761830314993858
20,1,layer_3.mlp_down,0.11131277680397034,0.005075687742760646,0.0461239367723465,0.05123210698366165,0.014966105471830814,0.07220996115356684,1.240465259552002,1.249970056116581,1.2761830314993858
20,1,layer_4.attn_o,0.035530559718608856,0.0019321495557918435,0.023717695847153664,0.05123210698366165,0.0056188664748333395,0.0924437765032053,1.240465259552002,1.249970056116581,1.2761830314993858
20,1,layer_4.mlp_down,0.10206688940525055,0.003226475334298055,0.07170722633600235,0.05123210698366165,0.010658307140693069,0.10585427619516849,1.240465259552002,1.249970056116581,1.2761830314993858
20,1,layer_5.attn_o,0.03266843035817146,0.0012934126132106854,0.0909985899925232,0.05123210698366165,-0.029662325722165407,0.21484924589749427,1.240465259552002,1.249970056116581,1.2761830314993858
20,1,layer_5.mlp_down,0.11727745085954666,0.004730068993134777,0.04876796528697014,0.05123210698366165,0.007662892446387559,0.06229014825075865,1.240465259552002,1.249970056116581,1.2761830314993858
20,1,layer_6.attn_o,0.0370444655418396,0.0020148942598969774,0.011486324481666088,0.05123210698366165,0.00756799453520216,0.09697373788803816,1.240465259552002,1.249970056116581,1.2761830314993858
20,1,layer_6.mlp_down,0.11830169707536697,0.0050633910163285735,0.06771676987409592,0.05123210698366165,0.006378932201187126,0.10024647265672684,1.240465259552002,1.249970056116581,1.2761830314993858
20,1,layer_7.attn_o,0.030853871256113052,0.0009760787782794405,0.03972818702459335,0.05123210698366165,0.01471552865114063,0.16849598810076713,1.240465259552002,1.249970056116581,1.2761830314993858
20,1,layer_7.mlp_down,0.10984200984239578,0.003592306064378614,0.07055100053548813,0.05123210698366165,0.02137392567237839,0.1276013445109129,1.240465259552002,1.249970056116581,1.2761830314993858
20,1,layer_8.attn_o,0.03183488920331001,0.00101481205431936,0.029858775436878204,0.05123210698366165,0.032118861656636,0.15899623408913613,1.240465259552002,1.249970056116581,1.2761830314993858
20,1,layer_8.mlp_down,0.11200267821550369,0.0036315705267451607,0.050319354981184006,0.05123210698366165,0.021466628951020538,0.17410980612039567,1.240465259552002,1.249970056116581,1.2761830314993858
20,1,layer_9.attn_o,0.031788911670446396,0.0010596058670895147,0.03084598109126091,0.05123210698366165,0.0370072899851948,0.25916111171245576,1.240465259552002,1.249970056116581,1.2761830314993858
20,1,layer_9.mlp_down,0.1415620744228363,0.00717788587449821,0.06108522787690163,0.05123210698366165,0.03190418425947428,0.2325559876859188,1.240465259552002,1.249970056116581,1.2761830314993858
20,1,layer_10.attn_o,0.04216879606246948,0.002293660995675982,0.03929326310753822,0.05123210698366165,0.029189871484413744,0.2958413571119308,1.240465259552002,1.249970056116581,1.2761830314993858
20,1,layer_10.mlp_down,0.11636660993099213,0.003474892798656589,0.13093428313732147,0.05123210698366165,0.04949539536610246,0.3288602203130722,1.240465259552002,1.249970056116581,1.2761830314993858
20,1,layer_11.attn_o,0.03697006031870842,0.0015399969414811201,0.09179554134607315,0.05123210698366165,0.032687845081090926,0.4729787677526474,1.240465259552002,1.249970056116581,1.2761830314993858
20,1,layer_11.mlp_down,0.14926744997501373,0.0083336403175993,0.07211913168430328,0.05123210698366165,0.03087205160409212,0.32234718799591067,1.240465259552002,1.249970056116581,1.2761830314993858
20,1,layer_12.attn_o,0.034884482622146606,0.0012569649920823776,0.02233869768679142,0.05123210698366165,0.024839413608424364,0.2891553997993469,1.240465259552002,1.249970056116581,1.2761830314993858
20,1,layer_12.mlp_down,0.12219571322202682,0.004541275620622972,0.0243702195584774,0.05123210698366165,0.020907176658511162,0.19872866496443747,1.240465259552002,1.249970056116581,1.2761830314993858
20,1,layer_13.attn_o,0.03564322739839554,0.0018507975969898314,0.014618664979934692,0.05123210698366165,0.0246139750466682,0.20521037504076958,1.240465259552002,1.249970056116581,1.2761830314993858
20,1,layer_13.mlp_down,0.12471174448728561,0.00593312340827981,0.022591914981603622,0.05123210698366165,0.02304137353785336,0.17254961878061295,1.240465259552002,1.249970056116581,1.2761830314993858
20,1,layer_14.attn_o,0.029441453516483307,0.0010283691771241176,0.018036408349871635,0.05123210698366165,0.026440338511019946,0.23405952379107475,1.240465259552002,1.249970056116581,1.2761830314993858
20,1,layer_14.mlp_down,0.12149070203304291,0.005443490068186831,0.022497886791825294,0.05123210698366165,0.03146547330543399,0.22345967292785646,1.240465259552002,1.249970056116581,1.2761830314993858
20,1,layer_15.attn_o,0.0385868176817894,0.002098771417098147,0.053579963743686676,0.05123210698366165,0.05142100064549595,0.35064121782779695,1.240465259552002,1.249970056116581,1.2761830314993858
20,1,layer_15.mlp_down,0.1161874458193779,0.004565225073506127,0.01387842558324337,0.05123210698366165,0.016846183454617858,0.12722510509192944,1.240465259552002,1.249970056116581,1.2761830314993858
20,1,layer_16.attn_o,0.033742956817150116,0.0015073197333459328,0.01928296871483326,0.05123210698366165,0.019762169336900115,0.16700987853109836,1.240465259552002,1.249970056116581,1.2761830314993858
20,1,layer_16.mlp_down,0.10532882809638977,0.003209074553720449,0.02395610138773918,0.05123210698366165,0.015095580497290938,0.1162488542497158,1.240465259552002,1.249970056116581,1.2761830314993858
20,1,layer_17.attn_o,0.035794880241155624,0.002073292762528713,0.03172151744365692,0.05123210698366165,0.008371514757163823,0.293196876347065,1.240465259552002,1.249970056116581,1.2761830314993858
20,1,layer_17.mlp_down,0.11413850635290146,0.004626412637001976,0.01704750768840313,0.05123210698366165,0.011355379968881607,0.12333223335444927,1.240465259552002,1.249970056116581,1.2761830314993858
20,1,layer_18.attn_o,0.03444286435842514,0.0017878944296354233,0.014633568935096264,0.05123210698366165,0.004002452362328768,0.14753596037626265,1.240465259552002,1.249970056116581,1.2761830314993858
20,1,layer_18.mlp_down,0.11131133884191513,0.0044207314864745184,0.024639781564474106,0.05123210698366165,0.013895109650911763,0.13813748359680175,1.240465259552002,1.249970056116581,1.2761830314993858
20,1,layer_19.attn_o,0.033317357301712036,0.0019160336566119971,0.01853698492050171,0.05123210698366165,0.00561705463915132,0.15492813643068076,1.240465259552002,1.249970056116581,1.2761830314993858
20,1,layer_19.mlp_down,0.10903555154800415,0.004518670570472373,0.024745160713791847,0.05123210698366165,0.010448367707431317,0.13044636268168688,1.240465259552002,1.249970056116581,1.2761830314993858
20,1,layer_20.attn_o,0.030737347900867462,0.001003483759557372,0.024011120200157166,0.05123210698366165,0.0217862403485924,0.2448251038789749,1.240465259552002,1.249970056116581,1.2761830314993858
20,1,layer_20.mlp_down,0.12222609668970108,0.006595997172405218,0.033036645501852036,0.05123210698366165,0.01568145430646837,0.16024119816720486,1.240465259552002,1.249970056116581,1.2761830314993858
20,1,layer_21.attn_o,0.03775054216384888,0.001524923288304011,0.061554182320833206,0.05123210698366165,0.05565224383026361,0.3896909445524216,1.240465259552002,1.249970056116581,1.2761830314993858
20,1,layer_21.mlp_down,0.09424930810928345,0.0031791816051353486,0.04086775332689285,0.05123210698366165,0.016209541889838874,0.09733893908560276,1.240465259552002,1.249970056116581,1.2761830314993858
20,1,layer_22.attn_o,0.0316687747836113,0.0011257685601142702,0.019489653408527374,0.05123210698366165,0.019584705610759555,0.12921207398176193,1.240465259552002,1.249970056116581,1.2761830314993858
20,1,layer_22.mlp_down,0.09535655379295349,0.0033205638797934494,0.04317998141050339,0.05123210698366165,0.01986419621389359,0.12315314859151841,1.240465259552002,1.249970056116581,1.2761830314993858
20,1,layer_23.attn_o,0.035208769142627716,0.0016088093819000167,0.040981315076351166,0.05123210698366165,0.022966061858460306,0.22219508439302443,1.240465259552002,1.249970056116581,1.2761830314993858
20,1,layer_23.mlp_down,0.09186916053295135,0.002834315499388573,0.054110925644636154,0.05123210698366165,0.02151850759983063,0.13302491530776023,1.240465259552002,1.249970056116581,1.2761830314993858
20,1,layer_24.attn_o,0.04488705098628998,0.00234630386667803,0.06776276230812073,0.05123210698366165,0.04921117201447487,0.32695639729499815,1.240465259552002,1.249970056116581,1.2761830314993858
20,1,layer_24.mlp_down,0.1147599071264267,0.005090764115608822,0.07476867735385895,0.05123210698366165,0.028866100683808328,0.1840481750667095,1.240465259552002,1.249970056116581,1.2761830314993858
20,1,layer_25.attn_o,0.03994503617286682,0.0018361770787001087,0.04553311690688133,0.05123210698366165,0.02951689399778843,0.2080003097653389,1.240465259552002,1.249970056116581,1.2761830314993858
20,1,layer_25.mlp_down,0.12788385152816772,0.006952724783320542,0.10821156203746796,0.05123210698366165,0.03426704611629248,0.10503409374505282,1.240465259552002,1.249970056116581,1.2761830314993858
40,1,layer_0.attn_o,0.07669037580490112,0.0037623299877896,0.0495598167181015,0.017575755715370178,-0.03045742807444185,0.20247228345833718,1.2977968335151673,1.0692320615053177,1.2823904678225517
40,1,layer_0.mlp_down,0.23278987407684326,0.007150786499619183,-0.0036248848773539066,0.017575755715370178,0.0006942645413801074,0.12040545232594013,1.2977968335151673,1.0692320615053177,1.2823904678225517
40,1,layer_1.attn_o,0.07382070273160934,0.0030588212890421524,0.027585988864302635,0.017575755715370178,0.026750145480036736,0.18857601694762707,1.2977968335151673,1.0692320615053177,1.2823904678225517
40,1,layer_1.mlp_down,0.28203442692756653,0.015004244596844124,0.0047119841910898685,0.017575755715370178,0.0014938770094886423,0.12354977615177631,1.2977968335151673,1.0692320615053177,1.2823904678225517
40,1,layer_2.attn_o,0.07185862958431244,0.0031575727525143794,-0.01917506568133831,0.017575755715370178,0.00857309871353209,0.1893756367266178,1.2977968335151673,1.0692320615053177,1.2823904678225517
40,1,layer_2.mlp_down,0.28098976612091064,0.015255461128540069,0.02108512632548809,0.017575755715370178,-0.0012247842270880938,0.1653921440243721,1.2977968335151673,1.0692320615053177,1.2823904678225517
40,1,layer_3.attn_o,0.07148551195859909,0.0031760590672769984,-0.006858885288238525,0.017575755715370178,0.012263804161921143,0.20214941427111627,1.2977968335151673,1.0692320615053177,1.2823904678225517
40,1,layer_3.mlp_down,0.2696867883205414,0.012297327007457927,0.0025471928529441357,0.017575755715370178,0.00022138169151730835,0.1454646646976471,1.2977968335151673,1.0692320615053177,1.2823904678225517
40,1,layer_4.attn_o,0.08290690928697586,0.004508478014412082,-0.016091806814074516,0.017575755715370178,0.01750806890486274,0.17283837050199508,1.2977968335151673,1.0692320615053177,1.2823904678225517
40,1,layer_4.mlp_down,0.23497942090034485,0.007428044168614836,-0.008635862730443478,0.017575755715370178,0.005108014214783907,0.2050469622015953,1.2977968335151673,1.0692320615053177,1.2823904678225517
40,1,layer_5.attn_o,0.07257198542356491,0.002873281799697777,-0.07810837775468826,0.017575755715370178,-0.026147174835205077,0.37288797944784163,1.2977968335151673,1.0692320615053177,1.2823904678225517
40,1,layer_5.mlp_down,0.25750434398651123,0.010385784055073307,-0.0041318051517009735,0.017575755715370178,0.002632636949419975,0.1449760302901268,1.2977968335151673,1.0692320615053177,1.2823904678225517
40,1,layer_6.attn_o,0.07858052104711533,0.004274093865592279,-0.006060916464775801,0.017575755715370178,0.004690410304465331,0.19913555979728698,1.2977968335151673,1.0692320615053177,1.2823904678225517
40,1,layer_6.mlp_down,0.26306453347206116,0.011259360225931932,-0.004327717237174511,0.017575755715370178,0.00860462236450985,0.1947907030582428,1.2977968335151673,1.0692320615053177,1.2823904678225517
40,1,layer_7.attn_o,0.06516268849372864,0.0020614596124802196,-0.004667250905185938,0.017575755715370178,0.008966662583407014,0.30316316038370134,1.2977968335151673,1.0692320615053177,1.2823904678225517
40,1,layer_7.mlp_down,0.23635756969451904,0.007729950381377719,0.0036794147454202175,0.017575755715370178,0.0022562213242053987,0.23657061606645585,1.2977968335151673,1.0692320615053177,1.2823904678225517
40,1,layer_8.attn_o,0.06537789851427078,0.002084075346146037,0.0004279286367818713,0.017575755715370178,0.0062652407214045525,0.2722341760993004,1.2977968335151673,1.0692320615053177,1.2823904678225517
40,1,layer_8.mlp_down,0.23422080278396606,0.007594425001290753,-0.0010681480634957552,0.017575755715370178,-0.005816948367282748,0.2869591623544693,1.2977968335151673,1.0692320615053177,1.2823904678225517
40,1,layer_9.attn_o,0.06259001791477203,0.0020862879035057316,0.011540672741830349,0.017575755715370178,-0.0018335189670324326,0.3641003042459488,1.2977968335151673,1.0692320615053177,1.2823904678225517
40,1,layer_9.mlp_down,0.2823502719402313,0.014316648730500798,0.005326360929757357,0.017575755715370178,-0.002563792560249567,0.3733896642923355,1.2977968335151673,1.0692320615053177,1.2823904678225517
40,1,layer_10.attn_o,0.08060496300458908,0.004384298155216615,0.005103260278701782,0.017575755715370178,0.002744742832146585,0.4628749281167984,1.2977968335151673,1.0692320615053177,1.2823904678225517
40,1,layer_10.mlp_down,0.23567771911621094,0.007037790811588419,0.045509543269872665,0.017575755715370178,-0.002070092735812068,0.47791868150234224,1.2977968335151673,1.0692320615053177,1.2823904678225517
40,1,layer_11.attn_o,0.07036017626523972,0.002930873215328389,0.01111960131675005,0.017575755715370178,-0.024720348045229913,0.5946881234645843,1.2977968335151673,1.0692320615053177,1.2823904678225517
40,1,layer_11.mlp_down,0.2960531711578369,0.01652895565244329,0.009052136912941933,0.017575755715370178,-0.004395445971749723,0.453761687874794,1.2977968335151673,1.0692320615053177,1.2823904678225517
40,1,layer_12.attn_o,0.06808633357286453,0.0024533039132793,0.0061355410143733025,0.017575755715370178,0.004167209059232846,0.42179120481014254,1.2977968335151673,1.0692320615053177,1.2823904678225517
40,1,layer_12.mlp_down,0.2544640004634857,0.009457006551663094,0.011079742573201656,0.017575755715370178,0.00575265041552484,0.3261965587735176,1.2977968335151673,1.0692320615053177,1.2823904678225517
40,1,layer_13.attn_o,0.07280401140451431,0.003780397921583,0.008297775872051716,0.017575755715370178,0.002486767037771642,0.28518760204315186,1.2977968335151673,1.0692320615053177,1.2823904678225517
40,1,layer_13.mlp_down,0.26800650358200073,0.012750383634184565,0.014669232070446014,0.017575755715370178,-0.0015274561010301113,0.2945811837911606,1.2977968335151673,1.0692320615053177,1.2823904678225517
40,1,layer_14.attn_o,0.06075872480869293,0.0021222596270626705,0.007069468963891268,0.017575755715370178,0.0023380605038255454,0.3272792711853981,1.2977968335151673,1.0692320615053177,1.2823904678225517
40,1,layer_14.mlp_down,0.2630787193775177,0.011787499062069178,0.01622769981622696,0.017575755715370178,-0.00022004302591085433,0.3561409115791321,1.2977968335151673,1.0692320615053177,1.2823904678225517
40,1,layer_15.attn_o,0.0773179903626442,0.004205397048967768,0.024670135229825974,0.017575755715370178,-0.007970189535990357,0.4406625360250473,1.2977968335151673,1.0692320615053177,1.2823904678225517
40,1,layer_15.mlp_down,0.2547067403793335,0.010007991835605554,0.006015901453793049,0.017575755715370178,0.0030997922644019128,0.19113518297672272,1.2977968335151673,1.0692320615053177,1.2823904678225517
40,1,layer_16.attn_o,0.07076556980609894,0.003161145447853816,0.006301973946392536,0.017575755715370178,0.0030977274756878613,0.23011635541915892,1.2977968335151673,1.0692320615053177,1.2823904678225517
40,1,layer_16.mlp_down,0.2342391163110733,0.0071366591248462645,0.0036196864675730467,0.017575755715370178,0.0010003941366448998,0.1880788654088974,1.2977968335151673,1.0692320615053177,1.2823904678225517
40,1,layer_17.attn_o,0.07811936736106873,0.004524791577778847,0.006938875187188387,0.017575755715370178,-0.0038155483576701953,0.46381692588329315,1.2977968335151673,1.0692320615053177,1.2823904678225517
40,1,layer_17.mlp_down,0.2569054961204529,0.010413297167200172,0.001350805745460093,0.017575755715370178,-0.002965763179236092,0.19613355174660682,1.2977968335151673,1.0692320615053177,1.2823904678225517
40,1,layer_18.attn_o,0.07410651445388794,0.003846796116764192,0.004467223770916462,0.017575755715370178,-0.0005461168380861636,0.22444779723882674,1.2977968335151673,1.0692320615053177,1.2823904678225517
40,1,layer_18.mlp_down,0.25314924120903015,0.010053924144722115,0.012755181640386581,0.017575755715370178,0.0011242710170336068,0.23327130377292632,1.2977968335151673,1.0692320615053177,1.2823904678225517
40,1,layer_19.attn_o,0.0762319564819336,0.004383999648994585,0.006114565767347813,0.017575755715370178,0.00042114248499274253,0.19536486268043518,1.2977968335151673,1.0692320615053177,1.2823904678225517
40,1,layer_19.mlp_down,0.253906786441803,0.01052251057228634,0.006382897961884737,0.017575755715370178,0.003800944681279361,0.1921418473124504,1.2977968335151673,1.0692320615053177,1.2823904678225517
40,1,layer_20.attn_o,0.06300123780965805,0.0020568066628692057,0.00517990393564105,0.017575755715370178,-0.00038368066307157276,0.31744575649499895,1.2977968335151673,1.0692320615053177,1.2823904678225517
40,1,layer_20.mlp_down,0.2792678773403168,0.01507102609304304,0.013068819418549538,0.017575755715370178,-0.0024843884013534987,0.23946574926376343,1.2977968335151673,1.0692320615053177,1.2823904678225517
40,1,layer_21.attn_o,0.06789407879114151,0.002742564420528043,0.04708505794405937,0.017575755715370178,-0.0016750968992710114,0.5246127665042877,1.2977968335151673,1.0692320615053177,1.2823904678225517
40,1,layer_21.mlp_down,0.2305801808834076,0.00777788548636423,0.013602172024548054,0.017575755715370178,-0.0055170237552374605,0.16961820796132088,1.2977968335151673,1.0692320615053177,1.2823904678225517
40,1,layer_22.attn_o,0.06205559894442558,0.002205968151980353,0.0070490762591362,0.017575755715370178,-0.008001195907127112,0.197292523086071,1.2977968335151673,1.0692320615053177,1.2823904678225517
40,1,layer_22.mlp_down,0.23918700218200684,0.008329172163694346,0.022398419678211212,0.017575755715370178,-0.0028674979228526356,0.1879681520164013,1.2977968335151673,1.0692320615053177,1.2823904678225517
40,1,layer_23.attn_o,0.07219034433364868,0.00329862463803038,0.04016225039958954,0.017575755715370178,-0.005453495110850781,0.3020715728402138,1.2977968335151673,1.0692320615053177,1.2823904678225517
40,1,layer_23.mlp_down,0.23104290664196014,0.0071280993004537,0.027149435132741928,0.017575755715370178,-0.0031399555737152696,0.2090195059776306,1.2977968335151673,1.0692320615053177,1.2823904678225517
40,1,layer_24.attn_o,0.0803404226899147,0.004199502631249194,0.036797165870666504,0.017575755715370178,-2.7828756719827653e-05,0.44225889146327974,1.2977968335151673,1.0692320615053177,1.2823904678225517
40,1,layer_24.mlp_down,0.2739305794239044,0.012151631423299175,0.030735019594430923,0.017575755715370178,0.0011257447011303156,0.2584021523594856,1.2977968335151673,1.0692320615053177,1.2823904678225517
40,1,layer_25.attn_o,0.07526473701000214,0.003459741061906925,0.05309779942035675,0.017575755715370178,-0.0004017352010123432,0.29168506115674975,1.2977968335151673,1.0692320615053177,1.2823904678225517
40,1,layer_25.mlp_down,0.3046949803829193,0.016565594164001756,0.08822347968816757,0.017575755715370178,-0.0036923422012478113,0.15553092882037162,1.2977968335151673,1.0692320615053177,1.2823904678225517
60,1,layer_0.attn_o,0.10560775548219681,0.005180958623658688,0.11547255516052246,0.018066853284835815,0.013480716862250119,0.16856187656521798,1.2339615643024444,1.05075953155756,1.2956427559256554
60,1,layer_0.mlp_down,0.3522794842720032,0.010821322370881497,0.006197646260261536,0.018066853284835815,0.0019290590949822216,0.09846237376332283,1.2339615643024444,1.05075953155756,1.2956427559256554
60,1,layer_1.attn_o,0.09922102093696594,0.004111308504994021,0.05776650831103325,0.018066853284835815,0.034623386431485416,0.16993248630315066,1.2339615643024444,1.05075953155756,1.2956427559256554
60,1,layer_1.mlp_down,0.40754765272140503,0.02168050025934621,0.004345539957284927,0.018066853284835815,0.004720800608629361,0.10233258567750454,1.2339615643024444,1.05075953155756,1.2956427559256554
60,1,layer_2.attn_o,0.10235234349966049,0.0044975041313853,0.01692924275994301,0.018066853284835815,0.00675875497981906,0.16556587666273118,1.2339615643024444,1.05075953155756,1.2956427559256554
60,1,layer_2.mlp_down,0.41414695978164673,0.02248363202468796,0.013277464546263218,0.018066853284835815,-0.0012772074667736887,0.14766611978411676,1.2339615643024444,1.05075953155756,1.2956427559256554
60,1,layer_3.attn_o,0.10114560276269913,0.004493823005288129,0.014533682726323605,0.018066853284835815,0.00827811601338908,0.1784204412251711,1.2339615643024444,1.05075953155756,1.2956427559256554
60,1,layer_3.mlp_down,0.39398133754730225,0.017964422241093816,0.0014051146572455764,0.018066853284835815,0.002741449442692101,0.12577637005597353,1.2339615643024444,1.05075953155756,1.2956427559256554
60,1,layer_4.attn_o,0.11667153984308243,0.006344569127988017,0.003302966710180044,0.018066853284835815,0.012910244916565717,0.17111480981111526,1.2339615643024444,1.05075953155756,1.2956427559256554
60,1,layer_4.mlp_down,0.3421650528907776,0.010816439000119102,0.022965848445892334,0.018066853284835815,0.005426893435651436,0.17930601239204408,1.2339615643024444,1.05075953155756,1.2956427559256554
60,1,layer_5.attn_o,0.09726371616125107,0.0038508776029794974,0.02737509272992611,0.018066853284835815,0.055495862889802086,0.30828362368047235,1.2339615643024444,1.05075953155756,1.2956427559256554
60,1,layer_5.mlp_down,0.37055525183677673,0.014945214598867355,0.013420565985143185,0.018066853284835815,0.0021781263407319785,0.12104132547974586,1.2339615643024444,1.05075953155756,1.2956427559256554
60,1,layer_6.attn_o,0.10993688553571701,0.005979598720490894,0.008021931163966656,0.018066853284835815,0.004664440732449293,0.17291273549199104,1.2339615643024444,1.05075953155756,1.2956427559256554
60,1,layer_6.mlp_down,0.3781546652317047,0.016184988789151866,0.0033934484235942364,0.018066853284835815,0.008439280185848474,0.16680969335138798,1.2339615643024444,1.05075953155756,1.2956427559256554
60,1,layer_7.attn_o,0.08820945024490356,0.0027905597042415277,-0.001332082785665989,0.018066853284835815,0.01381671684794128,0.25828133076429366,1.2339615643024444,1.05075953155756,1.2956427559256554
60,1,layer_7.mlp_down,0.3410441279411316,0.011153800874673523,0.010542907752096653,0.018066853284835815,0.0054884714307263495,0.21407265961170197,1.2339615643024444,1.05075953155756,1.2956427559256554
60,1,layer_8.attn_o,0.09065312892198563,0.002889787917351046,-0.0034420981537550688,0.018066853284835815,0.011784808803349733,0.24592484012246132,1.2339615643024444,1.05075953155756,1.2956427559256554
60,1,layer_8.mlp_down,0.3394205570220947,0.011005629965096618,0.0019561287481337786,0.018066853284835815,0.019218708854168653,0.2684178456664085,1.2339615643024444,1.05075953155756,1.2956427559256554
60,1,layer_9.attn_o,0.08841625601053238,0.002947148386422247,0.011121926829218864,0.018066853284835815,0.023696413543075324,0.3273574233055115,1.2339615643024444,1.05075953155756,1.2956427559256554
60,1,layer_9.mlp_down,0.3919751048088074,0.019874247116336462,0.013636774383485317,0.018066853284835815,0.02411727096477989,0.3442519634962082,1.2339615643024444,1.05075953155756,1.2956427559256554
60,1,layer_10.attn_o,0.11010664701461792,0.005988949056952462,0.004929572809487581,0.018066853284835815,0.028746525767928688,0.4181478232145309,1.2339615643024444,1.05075953155756,1.2956427559256554
60,1,layer_10.mlp_down,0.32780778408050537,0.00978903898011425,0.006540589965879917,0.018066853284835815,0.022666999441571533,0.4333969712257385,1.2339615643024444,1.05075953155756,1.2956427559256554
60,1,layer_11.attn_o,0.0994037613272667,0.004140689405048532,0.10290861874818802,0.018066853284835815,0.03106623366475105,0.5390292644500733,1.2339615643024444,1.05075953155756,1.2956427559256554
60,1,layer_11.mlp_down,0.4009004533290863,0.022381110401763965,0.025173628702759743,0.018066853284835815,0.026380171114578844,0.41306310445070266,1.2339615643024444,1.05075953155756,1.2956427559256554
60,1,layer_12.attn_o,0.0942070335149765,0.00339449248311869,0.013302433304488659,0.018066853284835815,0.02814790662378073,0.38633098304271696,1.2339615643024444,1.05075953155756,1.2956427559256554
60,1,layer_12.mlp_down,0.36222124099731445,0.013461816143397129,0.02147090435028076,0.018066853284835815,0.01422914145514369,0.30358521044254305,1.2339615643024444,1.05075953155756,1.2956427559256554
60,1,layer_13.attn_o,0.1108860895037651,0.00575782723300779,0.007286034990102053,0.018066853284835815,0.013671495387097821,0.2710046149790287,1.2339615643024444,1.05075953155756,1.2956427559256554
60,1,layer_13.mlp_down,0.3885056972503662,0.018482393311203184,0.016707072034478188,0.018066853284835815,0.01767925819149241,0.2767678201198578,1.2339615643024444,1.05075953155756,1.2956427559256554
60,1,layer_14.attn_o,0.09715382009744644,0.0033935183867386354,0.01290347520262003,0.018066853284835815,0.020065973186865448,0.3148066684603691,1.2339615643024444,1.05075953155756,1.2956427559256554
60,1,layer_14.mlp_down,0.3822200894355774,0.017125216219377397,0.025327228009700775,0.018066853284835815,0.01870214007794857,0.3345842197537422,1.2339615643024444,1.05075953155756,1.2956427559256554
60,1,layer_15.attn_o,0.11283840239048004,0.006137373033746814,0.0433196984231472,0.018066853284835815,0.019879982247948645,0.43459938615560534,1.2339615643024444,1.05075953155756,1.2956427559256554
60,1,layer_15.mlp_down,0.37188947200775146,0.014612260093887063,0.021492289379239082,0.018066853284835815,0.015087511762976647,0.20208213180303575,1.2339615643024444,1.05075953155756,1.2956427559256554
60,1,layer_16.attn_o,0.10582874715328217,0.004727434240559957,0.010781780816614628,0.018066853284835815,0.014244482805952429,0.2256911054253578,1.2339615643024444,1.05075953155756,1.2956427559256554
60,1,layer_16.mlp_down,0.34826868772506714,0.01061095948726523,0.0029344651848077774,0.018066853284835815,0.01052692640805617,0.1791123054921627,1.2339615643024444,1.05075953155756,1.2956427559256554
60,1,layer_17.attn_o,0.1175675243139267,0.00680967553524348,0.010307409800589085,0.018066853284835815,0.010029722354374826,0.3961139678955078,1.2339615643024444,1.05075953155756,1.2956427559256554
60,1,layer_17.mlp_down,0.3792238235473633,0.015371207836882004,0.00654143700376153,0.018066853284835815,0.006494682817719877,0.18607821688055992,1.2339615643024444,1.05075953155756,1.2956427559256554
60,1,layer_18.attn_o,0.11222566664218903,0.005825511042848937,0.007891232147812843,0.018066853284835815,0.005017069075256586,0.20152242258191108,1.2339615643024444,1.05075953155756,1.2956427559256554
60,1,layer_18.mlp_down,0.3725335896015167,0.014795330624294311,0.016944458708167076,0.018066853284835815,0.004254134220536799,0.23020319044589996,1.2339615643024444,1.05075953155756,1.2956427559256554
60,1,layer_19.attn_o,0.10752658545970917,0.006183708570860027,0.019869806244969368,0.018066853284835815,0.0003272662695962936,0.19028503596782684,1.2339615643024444,1.05075953155756,1.2956427559256554
60,1,layer_19.mlp_down,0.37572240829467773,0.015570658353535726,0.01381700299680233,0.018066853284835815,0.005584640294546262,0.20634837746620177,1.2339615643024444,1.05075953155756,1.2956427559256554
60,1,layer_20.attn_o,0.09156105667352676,0.0029892031254289777,0.022124523296952248,0.018066853284835815,0.007195118675008416,0.3307485327124596,1.2339615643024444,1.05075953155756,1.2956427559256554
60,1,layer_20.mlp_down,0.40478840470314026,0.02184385992977963,0.02022504061460495,0.018066853284835815,0.008476423646789044,0.2573068678379059,1.2339615643024444,1.05075953155756,1.2956427559256554
60,1,layer_21.attn_o,0.08419296890497208,0.0034009490528486242,0.05425463244318962,0.018066853284835815,0.008391580265015363,0.5023511677980423,1.2339615643024444,1.05075953155756,1.2956427559256554
60,1,layer_21.mlp_down,0.34785008430480957,0.0117337611242359,0.03420983999967575,0.018066853284835815,0.0070332333911210295,0.18368774503469468,1.2339615643024444,1.05075953155756,1.2956427559256554
60,1,layer_22.attn_o,0.08909928053617477,0.0031673268028047613,0.01689303293824196,0.018066853284835815,0.005178354075178504,0.19198817312717437,1.2339615643024444,1.05075953155756,1.2956427559256554
60,1,layer_22.mlp_down,0.357974648475647,0.012465811175868625,0.026644699275493622,0.018066853284835815,0.006105476839002222,0.20578894168138503,1.2339615643024444,1.05075953155756,1.2956427559256554
60,1,layer_23.attn_o,0.09754734486341476,0.004457264099677008,0.03266467526555061,0.018066853284835815,0.00477410783059895,0.3151527360081673,1.2339615643024444,1.05075953155756,1.2956427559256554
60,1,layer_23.mlp_down,0.34540218114852905,0.010656455380287965,0.02488001063466072,0.018066853284835815,0.00757679408416152,0.2161005936563015,1.2339615643024444,1.05075953155756,1.2956427559256554
60,1,layer_24.attn_o,0.10433172434568405,0.005453532710480652,0.03974156826734543,0.018066853284835815,0.013433914957568049,0.4308471351861954,1.2339615643024444,1.05075953155756,1.2956427559256554
60,1,layer_24.mlp_down,0.3942059278488159,0.017486522189831703,0.03395773842930794,0.018066853284835815,0.008407692448236049,0.24761225432157516,1.2339615643024444,1.05075953155756,1.2956427559256554
60,1,layer_25.attn_o,0.10098903626203537,0.004642222697755916,0.038642413914203644,0.018066853284835815,0.003918342432007194,0.2852686420083046,1.2339615643024444,1.05075953155756,1.2956427559256554
60,1,layer_25.mlp_down,0.42218017578125,0.022951279650180043,0.030563652515411377,0.018066853284835815,0.03515764884650707,0.16538967490196227,1.2339615643024444,1.05075953155756,1.2956427559256554
80,1,layer_0.attn_o,0.10845700651407242,0.0053206938123208725,0.010232758708298206,-0.0012107790680602193,0.007947600167244672,0.11362234130501747,1.3951560616493226,1.0321543589234352,1.3084442541003227
80,1,layer_0.mlp_down,0.3607032597064972,0.011079809984920152,0.00213671219535172,-0.0012107790680602193,0.004189805313944817,0.08107190833543428,1.3951560616493226,1.0321543589234352,1.3084442541003227
80,1,layer_1.attn_o,0.1006266176700592,0.004169537435704019,-0.04794199392199516,-0.0012107790680602193,0.011903085559606553,0.09291364885866642,1.3951560616493226,1.0321543589234352,1.3084442541003227
80,1,layer_1.mlp_down,0.41415759921073914,0.022028272570856683,-0.001666633179411292,-0.0012107790680602193,0.00637830380583182,0.07058526444016025,1.3951560616493226,1.0321543589234352,1.3084442541003227
80,1,layer_2.attn_o,0.10632617026567459,0.004672101194690991,0.0035084784030914307,-0.0012107790680602193,0.01547800952102989,0.123388147726655,1.3951560616493226,1.0321543589234352,1.3084442541003227
80,1,layer_2.mlp_down,0.41759803891181946,0.02266674417084101,0.010754778981208801,-0.0012107790680602193,0.011781401466578245,0.09846759298816324,1.3951560616493226,1.0321543589234352,1.3084442541003227
80,1,layer_3.attn_o,0.10474563390016556,0.0046537452284110825,0.006287176627665758,-0.0012107790680602193,0.017243854445405306,0.10876177847385407,1.3951560616493226,1.0321543589234352,1.3084442541003227
80,1,layer_3.mlp_down,0.40390434861183167,0.018414714707069024,0.009102233685553074,-0.0012107790680602193,0.007057877886109054,0.08139867326244712,1.3951560616493226,1.0321543589234352,1.3084442541003227
80,1,layer_4.attn_o,0.12105297297239304,0.006582755259872071,0.0015138499438762665,-0.0012107790680602193,0.014911284957634052,0.0999220721423626,1.3951560616493226,1.0321543589234352,1.3084442541003227
80,1,layer_4.mlp_down,0.3582300841808319,0.011324006364004232,0.008561366237699986,-0.0012107790680602193,0.0037254066672176124,0.11923703965730965,1.3951560616493226,1.0321543589234352,1.3084442541003227
80,1,layer_5.attn_o,0.10038721561431885,0.003974530690392752,0.04371798411011696,-0.0012107790680602193,-0.030200545443221927,0.17927061720984055,1.3951560616493226,1.0321543589234352,1.3084442541003227
80,1,layer_5.mlp_down,0.3813697397708893,0.01538046462142537,0.018982142210006714,-0.0012107790680602193,0.0034030442853691056,0.08269778704270721,1.3951560616493226,1.0321543589234352,1.3084442541003227
80,1,layer_6.attn_o,0.11619464308023453,0.006319922366681252,0.004273435100913048,-0.0012107790680602193,0.010281088575720788,0.11216621920466423,1.3951560616493226,1.0321543589234352,1.3084442541003227
80,1,layer_6.mlp_down,0.3882008194923401,0.016613607129787256,0.016011184081435204,-0.0012107790680602193,0.011213216721080244,0.1160717885941267,1.3951560616493226,1.0321543589234352,1.3084442541003227
80,1,layer_7.attn_o,0.08990044891834259,0.002844050329284488,0.013155855238437653,-0.0012107790680602193,0.01729091063607484,0.17922021821141243,1.3951560616493226,1.0321543589234352,1.3084442541003227
80,1,layer_7.mlp_down,0.3480736315250397,0.01138341506672227,0.024553224444389343,-0.0012107790680602193,0.009866824332857505,0.1550826918333769,1.3951560616493226,1.0321543589234352,1.3084442541003227
80,1,layer_8.attn_o,0.09246832877397537,0.0029476494765918594,0.0049091847613453865,-0.0012107790680602193,0.018670162395574154,0.1695945605635643,1.3951560616493226,1.0321543589234352,1.3084442541003227
80,1,layer_8.mlp_down,0.3452586829662323,0.011194623090925539,0.004825471434742212,-0.0012107790680602193,0.014699524641036988,0.18675538673996925,1.3951560616493226,1.0321543589234352,1.3084442541003227
80,1,layer_9.attn_o,0.08904256671667099,0.0029680208325451457,-0.0032257013954222202,-0.0012107790680602193,0.011804653517901897,0.2411207839846611,1.3951560616493226,1.0321543589234352,1.3084442541003227
80,1,layer_9.mlp_down,0.3924405872821808,0.019894802725141308,0.000582128472160548,-0.0012107790680602193,0.009103766176849604,0.23984159380197526,1.3951560616493226,1.0321543589234352,1.3084442541003227
80,1,layer_10.attn_o,0.11024200171232224,0.005996272113230997,0.00721896905452013,-0.0012107790680602193,0.007992976065725087,0.30952067524194715,1.3951560616493226,1.0321543589234352,1.3084442541003227
80,1,layer_10.mlp_down,0.32737550139427185,0.009775928531835499,0.027609774842858315,-0.0012107790680602193,0.018324255011975765,0.3193007454276085,1.3951560616493226,1.0321543589234352,1.3084442541003227
80,1,layer_11.attn_o,0.09800390154123306,0.004082367828552563,0.039974793791770935,-0.0012107790680602193,0.022644277568906544,0.45775688886642457,1.3951560616493226,1.0321543589234352,1.3084442541003227
80,1,layer_11.mlp_down,0.3999602496623993,0.022324226256315874,0.008537083864212036,-0.0012107790680602193,0.009158165147528052,0.3210530698299408,1.3951560616493226,1.0321543589234352,1.3084442541003227
80,1,layer_12.attn_o,0.09473533183336258,0.003413525920385848,0.0034246528521180153,-0.0012107790680602193,0.004347479855641723,0.2968267410993576,1.3951560616493226,1.0321543589234352,1.3084442541003227
80,1,layer_12.mlp_down,0.3668972849845886,0.013634984847050578,-0.001814048271626234,-0.0012107790680602193,0.007900750311091543,0.21982883363962175,1.3951560616493226,1.0321543589234352,1.3084442541003227
80,1,layer_13.attn_o,0.1111668050289154,0.005772382403526947,0.0005293552530929446,-0.0012107790680602193,0.002921324037015438,0.16787208020687103,1.3951560616493226,1.0321543589234352,1.3084442541003227
80,1,layer_13.mlp_down,0.3927763104438782,0.018683391033204863,-0.0023315642029047012,-0.0012107790680602193,0.00939814958255738,0.19530784115195274,1.3951560616493226,1.0321543589234352,1.3084442541003227
80,1,layer_14.attn_o,0.09994074702262878,0.003490855054963236,0.00412095058709383,-0.0012107790680602193,0.007632539886981249,0.19294732362031936,1.3951560616493226,1.0321543589234352,1.3084442541003227
80,1,layer_14.mlp_down,0.3874078691005707,0.017356004739647143,0.0016512242145836353,-0.0012107790680602193,0.005950381589354947,0.24723929315805435,1.3951560616493226,1.0321543589234352,1.3084442541003227
80,1,layer_15.attn_o,0.1139543429017067,0.006198035872343241,0.01791580207645893,-0.0012107790680602193,0.008126610121689738,0.34681220501661303,1.3951560616493226,1.0321543589234352,1.3084442541003227
80,1,layer_15.mlp_down,0.37600985169410706,0.014773272091605982,-0.0024448581971228123,-0.0012107790680602193,0.006434012670069933,0.15607998222112657,1.3951560616493226,1.0321543589234352,1.3084442541003227
80,1,layer_16.attn_o,0.10837887227535248,0.004841329662331228,-0.002910878276452422,-0.0012107790680602193,0.0035879569593816997,0.1790243297815323,1.3951560616493226,1.0321543589234352,1.3084442541003227
80,1,layer_16.mlp_down,0.35463622212409973,0.010804769216647794,-0.004750113934278488,-0.0012107790680602193,-0.0007261275080963969,0.14818227365612985,1.3951560616493226,1.0321543589234352,1.3084442541003227
80,1,layer_17.attn_o,0.11993197351694107,0.0069465747891516594,0.0016890978440642357,-0.0012107790680602193,-0.0041422716691158715,0.32725768238306047,1.3951560616493226,1.0321543589234352,1.3084442541003227
80,1,layer_17.mlp_down,0.3847810626029968,0.015595458146518961,-0.0018520604353398085,-0.0012107790680602193,0.004005458706524223,0.14997500441968442,1.3951560616493226,1.0321543589234352,1.3084442541003227
80,1,layer_18.attn_o,0.11193276941776276,0.005810277155925597,-0.0004090321599505842,-0.0012107790680602193,0.0024369780789129437,0.17290958389639854,1.3951560616493226,1.0321543589234352,1.3084442541003227
80,1,layer_18.mlp_down,0.38089877367019653,0.015126677459316763,-0.009455621242523193,-0.0012107790680602193,0.007718575368926395,0.18661395460367203,1.3951560616493226,1.0321543589234352,1.3084442541003227
80,1,layer_19.attn_o,0.11402011662721634,0.00655711112337452,-0.002741462318226695,-0.0012107790680602193,0.004713801271282137,0.15195387229323387,1.3951560616493226,1.0321543589234352,1.3084442541003227
80,1,layer_19.mlp_down,0.38484036922454834,0.015947481690214104,-0.008336033672094345,-0.0012107790680602193,0.006579667620826513,0.1637384057044983,1.3951560616493226,1.0321543589234352,1.3084442541003227
80,1,layer_20.attn_o,0.08827298134565353,0.0028818541247087113,-0.0030101758893579245,-0.0012107790680602193,0.007850891444832087,0.260611979663372,1.3951560616493226,1.0321543589234352,1.3084442541003227
80,1,layer_20.mlp_down,0.41546520590782166,0.02241626058714699,-0.0012243065284565091,-0.0012107790680602193,0.011118271038867533,0.21226816922426223,1.3951560616493226,1.0321543589234352,1.3084442541003227
80,1,layer_21.attn_o,0.08241504430770874,0.003329125206263357,0.005931451451033354,-0.0012107790680602193,-0.009670645766891538,0.4898541927337646,1.3951560616493226,1.0321543589234352,1.3084442541003227
80,1,layer_21.mlp_down,0.36337795853614807,0.012257253731691446,-0.009019315242767334,-0.0012107790680602193,0.013808773225173354,0.14944205470383168,1.3951560616493226,1.0321543589234352,1.3084442541003227
80,1,layer_22.attn_o,0.08864463120698929,0.003151157533564488,0.0044014290906488895,-0.0012107790680602193,0.007154302310664207,0.14863486289978028,1.3951560616493226,1.0321543589234352,1.3084442541003227
80,1,layer_22.mlp_down,0.3714507222175598,0.012934612222632749,-0.005377425812184811,-0.0012107790680602193,0.017528624855913222,0.16576840206980706,1.3951560616493226,1.0321543589234352,1.3084442541003227
80,1,layer_23.attn_o,0.09690715372562408,0.004427986929238212,-0.004468580707907677,-0.0012107790680602193,0.012128990283235908,0.26057778522372244,1.3951560616493226,1.0321543589234352,1.3084442541003227
80,1,layer_23.mlp_down,0.355381578207016,0.010964078308810254,-0.002903300104662776,-0.0012107790680602193,0.010810067178681493,0.18321254178881646,1.3951560616493226,1.0321543589234352,1.3084442541003227
80,1,layer_24.attn_o,0.10057559609413147,0.00525714915344648,-0.007995286025106907,-0.0012107790680602193,0.008221866469830275,0.39045390486717224,1.3951560616493226,1.0321543589234352,1.3084442541003227
80,1,layer_24.mlp_down,0.4015544056892395,0.01781054981793886,0.004252479877322912,-0.0012107790680602193,0.01569806910119951,0.20923834294080734,1.3951560616493226,1.0321543589234352,1.3084442541003227
80,1,layer_25.attn_o,0.10037223994731903,0.004613849021840099,0.0009057182469405234,-0.0012107790680602193,0.010678751958766951,0.23148118555545807,1.3951560616493226,1.0321543589234352,1.3084442541003227
80,1,layer_25.mlp_down,0.4182969331741333,0.022735313506683615,-0.045662421733140945,-0.0012107790680602193,0.01569735212251544,0.16940873805433512,1.3951560616493226,1.0321543589234352,1.3084442541003227
100,1,layer_0.attn_o,0.10170416533946991,0.004989376826782846,-0.03371794894337654,0.028234319761395454,0.001325184479355812,0.18298891005106271,1.2275419235229492,1.00791534781456,1.3161545544862747
100,1,layer_0.mlp_down,0.33972540497779846,0.010435100407856524,-0.007253627292811871,0.028234319761395454,0.001556795579381287,0.13368629906326532,1.2275419235229492,1.00791534781456,1.3161545544862747
100,1,layer_1.attn_o,0.0936184972524643,0.00387913091753898,0.0053432104177773,0.028234319761395454,-0.043135866476222876,0.1938979615457356,1.2275419235229492,1.00791534781456,1.3161545544862747
100,1,layer_1.mlp_down,0.3936096727848053,0.02093117704028448,0.003174552461132407,0.028234319761395454,-0.00031692739576101304,0.14088201029226183,1.2275419235229492,1.00791534781456,1.3161545544862747
100,1,layer_2.attn_o,0.09840540587902069,0.004324037956416287,-0.005363453645259142,0.028234319761395454,-0.012591687787789851,0.17541038673371076,1.2275419235229492,1.00791534781456,1.3161545544862747
100,1,layer_2.mlp_down,0.39620932936668396,0.021501243983794223,-0.009651829488575459,0.028234319761395454,-0.004328164813341573,0.16736968532204627,1.2275419235229492,1.00791534781456,1.3161545544862747
100,1,layer_3.attn_o,0.09493537247180939,0.004217872476656109,-0.010706412605941296,0.028234319761395454,-0.004051737423287705,0.18148185014724733,1.2275419235229492,1.00791534781456,1.3161545544862747
100,1,layer_3.mlp_down,0.37969815731048584,0.01730882522233808,0.009949854575097561,0.028234319761395454,-0.0025576095678843556,0.14800718519836664,1.2275419235229492,1.00791534781456,1.3161545544862747
100,1,layer_4.attn_o,0.11322935670614243,0.006157250595605407,-0.003847396932542324,0.028234319761395454,-0.004795410123188048,0.17199323009699582,1.2275419235229492,1.00791534781456,1.3161545544862747
100,1,layer_4.mlp_down,0.3382132351398468,0.01069084277357423,0.00133938854560256,0.028234319761395454,-0.0012706429173704238,0.1732902903109789,1.2275419235229492,1.00791534781456,1.3161545544862747
100,1,layer_5.attn_o,0.0932389572262764,0.0036915042962460697,0.09340894967317581,0.028234319761395454,-0.03910271022468805,0.32246768176555635,1.2275419235229492,1.00791534781456,1.3161545544862747
100,1,layer_5.mlp_down,0.36378535628318787,0.01467007586042131,0.00213517970405519,0.028234319761395454,-0.0015743082971312107,0.14153677970170975,1.2275419235229492,1.00791534781456,1.3161545544862747
100,1,layer_6.attn_o,0.11067425459623337,0.006019628293019001,0.0016085421666502953,0.028234319761395454,0.0011169261299073697,0.1671669889241457,1.2275419235229492,1.00791534781456,1.3161545544862747
100,1,layer_6.mlp_down,0.3751423954963684,0.016053336731738196,0.009585057385265827,0.028234319761395454,0.009195794304832815,0.16557920761406422,1.2275419235229492,1.00791534781456,1.3161545544862747
100,1,layer_7.attn_o,0.08631676435470581,0.0027306735467446746,0.010940590873360634,0.028234319761395454,0.013615942746400832,0.23575450778007506,1.2275419235229492,1.00791534781456,1.3161545544862747
100,1,layer_7.mlp_down,0.337330162525177,0.01103169685746147,0.019390633329749107,0.028234319761395454,0.013463163748383522,0.20851912014186383,1.2275419235229492,1.00791534781456,1.3161545544862747
100,1,layer_8.attn_o,0.08912672102451324,0.002841117533276649,0.006984800100326538,0.028234319761395454,0.014023557375185191,0.2223259724676609,1.2275419235229492,1.00791534781456,1.3161545544862747
100,1,layer_8.mlp_down,0.334781289100647,0.010854572463077198,0.025293543934822083,0.028234319761395454,0.005345654301345348,0.2400467000901699,1.2275419235229492,1.00791534781456,1.3161545544862747
100,1,layer_9.attn_o,0.08631843328475952,0.0028772145235641425,0.006783615797758102,0.028234319761395454,0.0023760248546750517,0.30898535400629046,1.2275419235229492,1.00791534781456,1.3161545544862747
100,1,layer_9.mlp_down,0.38134264945983887,0.019329197859079723,0.021050501614809036,0.028234319761395454,0.002493470918852836,0.3017082303762436,1.2275419235229492,1.00791534781456,1.3161545544862747
100,1,layer_10.attn_o,0.10540660470724106,0.005733224039702558,0.0037095663137733936,0.028234319761395454,0.003620869782753289,0.36776202917099,1.2275419235229492,1.00791534781456,1.3161545544862747
100,1,layer_10.mlp_down,0.31764093041419983,0.009484992066476032,0.0687858983874321,0.028234319761395454,-0.0033489655703306197,0.3941160053014755,1.2275419235229492,1.00791534781456,1.3161545544862747
100,1,layer_11.attn_o,0.08853797614574432,0.003688053557833836,0.08208300173282623,0.028234319761395454,0.01859554760158062,0.5349782079458236,1.2275419235229492,1.00791534781456,1.3161545544862747
100,1,layer_11.mlp_down,0.3882445693016052,0.021665735552855545,0.04865197092294693,0.028234319761395454,0.008336694305762648,0.3770797744393349,1.2275419235229492,1.00791534781456,1.3161545544862747
100,1,layer_12.attn_o,0.09254925698041916,0.0033347501070404707,0.008549640886485577,0.028234319761395454,0.010636073164641857,0.35826599448919294,1.2275419235229492,1.00791534781456,1.3161545544862747
100,1,layer_12.mlp_down,0.35518839955329895,0.013199083768362027,0.015671728178858757,0.028234319761395454,0.006464838230749592,0.2789573669433594,1.2275419235229492,1.00791534781456,1.3161545544862747
100,1,layer_13.attn_o,0.10823925584554672,0.00562032979146873,0.006280230823904276,0.028234319761395454,0.0042570886667817835,0.2320405974984169,1.2275419235229492,1.00791534781456,1.3161545544862747
100,1,layer_13.mlp_down,0.3859473764896393,0.01835628067864625,0.007896027527749538,0.028234319761395454,0.005199354654178023,0.2400766670703888,1.2275419235229492,1.00791534781456,1.3161545544862747
100,1,layer_14.attn_o,0.09668180346488953,0.0033770102358051473,0.005093717481940985,0.028234319761395454,0.009138079109834506,0.2466296821832657,1.2275419235229492,1.00791534781456,1.3161545544862747
100,1,layer_14.mlp_down,0.3836248815059662,0.017184732647560673,0.020795440301299095,0.028234319761395454,0.004091261397115886,0.29141324013471603,1.2275419235229492,1.00791534781456,1.3161545544862747
100,1,layer_15.attn_o,0.11168388277292252,0.0060745147487011935,0.02530542016029358,0.028234319761395454,0.004930246784351766,0.39293395578861234,1.2275419235229492,1.00791534781456,1.3161545544862747
100,1,layer_15.mlp_down,0.3706607520580292,0.014562147852349775,0.01036418229341507,0.028234319761395454,0.004907047920278273,0.16627264097332956,1.2275419235229492,1.00791534781456,1.3161545544862747
100,1,layer_16.attn_o,0.10595148801803589,0.004732880856577442,0.009449894540011883,0.028234319761395454,0.007383706886321307,0.18275985568761827,1.2275419235229492,1.00791534781456,1.3161545544862747
100,1,layer_16.mlp_down,0.34582144021987915,0.010535912471691429,0.0010371151147410274,0.028234319761395454,0.005524946242803708,0.16835666820406914,1.2275419235229492,1.00791534781456,1.3161545544862747
100,1,layer_17.attn_o,0.1151810884475708,0.006671368757128701,0.005895671434700489,0.028234319761395454,0.012062984961085021,0.4001608341932297,1.2275419235229492,1.00791534781456,1.3161545544862747
100,1,layer_17.mlp_down,0.376483291387558,0.015257970945678068,-0.0003081196337006986,0.028234319761395454,0.0033358497312292457,0.1719456247985363,1.2275419235229492,1.00791534781456,1.3161545544862747
100,1,layer_18.attn_o,0.11169097572565079,0.005797707607071413,0.006498592905700207,0.028234319761395454,0.0024069122911896555,0.21317388117313385,1.2275419235229492,1.00791534781456,1.3161545544862747
100,1,layer_18.mlp_down,0.37271732091903687,0.01480072047876387,0.005925232544541359,0.028234319761395454,0.004633228702004999,0.21223862320184708,1.2275419235229492,1.00791534781456,1.3161545544862747
100,1,layer_19.attn_o,0.12246309965848923,0.0070426239657372155,0.0044397315941751,0.028234319761395454,0.002677098970161751,0.16787626780569553,1.2275419235229492,1.00791534781456,1.3161545544862747
100,1,layer_19.mlp_down,0.37381771206855774,0.015489506775171845,0.0007551621529273689,0.028234319761395454,9.066037600859999e-05,0.1790176212787628,1.2275419235229492,1.00791534781456,1.3161545544862747
100,1,layer_20.attn_o,0.08819608390331268,0.002879339166228405,0.009422467090189457,0.028234319761395454,0.003961882065050304,0.30366759449243547,1.2275419235229492,1.00791534781456,1.3161545544862747
100,1,layer_20.mlp_down,0.40222182869911194,0.021697519337463347,0.022196238860487938,0.028234319761395454,-0.0011694636777974665,0.22552758529782296,1.2275419235229492,1.00791534781456,1.3161545544862747
100,1,layer_21.attn_o,0.08449912816286087,0.003413307846295498,0.037677355110645294,0.028234319761395454,0.006607590056955814,0.4657118320465088,1.2275419235229492,1.00791534781456,1.3161545544862747
100,1,layer_21.mlp_down,0.3517391085624695,0.01186417030110699,0.019630303606390953,0.028234319761395454,-0.0018541108118370175,0.17383727207779884,1.2275419235229492,1.00791534781456,1.3161545544862747
100,1,layer_22.attn_o,0.09144597500562668,0.0032507305795671723,0.015474526211619377,0.028234319761395454,0.0022725899820216,0.18557534590363503,1.2275419235229492,1.00791534781456,1.3161545544862747
100,1,layer_22.mlp_down,0.3591471314430237,0.01250568137327752,0.01779923588037491,0.028234319761395454,0.0020817672630073503,0.19293194487690926,1.2275419235229492,1.00791534781456,1.3161545544862747
100,1,layer_23.attn_o,0.09746887534856796,0.004453627329892132,0.026673773303627968,0.028234319761395454,0.005210044328123331,0.29927221685647964,1.2275419235229492,1.00791534781456,1.3161545544862747
100,1,layer_23.mlp_down,0.34291765093803406,0.010579264000543383,0.03020613081753254,0.028234319761395454,0.006574590015225113,0.2088169500231743,1.2275419235229492,1.00791534781456,1.3161545544862747
100,1,layer_24.attn_o,0.0977901890873909,0.005111534826254664,0.03620758652687073,0.028234319761395454,0.011206873983610421,0.4055065274238586,1.2275419235229492,1.00791534781456,1.3161545544862747
100,1,layer_24.mlp_down,0.3867139220237732,0.017150392353788697,0.02076183632016182,0.028234319761395454,0.009891295147826894,0.25056266933679583,1.2275419235229492,1.00791534781456,1.3161545544862747
100,1,layer_25.attn_o,0.10066988319158554,0.004627506964821449,-0.0006863217568024993,0.028234319761395454,0.03470573213417083,0.2996573179960251,1.2275419235229492,1.00791534781456,1.3161545544862747
100,1,layer_25.mlp_down,0.4025207757949829,0.02187308676265327,0.11722075194120407,0.028234319761395454,0.02070954933296889,0.1646463530138135,1.2275419235229492,1.00791534781456,1.3161545544862747
120,1,layer_0.attn_o,0.10311175137758255,0.0050584018955581855,0.0056658340618014336,0.008718779310584068,-0.004000426083803177,0.042766281962394716,1.13231959939003,0.9827753603458405,1.3185937032103539
120,1,layer_0.mlp_down,0.34637054800987244,0.010638920279888497,-0.0032684055622667074,0.008718779310584068,-0.005175918334862218,0.059967171645985216,1.13231959939003,0.9827753603458405,1.3185937032103539
120,1,layer_1.attn_o,0.09215452522039413,0.0038184593123422378,-0.03004666604101658,0.008718779310584068,-0.04517978832591325,0.0781226484104991,1.13231959939003,0.9827753603458405,1.3185937032103539
120,1,layer_1.mlp_down,0.3944326937198639,0.02097131443646999,-0.0007417451124638319,0.008718779310584068,-0.0016012424064683727,0.058449290692806244,1.13231959939003,0.9827753603458405,1.3185937032103539
120,1,layer_2.attn_o,0.09732931852340698,0.0042767377648864,0.024249017238616943,0.008718779310584068,-0.014734430160024204,0.09223928805440665,1.13231959939003,0.9827753603458405,1.3185937032103539
120,1,layer_2.mlp_down,0.3966200649738312,0.02151966670840575,0.007705205120146275,0.008718779310584068,-0.013662025285884737,0.08716258872300386,1.13231959939003,0.9827753603458405,1.3185937032103539
120,1,layer_3.attn_o,0.09467709809541702,0.004206384445995115,0.011153403669595718,0.008718779310584068,-0.013695000344887376,0.09259088113903999,1.13231959939003,0.9827753603458405,1.3185937032103539
120,1,layer_3.mlp_down,0.3728051483631134,0.016992846979384094,0.0004659281112253666,0.008718779310584068,-0.008275892864912749,0.06667126747779548,1.13231959939003,0.9827753603458405,1.3185937032103539
120,1,layer_4.attn_o,0.11213838309049606,0.006097868087783409,0.001286541111767292,0.008718779310584068,-0.01334345741197467,0.10206876620650292,1.13231959939003,0.9827753603458405,1.3185937032103539
120,1,layer_4.mlp_down,0.3298812210559845,0.010427115155772673,0.0007914946181699634,0.008718779310584068,-0.008598421048372985,0.1070386242121458,1.13231959939003,0.9827753603458405,1.3185937032103539
120,1,layer_5.attn_o,0.08873257786035538,0.0035130798391076992,0.06249967962503433,0.008718779310584068,0.012399816699326039,0.2713217510143295,1.13231959939003,0.9827753603458405,1.3185937032103539
120,1,layer_5.mlp_down,0.34980371594429016,0.014105352398671422,0.0020120772533118725,0.008718779310584068,-0.009123061320860871,0.08126368578523398,1.13231959939003,0.9827753603458405,1.3185937032103539
120,1,layer_6.attn_o,0.10624261945486069,0.00577855466226144,0.0072927954606711864,0.008718779310584068,-0.01448964625597,0.12495816573500633,1.13231959939003,0.9827753603458405,1.3185937032103539
120,1,layer_6.mlp_down,0.35866984724998474,0.01534710120765759,0.026237137615680695,0.008718779310584068,-0.012327823787927628,0.12619530372321605,1.13231959939003,0.9827753603458405,1.3185937032103539
120,1,layer_7.attn_o,0.08328650891780853,0.0026348048292536663,0.02392560988664627,0.008718779310584068,-0.013691185880452395,0.19649701863527297,1.13231959939003,0.9827753603458405,1.3185937032103539
120,1,layer_7.mlp_down,0.32155245542526245,0.010515411416349676,0.04530664160847664,0.008718779310584068,-0.014469597721472383,0.17341627553105354,1.13231959939003,0.9827753603458405,1.3185937032103539
120,1,layer_8.attn_o,0.08551448583602905,0.0027259663136801676,0.024360807612538338,0.008718779310584068,-0.013772135972976685,0.20868116915225982,1.13231959939003,0.9827753603458405,1.3185937032103539
120,1,layer_8.mlp_down,0.31773698329925537,0.01030163423558056,0.030439326539635658,0.008718779310584068,-0.011227159503323491,0.21986905336380005,1.13231959939003,0.9827753603458405,1.3185937032103539
120,1,layer_9.attn_o,0.08084658533334732,0.002694820043609095,0.025318825617432594,0.008718779310584068,-0.00036379032535478474,0.3056931085884571,1.13231959939003,0.9827753603458405,1.3185937032103539
120,1,layer_9.mlp_down,0.36161014437675476,0.01832657765350172,0.027831055223941803,0.008718779310584068,-0.007936194958165287,0.28438734710216523,1.13231959939003,0.9827753603458405,1.3185937032103539
120,1,layer_10.attn_o,0.10133995860815048,0.005511984425608284,0.01256395224481821,0.008718779310584068,-0.0008313463069498539,0.3487123057246208,1.13231959939003,0.9827753603458405,1.3185937032103539
120,1,layer_10.mlp_down,0.3008754253387451,0.008984104872722415,0.020198633894324303,0.008718779310584068,-0.014244228135794401,0.3829799860715866,1.13231959939003,0.9827753603458405,1.3185937032103539
120,1,layer_11.attn_o,0.087740957736969,0.00365483426315298,0.02160402573645115,0.008718779310584068,0.006310925004072487,0.4998089537024498,1.13231959939003,0.9827753603458405,1.3185937032103539
120,1,layer_11.mlp_down,0.3662896156311035,0.02043672085774812,0.02691556140780449,0.008718779310584068,0.002912408811971545,0.3695195958018303,1.13231959939003,0.9827753603458405,1.3185937032103539
120,1,layer_12.attn_o,0.0882883220911026,0.0031812132759559074,0.006900081876665354,0.008718779310584068,-0.003674941533245146,0.34728675335645676,1.13231959939003,0.9827753603458405,1.3185937032103539
120,1,layer_12.mlp_down,0.333942174911499,0.012408985446601288,0.014040187001228333,0.008718779310584068,0.0025827087461948394,0.2678501896560192,1.13231959939003,0.9827753603458405,1.3185937032103539
120,1,layer_13.attn_o,0.10027515888214111,0.0052067652213491356,0.0033843086566776037,0.008718779310584068,-0.0010553451720625162,0.24567076191306114,1.13231959939003,0.9827753603458405,1.3185937032103539
120,1,layer_13.mlp_down,0.3588288426399231,0.0170647347446173,0.008016999810934067,0.008718779310584068,3.5268813371658324e-05,0.24234307557344437,1.13231959939003,0.9827753603458405,1.3185937032103539
120,1,layer_14.attn_o,0.08996831625699997,0.0031425121567601813,0.003804554231464863,0.008718779310584068,-0.003561953571625054,0.25813171193003653,1.13231959939003,0.9827753603458405,1.3185937032103539
120,1,layer_14.mlp_down,0.354858934879303,0.015894742704411585,0.0024219935294240713,0.008718779310584068,-0.007895614609878976,0.2830801233649254,1.13231959939003,0.9827753603458405,1.3185937032103539
120,1,layer_15.attn_o,0.10293761640787125,0.005598766507965877,-0.003029733197763562,0.008718779310584068,0.0015466639306396246,0.3842490777373314,1.13231959939003,0.9827753603458405,1.3185937032103539
120,1,layer_15.mlp_down,0.3421531915664673,0.013441354558047614,0.0028590166475623846,0.008718779310584068,-0.012172280810773373,0.18532978259027005,1.13231959939003,0.9827753603458405,1.3185937032103539
120,1,layer_16.attn_o,0.09703963249921799,0.004334775583664588,-0.0006099038873799145,0.008718779310584068,-0.015064488141797483,0.2203849270939827,1.13231959939003,0.9827753603458405,1.3185937032103539
120,1,layer_16.mlp_down,0.3221387565135956,0.009814155171149131,0.0074005103670060635,0.008718779310584068,-0.007012888754252345,0.16963305845856666,1.13231959939003,0.9827753603458405,1.3185937032103539
120,1,layer_17.attn_o,0.10826833546161652,0.006270929494147492,-0.005072294734418392,0.008718779310584068,-0.0091726592509076,0.36137528344988823,1.13231959939003,0.9827753603458405,1.3185937032103539
120,1,layer_17.mlp_down,0.35135751962661743,0.014238723497156859,0.001688032178208232,0.008718779310584068,-0.005193096300354227,0.17827193178236483,1.13231959939003,0.9827753603458405,1.3185937032103539
120,1,layer_18.attn_o,0.10436321794986725,0.005417303271170206,0.0027974736876785755,0.008718779310584068,-0.0030551292235031723,0.18438235111534595,1.13231959939003,0.9827753603458405,1.3185937032103539
120,1,layer_18.mlp_down,0.34808945655822754,0.013821918532387923,0.0168911125510931,0.008718779310584068,-0.0019518089015036822,0.22212688252329826,1.13231959939003,0.9827753603458405,1.3185937032103539
120,1,layer_19.attn_o,0.1182263195514679,0.006798909779693254,0.008050243370234966,0.008718779310584068,-0.000639276162837632,0.19382251650094987,1.13231959939003,0.9827753603458405,1.3185937032103539
120,1,layer_19.mlp_down,0.347426176071167,0.014395017883589753,0.008497674018144608,0.008718779310584068,0.0008759868214838207,0.2011134672909975,1.13231959939003,0.9827753603458405,1.3185937032103539
120,1,layer_20.attn_o,0.08528001606464386,0.0027841347787812168,0.003591997781768441,0.008718779310584068,-0.00404084655456245,0.29736322462558745,1.13231959939003,0.9827753603458405,1.3185937032103539
120,1,layer_20.mlp_down,0.3752473294734955,0.020238981215915823,0.015429352410137653,0.008718779310584068,0.003912826330633834,0.2378125298768282,1.13231959939003,0.9827753603458405,1.3185937032103539
120,1,layer_21.attn_o,0.08612113445997238,0.0034788216969019845,0.015193612314760685,0.008718779310584068,-0.004961295425891877,0.45278598368167877,1.13231959939003,0.9827753603458405,1.3185937032103539
120,1,layer_21.mlp_down,0.3217901587486267,0.010853558435042963,0.018373718485236168,0.008718779310584068,-0.0035209824272897094,0.17124336771667004,1.13231959939003,0.9827753603458405,1.3185937032103539
120,1,layer_22.attn_o,0.08697040379047394,0.003091629386282404,0.00846847239881754,0.008718779310584068,0.000586219341494143,0.19763467088341713,1.13231959939003,0.9827753603458405,1.3185937032103539
120,1,layer_22.mlp_down,0.3281473219394684,0.011425775309234039,0.01656424067914486,0.008718779310584068,-0.0006478364608483389,0.19001708179712296,1.13231959939003,0.9827753603458405,1.3185937032103539
120,1,layer_23.attn_o,0.09617701172828674,0.004394589635000443,0.013579251244664192,0.008718779310584068,-0.00507215028628707,0.2838996760547161,1.13231959939003,0.9827753603458405,1.3185937032103539
120,1,layer_23.mlp_down,0.31108713150024414,0.009597018120382992,0.0007463754154741764,0.008718779310584068,-0.0001112078782171011,0.2054443359375,1.13231959939003,0.9827753603458405,1.3185937032103539
120,1,layer_24.attn_o,0.09452904760837555,0.004941049927036165,0.00595474150031805,0.008718779310584068,-0.008522698655724525,0.4029975548386574,1.13231959939003,0.9827753603458405,1.3185937032103539
120,1,layer_24.mlp_down,0.3569740056991577,0.01582999596716349,0.018588460981845856,0.008718779310584068,-0.004121572541771456,0.23137170895934106,1.13231959939003,0.9827753603458405,1.3185937032103539
120,1,layer_25.attn_o,0.09423212707042694,0.004331555881096929,0.0012849281774833798,0.008718779310584068,0.00033465251326560976,0.2534739725291729,1.13231959939003,0.9827753603458405,1.3185937032103539
120,1,layer_25.mlp_down,0.37937676906585693,0.020611480957900632,-0.02822873555123806,0.008718779310584068,-0.015933986427262424,0.15029267966747284,1.13231959939003,0.9827753603458405,1.3185937032103539
140,1,layer_0.attn_o,0.10084955394268036,0.004947394580091388,0.012444224208593369,0.030031312257051468,-0.015247237181756645,0.14396469630300998,1.084687775373459,0.963575966656208,1.3161872550845146
140,1,layer_0.mlp_down,0.33392778038978577,0.010256463727919716,0.006914000492542982,0.030031312257051468,-0.0028063336969353257,0.07043541371822357,1.084687775373459,0.963575966656208,1.3161872550845146
140,1,layer_1.attn_o,0.09527024626731873,0.003947552338469354,0.12398888915777206,0.030031312257051468,-0.04718416838441044,0.11653119325637817,1.084687775373459,0.963575966656208,1.3161872550845146
140,1,layer_1.mlp_down,0.397450715303421,0.021128306439804307,0.0007597747026011348,0.030031312257051468,-0.003772656241199002,0.07461298555135727,1.084687775373459,0.963575966656208,1.3161872550845146
140,1,layer_2.attn_o,0.0959889143705368,0.004217831777768988,-0.013418116606771946,0.030031312257051468,-0.011564926395658403,0.11302660144865513,1.084687775373459,0.963575966656208,1.3161872550845146
140,1,layer_2.mlp_down,0.3976787328720093,0.021573095611962,-0.002363858511671424,0.030031312257051468,-0.010573336368543096,0.10930616483092308,1.084687775373459,0.963575966656208,1.3161872550845146
140,1,layer_3.attn_o,0.09432043135166168,0.004190520435484187,-0.0021032001823186874,0.030031312257051468,-0.010589162260293961,0.1268474142998457,1.084687775373459,0.963575966656208,1.3161872550845146
140,1,layer_3.mlp_down,0.3661021888256073,0.016685647973160054,-0.0010270470520481467,0.030031312257051468,-0.010046667326241732,0.0839876264333725,1.084687775373459,0.963575966656208,1.3161872550845146
140,1,layer_4.attn_o,0.11109347641468048,0.006041009866260403,0.012780627235770226,0.030031312257051468,-0.01754839182831347,0.12470451593399048,1.084687775373459,0.963575966656208,1.3161872550845146
140,1,layer_4.mlp_down,0.3210527002811432,0.010147831985888072,-0.007514737080782652,0.030031312257051468,-0.014189247624017298,0.12965100333094598,1.084687775373459,0.963575966656208,1.3161872550845146
140,1,layer_5.attn_o,0.09099049866199493,0.003602471928339816,0.15284915268421173,0.030031312257051468,-0.03602875471115112,0.2509044513106346,1.084687775373459,0.963575966656208,1.3161872550845146
140,1,layer_5.mlp_down,0.33920130133628845,0.013677095670514035,-0.0005685918149538338,0.030031312257051468,-0.0013564903056249022,0.09048158936202526,1.084687775373459,0.963575966656208,1.3161872550845146
140,1,layer_6.attn_o,0.10331426560878754,0.00561925591743922,-0.0013452321290969849,0.030031312257051468,-0.0063313126855064185,0.14020153507590294,1.084687775373459,0.963575966656208,1.3161872550845146
140,1,layer_6.mlp_down,0.34877803921699524,0.014922709841978384,0.004936908837407827,0.030031312257051468,-0.009676012431737036,0.13196211121976376,1.084687775373459,0.963575966656208,1.3161872550845146
140,1,layer_7.attn_o,0.08179683983325958,0.0025876755350685257,0.0070337397046387196,0.030031312257051468,-0.015017118630930781,0.20119650140404702,1.084687775373459,0.963575966656208,1.3161872550845146
140,1,layer_7.mlp_down,0.30885928869247437,0.010100060435866422,0.005566272418946028,0.030031312257051468,-0.015316138626076281,0.17363812401890755,1.084687775373459,0.963575966656208,1.3161872550845146
140,1,layer_8.attn_o,0.08347839117050171,0.0026610573397791203,0.005196940619498491,0.030031312257051468,-0.012099974590819329,0.21671922728419304,1.084687775373459,0.963575966656208,1.3161872550845146
140,1,layer_8.mlp_down,0.3035525381565094,0.009841527979465352,0.00942208431661129,0.030031312257051468,-0.010902240872383118,0.21216131299734114,1.084687775373459,0.963575966656208,1.3161872550845146
140,1,layer_9.attn_o,0.07802389562129974,0.002600728892604927,-0.004164576064795256,0.030031312257051468,-0.005667365749832243,0.28482580184936523,1.084687775373459,0.963575966656208,1.3161872550845146
140,1,layer_9.mlp_down,0.347476065158844,0.017608356093956976,6.180254422361031e-05,0.030031312257051468,-0.007108677632641047,0.26998150497674944,1.084687775373459,0.963575966656208,1.3161872550845146
140,1,layer_10.attn_o,0.09624180942773819,0.005234670762678523,0.0005893377237953246,0.030031312257051468,-0.005050642282003537,0.32402735352516177,1.084687775373459,0.963575966656208,1.3161872550845146
140,1,layer_10.mlp_down,0.28875190019607544,0.00862193382584744,0.12811125814914703,0.030031312257051468,-0.026007835834752767,0.3709044814109802,1.084687775373459,0.963575966656208,1.3161872550845146
140,1,layer_11.attn_o,0.08862335979938507,0.003691578834998757,0.0014897818909958005,0.030031312257051468,-0.005184776848182082,0.5316873073577881,1.084687775373459,0.963575966656208,1.3161872550845146
140,1,layer_11.mlp_down,0.3531758487224579,0.019701738081255468,-0.00022231991169974208,0.030031312257051468,-0.0019442248449195176,0.35375250279903414,1.084687775373459,0.963575966656208,1.3161872550845146
140,1,layer_12.attn_o,0.08362343907356262,0.0030131250723336982,-0.0024784482084214687,0.030031312257051468,0.001880163479654584,0.33464939147233963,1.084687775373459,0.963575966656208,1.3161872550845146
140,1,layer_12.mlp_down,0.31803464889526367,0.011817475988251665,0.0018132219556719065,0.030031312257051468,-0.0008094881777651608,0.26142989546060563,1.084687775373459,0.963575966656208,1.3161872550845146
140,1,layer_13.attn_o,0.09526412189006805,0.0049465540380069055,0.0011527113383635879,0.030031312257051468,-0.001529395068064332,0.2160195954144001,1.084687775373459,0.963575966656208,1.3161872550845146
140,1,layer_13.mlp_down,0.3394695520401001,0.016142505925787164,-0.002318252809345722,0.030031312257051468,0.002277647895971313,0.22592339366674424,1.084687775373459,0.963575966656208,1.3161872550845146
140,1,layer_14.attn_o,0.08434104919433594,0.002945954830069356,-0.0023251252714544535,0.030031312257051468,-0.00019829250522889196,0.23820517286658288,1.084687775373459,0.963575966656208,1.3161872550845146
140,1,layer_14.mlp_down,0.331161230802536,0.014832090608116912,0.004328705370426178,0.030031312257051468,0.002385665022302419,0.27527096271514895,1.084687775373459,0.963575966656208,1.3161872550845146
140,1,layer_15.attn_o,0.09570823609828949,0.005205543425883091,0.002902688691392541,0.030031312257051468,-0.007240086171077564,0.40079005658626554,1.084687775373459,0.963575966656208,1.3161872550845146
140,1,layer_15.mlp_down,0.32100072503089905,0.012609810866879278,-0.00695105642080307,0.030031312257051468,0.0001336502842605114,0.1736815504729748,1.084687775373459,0.963575966656208,1.3161872550845146
140,1,layer_16.attn_o,0.08968988060951233,0.004006446337227903,-0.0013465197989717126,0.030031312257051468,-0.004515034891664982,0.2054216206073761,1.084687775373459,0.963575966656208,1.3161872550845146
140,1,layer_16.mlp_down,0.29979777336120605,0.00913331853148089,-0.006774006877094507,0.030031312257051468,0.003412500271224417,0.15856640115380288,1.084687775373459,0.963575966656208,1.3161872550845146
140,1,layer_17.attn_o,0.10287521779537201,0.0059585232026848674,0.00326554081402719,0.030031312257051468,0.002296836188179441,0.43588637113571166,1.084687775373459,0.963575966656208,1.3161872550845146
140,1,layer_17.mlp_down,0.32625189423561096,0.013220632131500619,-6.236818444449455e-05,0.030031312257051468,0.0039410787750966845,0.17240813449025155,1.084687775373459,0.963575966656208,1.3161872550845146
140,1,layer_18.attn_o,0.09345933794975281,0.004851273556090819,0.00323834759183228,0.030031312257051468,0.0006354176613967866,0.22048638239502907,1.084687775373459,0.963575966656208,1.3161872550845146
140,1,layer_18.mlp_down,0.3230679929256439,0.012827641790394324,0.008804913610219955,0.030031312257051468,0.004001651002909057,0.21713487356901168,1.084687775373459,0.963575966656208,1.3161872550845146
140,1,layer_19.attn_o,0.10469336807727814,0.006020593781925065,0.01040684524923563,0.030031312257051468,0.0002886951668187976,0.18118869066238402,1.084687775373459,0.963575966656208,1.3161872550845146
140,1,layer_19.mlp_down,0.3241075873374939,0.01342806513008735,0.010410810820758343,0.030031312257051468,0.006458554731216282,0.17866371124982833,1.084687775373459,0.963575966656208,1.3161872550845146
140,1,layer_20.attn_o,0.07739328593015671,0.002526654044331157,0.009226424619555473,0.030031312257051468,0.0004631096730008721,0.3055758088827133,1.084687775373459,0.963575966656208,1.3161872550845146
140,1,layer_20.mlp_down,0.3500133454799652,0.018875198772597475,0.03414075821638107,0.030031312257051468,0.006667802494484931,0.24639620929956435,1.084687775373459,0.963575966656208,1.3161872550845146
140,1,layer_21.attn_o,0.0776624083518982,0.003137130217257335,0.020857950672507286,0.030031312257051468,0.011768084473442287,0.5198798775672913,1.084687775373459,0.963575966656208,1.3161872550845146
140,1,layer_21.mlp_down,0.2968999743461609,0.010013852017330209,0.024401884526014328,0.030031312257051468,0.009428189927712083,0.16683698147535325,1.084687775373459,0.963575966656208,1.3161872550845146
140,1,layer_22.attn_o,0.0796201229095459,0.002830339028087695,0.010473317466676235,0.030031312257051468,0.0036544024012982847,0.16869995072484018,1.084687775373459,0.963575966656208,1.3161872550845146
140,1,layer_22.mlp_down,0.30429545044898987,0.010594910815672893,0.03099997714161873,0.030031312257051468,0.01204456202685833,0.19360839948058128,1.084687775373459,0.963575966656208,1.3161872550845146
140,1,layer_23.attn_o,0.08556751906871796,0.0039097966611788436,0.02835293859243393,0.030031312257051468,0.009804954973515124,0.3091499239206314,1.084687775373459,0.963575966656208,1.3161872550845146
140,1,layer_23.mlp_down,0.28826627135276794,0.00889282127226156,0.025306491181254387,0.030031312257051468,0.015642585512250663,0.2055610716342926,1.084687775373459,0.963575966656208,1.3161872550845146
140,1,layer_24.attn_o,0.08615706115961075,0.0045034141938541565,0.012854787521064281,0.030031312257051468,0.02193196100415662,0.41990052461624144,1.084687775373459,0.963575966656208,1.3161872550845146
140,1,layer_24.mlp_down,0.3296225070953369,0.014615935423587745,0.05925077572464943,0.030031312257051468,0.026259454086539336,0.2250662311911583,1.084687775373459,0.963575966656208,1.3161872550845146
140,1,layer_25.attn_o,0.08490698784589767,0.0039028923412347,0.11964096128940582,0.030031312257051468,0.04095419371733442,0.27207635939121244,1.084687775373459,0.963575966656208,1.3161872550845146
140,1,layer_25.mlp_down,0.34836381673812866,0.018923630214195984,0.171330988407135,0.030031312257051468,0.05310130855068564,0.13957299403846263,1.084687775373459,0.963575966656208,1.3161872550845146
160,1,layer_0.attn_o,0.0865522101521492,0.004246005245694,-0.09072408825159073,0.009881727397441864,-0.020990221248939633,0.09994724087191571,1.0917373418807983,0.9573676213622093,1.3106989040970802
160,1,layer_0.mlp_down,0.29110828042030334,0.008941068638598535,-0.0025153306778520346,0.009881727397441864,-0.001907000399660319,0.06161179081536829,1.0917373418807983,0.9573676213622093,1.3106989040970802
160,1,layer_1.attn_o,0.08273664116859436,0.003428214441914241,-0.14358007907867432,0.009881727397441864,0.006851948937401176,0.1378907896578312,1.0917373418807983,0.9573676213622093,1.3106989040970802
160,1,layer_1.mlp_down,0.35717758536338806,0.01898431498937617,0.0022875198628753424,0.009881727397441864,9.618016192689539e-05,0.0637276541441679,1.0917373418807983,0.9573676213622093,1.3106989040970802
160,1,layer_2.attn_o,0.08428701013326645,0.0037036364541228346,-0.028693027794361115,0.009881727397441864,-0.00313267819583416,0.1154645785689354,1.0917373418807983,0.9573676213622093,1.3106989040970802
160,1,layer_2.mlp_down,0.35638532042503357,0.019329477291591738,-0.0067186434753239155,0.009881727397441864,-0.007637106557376682,0.10253791660070419,1.0917373418807983,0.9573676213622093,1.3106989040970802
160,1,layer_3.attn_o,0.08102177828550339,0.0035996731805117465,0.014485841616988182,0.009881727397441864,-0.007000672724097967,0.11194037608802318,1.0917373418807983,0.9573676213622093,1.3106989040970802
160,1,layer_3.mlp_down,0.3263884484767914,0.014874299905053958,-0.0047875819727778435,0.009881727397441864,-0.00492661633179523,0.07371921874582768,1.0917373418807983,0.9573676213622093,1.3106989040970802
160,1,layer_4.attn_o,0.09740092605352402,0.005296405599777718,0.006526646204292774,0.009881727397441864,-0.004205206362530589,0.10724614672362805,1.0917373418807983,0.9573676213622093,1.3106989040970802
160,1,layer_4.mlp_down,0.2859550416469574,0.00903824252355872,-0.028285790234804153,0.009881727397441864,-0.012672503618523479,0.1148865532130003,1.0917373418807983,0.9573676213622093,1.3106989040970802
160,1,layer_5.attn_o,0.07772089540958405,0.003077092500846023,-0.045346152037382126,0.009881727397441864,-0.017078798124566676,0.31805397793650625,1.0917373418807983,0.9573676213622093,1.3106989040970802
160,1,layer_5.mlp_down,0.30265167355537415,0.012202773400051157,0.006974752992391586,0.009881727397441864,-0.00557524967007339,0.07188456393778324,1.0917373418807983,0.9573676213622093,1.3106989040970802
160,1,layer_6.attn_o,0.09204486012458801,0.005006289305810686,0.003645786317065358,0.009881727397441864,-0.0042812075815163554,0.10600509773939848,1.0917373418807983,0.9573676213622093,1.3106989040970802
160,1,layer_6.mlp_down,0.3149530291557312,0.013474660848806448,0.005494512151926756,0.009881727397441864,-0.00741282484959811,0.10806701816618443,1.0917373418807983,0.9573676213622093,1.3106989040970802
160,1,layer_7.attn_o,0.07221435755491257,0.0022845289350765154,0.007333236746490002,0.009881727397441864,-0.008790853898972273,0.18282996229827403,1.0917373418807983,0.9573676213622093,1.3106989040970802
160,1,layer_7.mlp_down,0.280009925365448,0.009156449154976662,0.01252842415124178,0.009881727397441864,-0.007615839689970016,0.1410296842455864,1.0917373418807983,0.9573676213622093,1.3106989040970802
160,1,layer_8.attn_o,0.07533269375562668,0.0024013925430628946,0.004455581307411194,0.009881727397441864,-0.004465862369397655,0.16856229677796364,1.0917373418807983,0.9573676213622093,1.3106989040970802
160,1,layer_8.mlp_down,0.27825936675071716,0.009021281262629919,0.0044098240323364735,0.009881727397441864,-0.004806211683899164,0.18065275847911835,1.0917373418807983,0.9573676213622093,1.3106989040970802
160,1,layer_9.attn_o,0.07129441946744919,0.00237641613413871,0.01066835131496191,0.009881727397441864,-0.0023919276194646955,0.23576000779867173,1.0917373418807983,0.9573676213622093,1.3106989040970802
160,1,layer_9.mlp_down,0.3221600651741028,0.01632396526406127,-0.0005244268104434013,0.009881727397441864,-0.006567847792757675,0.23762533962726592,1.0917373418807983,0.9573676213622093,1.3106989040970802
160,1,layer_10.attn_o,0.08985218405723572,0.004887130261582523,0.01388919074088335,0.009881727397441864,-0.009989247051998973,0.304346027970314,1.0917373418807983,0.9573676213622093,1.3106989040970802
160,1,layer_10.mlp_down,0.27129319310188293,0.008100510695053834,0.014835403300821781,0.009881727397441864,-0.011496809870004654,0.3346592277288437,1.0917373418807983,0.9573676213622093,1.3106989040970802
160,1,layer_11.attn_o,0.08474788814783096,0.0035301433269840777,-0.005148453637957573,0.009881727397441864,-0.028190285339951514,0.4770515561103821,1.0917373418807983,0.9573676213622093,1.3106989040970802
160,1,layer_11.mlp_down,0.33120599389076233,0.018473719426533555,0.00877347867935896,0.009881727397441864,-0.014109974447637796,0.31672247052192687,1.0917373418807983,0.9573676213622093,1.3106989040970802
160,1,layer_12.attn_o,0.07686639577150345,0.0027696542875141118,-0.0015520098386332393,0.009881727397441864,-0.013814860442653298,0.28762583434581757,1.0917373418807983,0.9573676213622093,1.3106989040970802
160,1,layer_12.mlp_down,0.2981317937374115,0.011077557032363475,-0.0010132751194760203,0.009881727397441864,-0.008065563160926104,0.21713242530822754,1.0917373418807983,0.9573676213622093,1.3106989040970802
160,1,layer_13.attn_o,0.08920517563819885,0.004631945052429676,0.004636801779270172,0.009881727397441864,-0.015432185679674148,0.1790394201874733,1.0917373418807983,0.9573676213622093,1.3106989040970802
160,1,layer_13.mlp_down,0.3195335865020752,0.015193386262291648,-0.0003448250354267657,0.009881727397441864,-0.010329517163336277,0.19447616934776307,1.0917373418807983,0.9573676213622093,1.3106989040970802
160,1,layer_14.attn_o,0.07949243485927582,0.00277659832636991,0.0029189004562795162,0.009881727397441864,-0.00400876235216856,0.208620984852314,1.0917373418807983,0.9573676213622093,1.3106989040970802
160,1,layer_14.mlp_down,0.3145091235637665,0.0140853787176128,0.012252670712769032,0.009881727397441864,-0.005411659809760749,0.2439853146672249,1.0917373418807983,0.9573676213622093,1.3106989040970802
160,1,layer_15.attn_o,0.09249421954154968,0.005030718855305381,0.0028269384056329727,0.009881727397441864,-0.008426993992179633,0.3695983216166496,1.0917373418807983,0.9573676213622093,1.3106989040970802
160,1,layer_15.mlp_down,0.30388978123664856,0.011937155654142028,0.0011928289895877242,0.009881727397441864,0.0025585510535165667,0.1437677927315235,1.0917373418807983,0.9573676213622093,1.3106989040970802
160,1,layer_16.attn_o,0.08531685173511505,0.00381110446694953,0.007789764553308487,0.009881727397441864,0.0012371269054710864,0.18387435674667357,1.0917373418807983,0.9573676213622093,1.3106989040970802
160,1,layer_16.mlp_down,0.28663089871406555,0.00873203635363232,-0.010364478453993797,0.009881727397441864,-0.0010748012049589307,0.1271562807261944,1.0917373418807983,0.9573676213622093,1.3106989040970802
160,1,layer_17.attn_o,0.08877701312303543,0.0051419229631889714,0.0062272753566503525,0.009881727397441864,0.0044313074962701645,0.3997803285717964,1.0917373418807983,0.9573676213622093,1.3106989040970802
160,1,layer_17.mlp_down,0.3144134283065796,0.012740372892157374,-0.014929542317986488,0.009881727397441864,-3.686337731778622e-05,0.14213849380612373,1.0917373418807983,0.9573676213622093,1.3106989040970802
160,1,layer_18.attn_o,0.08924965560436249,0.004632744224480201,0.00017196872795466334,0.009881727397441864,0.00024171469267457723,0.16956329047679902,1.0917373418807983,0.9573676213622093,1.3106989040970802
160,1,layer_18.mlp_down,0.3119615316390991,0.012386243888105223,-0.007991321384906769,0.009881727397441864,0.0006260045105591416,0.19524175226688384,1.0917373418807983,0.9573676213622093,1.3106989040970802
160,1,layer_19.attn_o,0.09921129792928696,0.005705312998930679,-0.0015938101569190621,0.009881727397441864,0.00014039590023458005,0.16199425011873245,1.0917373418807983,0.9573676213622093,1.3106989040970802
160,1,layer_19.mlp_down,0.31254154443740845,0.012948387672219012,-0.005544292274862528,0.009881727397441864,0.002718465309590101,0.1699782468378544,1.0917373418807983,0.9573676213622093,1.3106989040970802
160,1,layer_20.attn_o,0.07333041727542877,0.002394013810818929,-0.009518292732536793,0.009881727397441864,-0.00015121982432901858,0.29628844261169435,1.0917373418807983,0.9573676213622093,1.3106989040970802
160,1,layer_20.mlp_down,0.3376704156398773,0.018207634733878923,1.3046002095506992e-05,0.009881727397441864,0.004003887576982379,0.2141110584139824,1.0917373418807983,0.9573676213622093,1.3106989040970802
160,1,layer_21.attn_o,0.07336540520191193,0.002963546008131784,-0.032071564346551895,0.009881727397441864,0.011877410078886897,0.4980920046567917,1.0917373418807983,0.9573676213622093,1.3106989040970802
160,1,layer_21.mlp_down,0.2860039174556732,0.009646206107852535,-0.005371197126805782,0.009881727397441864,0.003860435145907104,0.14448594823479652,1.0917373418807983,0.9573676213622093,1.3106989040970802
160,1,layer_22.attn_o,0.07571551203727722,0.002691535588722758,-0.006055247504264116,0.009881727397441864,0.006621452933177352,0.1438542991876602,1.0917373418807983,0.9573676213622093,1.3106989040970802
160,1,layer_22.mlp_down,0.2912655472755432,0.010140994590522883,-0.003938023000955582,0.009881727397441864,0.0005760636180639267,0.17128044068813325,1.0917373418807983,0.9573676213622093,1.3106989040970802
160,1,layer_23.attn_o,0.07804767042398453,0.0035661851640935932,-0.016255905851721764,0.009881727397441864,-0.0005750312004238368,0.2684228286147118,1.0917373418807983,0.9573676213622093,1.3106989040970802
160,1,layer_23.mlp_down,0.27664995193481445,0.008534328010792309,-0.012758656404912472,0.009881727397441864,-0.0016709649236872793,0.18933331668376924,1.0917373418807983,0.9573676213622093,1.3106989040970802
160,1,layer_24.attn_o,0.0843392014503479,0.004408381806589607,-0.025111479684710503,0.009881727397441864,9.796004742383957e-05,0.3762768268585205,1.0917373418807983,0.9573676213622093,1.3106989040970802
160,1,layer_24.mlp_down,0.31392350792884827,0.013918985798832866,-0.028347548097372055,0.009881727397441864,-0.0012302865274250508,0.20154572725296022,1.0917373418807983,0.9573676213622093,1.3106989040970802
160,1,layer_25.attn_o,0.08003336936235428,0.0036788595712559597,-0.05912863835692406,0.009881727397441864,0.0008339138235896826,0.23691489323973655,1.0917373418807983,0.9573676213622093,1.3106989040970802
160,1,layer_25.mlp_down,0.33431926369667053,0.01815804186522226,0.10546975582838058,0.009881727397441864,-0.003178437100723386,0.10546987615525723,1.0917373418807983,0.9573676213622093,1.3106989040970802
180,1,layer_0.attn_o,0.08006435632705688,0.003927722240462772,0.034191686660051346,0.030599305406212807,0.07154873237013817,0.143857529386878,1.1757592618465424,0.9367425888776779,1.3120666518807411
180,1,layer_0.mlp_down,0.27827146649360657,0.008546678941297904,-0.005947173573076725,0.030599305406212807,0.0064921114593744274,0.06789530981332063,1.1757592618465424,0.9367425888776779,1.3120666518807411
180,1,layer_1.attn_o,0.07597273588180542,0.0031479432850724663,0.06328617036342621,0.030599305406212807,0.009840660355985164,0.12107883465941996,1.1757592618465424,0.9367425888776779,1.3120666518807411
180,1,layer_1.mlp_down,0.32929831743240356,0.017500230223298188,0.007420673035085201,0.030599305406212807,0.0019271255820058285,0.07523793485015631,1.1757592618465424,0.9367425888776779,1.3120666518807411
180,1,layer_2.attn_o,0.0793057531118393,0.0034847506165498893,0.034294672310352325,0.030599305406212807,0.01332681680796668,0.12195256529375911,1.1757592618465424,0.9367425888776779,1.3120666518807411
180,1,layer_2.mlp_down,0.327433317899704,0.017756780678062967,0.01673698239028454,0.030599305406212807,0.007758363918401301,0.09710368074884172,1.1757592618465424,0.9367425888776779,1.3120666518807411
180,1,layer_3.attn_o,0.07608536630868912,0.0033803499619386905,0.007373025640845299,0.030599305406212807,0.010901627014391124,0.10877464385703206,1.1757592618465424,0.9367425888776779,1.3120666518807411
180,1,layer_3.mlp_down,0.30881646275520325,0.014072628006176726,-0.002047391142696142,0.030599305406212807,0.012905217101797461,0.08154501513345166,1.1757592618465424,0.9367425888776779,1.3120666518807411
180,1,layer_4.attn_o,0.09161366522312164,0.004981691527702226,-0.00026365526719018817,0.030599305406212807,0.006240679789334536,0.1353325811214745,1.1757592618465424,0.9367425888776779,1.3120666518807411
180,1,layer_4.mlp_down,0.2701072692871094,0.008537190861864517,0.0023857110645622015,0.030599305406212807,0.015770484053064138,0.12601115740835667,1.1757592618465424,0.9367425888776779,1.3120666518807411
180,1,layer_5.attn_o,0.07248923182487488,0.0028699562086121335,-0.0005839112563990057,0.030599305406212807,0.029894090630114077,0.29967127069830896,1.1757592618465424,0.9367425888776779,1.3120666518807411
180,1,layer_5.mlp_down,0.2863684594631195,0.011545830747868484,0.003104389412328601,0.030599305406212807,0.008348942711018026,0.09231160096824169,1.1757592618465424,0.9367425888776779,1.3120666518807411
180,1,layer_6.attn_o,0.08727546036243439,0.00474685320143396,0.000625561224296689,0.030599305406212807,0.008574855048209429,0.12961987499147654,1.1757592618465424,0.9367425888776779,1.3120666518807411
180,1,layer_6.mlp_down,0.2967587411403656,0.012695648137010941,0.00777701148763299,0.030599305406212807,0.012976027838885785,0.13919091373682022,1.1757592618465424,0.9367425888776779,1.3120666518807411
180,1,layer_7.attn_o,0.06720256805419922,0.0021259757141509172,0.0011433210456743836,0.030599305406212807,0.010084361722692847,0.21528012901544571,1.1757592618465424,0.9367425888776779,1.3120666518807411
180,1,layer_7.mlp_down,0.26431575417518616,0.008643116628666276,0.032719627022743225,0.030599305406212807,0.020497818091826048,0.18348771147429943,1.1757592618465424,0.9367425888776779,1.3120666518807411
180,1,layer_8.attn_o,0.07027752697467804,0.0022402470789302936,0.013756226748228073,0.030599305406212807,0.017862975783646106,0.22457947283983232,1.1757592618465424,0.9367425888776779,1.3120666518807411
180,1,layer_8.mlp_down,0.2643003761768341,0.008568605922147138,0.023360973224043846,0.030599305406212807,0.01852725588250905,0.22305290177464485,1.1757592618465424,0.9367425888776779,1.3120666518807411
180,1,layer_9.attn_o,0.06849756836891174,0.0022831871016178243,0.014123624190688133,0.030599305406212807,0.019836528203450145,0.3048828400671482,1.1757592618465424,0.9367425888776779,1.3120666518807411
180,1,layer_9.mlp_down,0.30440473556518555,0.015422972762458628,0.036479804664850235,0.030599305406212807,0.0142285811714828,0.2816859558224678,1.1757592618465424,0.9367425888776779,1.3120666518807411
180,1,layer_10.attn_o,0.08306767046451569,0.004518097472705036,-0.003136705607175827,0.030599305406212807,0.012292366405017675,0.3601531252264977,1.1757592618465424,0.9367425888776779,1.3120666518807411
180,1,layer_10.mlp_down,0.2540205121040344,0.0075846736321406785,0.043807946145534515,0.030599305406212807,0.04499893559841439,0.3787758931517601,1.1757592618465424,0.9367425888776779,1.3120666518807411
180,1,layer_11.attn_o,0.07582157850265503,0.0031583145295591155,0.04670114815235138,0.030599305406212807,0.016129074990749358,0.525074976682663,1.1757592618465424,0.9367425888776779,1.3120666518807411
180,1,layer_11.mlp_down,0.31442171335220337,0.017535477163062044,0.049848370254039764,0.030599305406212807,0.020630034105852246,0.36610074788331987,1.1757592618465424,0.9367425888776779,1.3120666518807411
180,1,layer_12.attn_o,0.07317370921373367,0.0026365968425416486,0.00201884051784873,0.030599305406212807,0.01849879029323347,0.3639869198203087,1.1757592618465424,0.9367425888776779,1.3120666518807411
180,1,layer_12.mlp_down,0.28287944197654724,0.010510600184117232,0.03022066317498684,0.030599305406212807,0.016530979331582783,0.26467701718211173,1.1757592618465424,0.9367425888776779,1.3120666518807411
180,1,layer_13.attn_o,0.0828232541680336,0.0043005546906914344,0.0046576461754739285,0.030599305406212807,0.01719897522125393,0.226890404522419,1.1757592618465424,0.9367425888776779,1.3120666518807411
180,1,layer_13.mlp_down,0.3044886589050293,0.014477235318922496,0.02103368751704693,0.030599305406212807,0.01596029750071466,0.23003548979759217,1.1757592618465424,0.9367425888776779,1.3120666518807411
180,1,layer_14.attn_o,0.07352788746356964,0.002568258526814775,0.009802284650504589,0.030599305406212807,0.01430618022568524,0.2527166172862053,1.1757592618465424,0.9367425888776779,1.3120666518807411
180,1,layer_14.mlp_down,0.30186566710472107,0.013518555993452318,0.02286272868514061,0.030599305406212807,0.0148965610191226,0.28748083114624023,1.1757592618465424,0.9367425888776779,1.3120666518807411
180,1,layer_15.attn_o,0.08543778955936432,0.004646902566470496,0.03091404214501381,0.030599305406212807,0.02248441326664761,0.4083302766084671,1.1757592618465424,0.9367425888776779,1.3120666518807411
180,1,layer_15.mlp_down,0.2892132103443146,0.011360289944678168,0.031584255397319794,0.030599305406212807,0.009855975641403347,0.1795589119195938,1.1757592618465424,0.9367425888776779,1.3120666518807411
180,1,layer_16.attn_o,0.07914608716964722,0.0035354530497086075,0.02109675295650959,0.030599305406212807,0.013635143497958779,0.20999776795506478,1.1757592618465424,0.9367425888776779,1.3120666518807411
180,1,layer_16.mlp_down,0.268743634223938,0.008187035583103595,0.03883034363389015,0.030599305406212807,0.0030563132007955574,0.1784910134971142,1.1757592618465424,0.9367425888776779,1.3120666518807411
180,1,layer_17.attn_o,0.0847393348813057,0.004908040302730104,0.035645321011543274,0.030599305406212807,-0.0003730999247636646,0.4289327010512352,1.1757592618465424,0.9367425888776779,1.3120666518807411
180,1,layer_17.mlp_down,0.2977735102176666,0.012065648437372112,0.025254840031266212,0.030599305406212807,0.0065758760269090995,0.18976577892899513,1.1757592618465424,0.9367425888776779,1.3120666518807411
180,1,layer_18.attn_o,0.08406921476125717,0.004363821316627617,0.008234699256718159,0.030599305406212807,0.001469830027781427,0.24320146590471267,1.1757592618465424,0.9367425888776779,1.3120666518807411
180,1,layer_18.mlp_down,0.2922504246234894,0.011603330179379935,0.022442130371928215,0.030599305406212807,0.004381809220649302,0.24050476625561715,1.1757592618465424,0.9367425888776779,1.3120666518807411
180,1,layer_19.attn_o,0.09368086606264114,0.005387269096980453,0.008256747387349606,0.030599305406212807,0.0014505856728646905,0.1929120436310768,1.1757592618465424,0.9367425888776779,1.3120666518807411
180,1,layer_19.mlp_down,0.29509595036506653,0.012225183006048426,0.005929484032094479,0.030599305406212807,0.0012155337957665325,0.2241400249302387,1.1757592618465424,0.9367425888776779,1.3120666518807411
180,1,layer_20.attn_o,0.0690714567899704,0.00225496756642225,0.011617399752140045,0.030599305406212807,0.005666367104277014,0.3193008258938789,1.1757592618465424,0.9367425888776779,1.3120666518807411
180,1,layer_20.mlp_down,0.321813702583313,0.01735095668139472,0.016155418008565903,0.030599305406212807,0.0012317080982029438,0.2554713495075703,1.1757592618465424,0.9367425888776779,1.3120666518807411
180,1,layer_21.attn_o,0.06687692552804947,0.002701445754981627,0.08494887501001358,0.030599305406212807,0.0017001267289742828,0.5393795639276504,1.1757592618465424,0.9367425888776779,1.3120666518807411
180,1,layer_21.mlp_down,0.2768191695213318,0.009336278884185043,0.018616531044244766,0.030599305406212807,0.0010260673705488443,0.19490527212619782,1.1757592618465424,0.9367425888776779,1.3120666518807411
180,1,layer_22.attn_o,0.0736478790640831,0.0026180326936777287,0.020163830369710922,0.030599305406212807,0.0012650649063289166,0.18268669657409192,1.1757592618465424,0.9367425888776779,1.3120666518807411
180,1,layer_22.mlp_down,0.28401702642440796,0.009888459277555786,0.030467739328742027,0.030599305406212807,-0.0016236628056503833,0.212004866451025,1.1757592618465424,0.9367425888776779,1.3120666518807411
180,1,layer_23.attn_o,0.07390780001878738,0.0033770163201144463,0.04010763391852379,0.030599305406212807,0.0025898414372932167,0.3020925849676132,1.1757592618465424,0.9367425888776779,1.3120666518807411
180,1,layer_23.mlp_down,0.2699967324733734,0.008328979082887402,0.028012249618768692,0.030599305406212807,-0.002108748734463006,0.22464336976408958,1.1757592618465424,0.9367425888776779,1.3120666518807411
180,1,layer_24.attn_o,0.0784083679318428,0.004098373405070282,0.03742934763431549,0.030599305406212807,0.0007451222511008382,0.4325356721878052,1.1757592618465424,0.9367425888776779,1.3120666518807411
180,1,layer_24.mlp_down,0.3076055943965912,0.013638188254259038,0.05576576292514801,0.030599305406212807,0.004515161330346018,0.24405776113271713,1.1757592618465424,0.9367425888776779,1.3120666518807411
180,1,layer_25.attn_o,0.0767570212483406,0.0035282487303039682,0.04341260716319084,0.030599305406212807,0.015793701354414224,0.26585690304636955,1.1757592618465424,0.9367425888776779,1.3120666518807411
180,1,layer_25.mlp_down,0.32245129346847534,0.017511490089009075,0.07107871770858765,0.030599305406212807,0.0012036218075081706,0.14556816034018993,1.1757592618465424,0.9367425888776779,1.3120666518807411
200,1,layer_0.attn_o,0.07108370959758759,0.003487152207235558,0.1329198181629181,0.027063455432653427,-0.0006858479231595993,0.15309801641851664,1.15394988656044,0.9406474307179451,1.30274548381567
200,1,layer_0.mlp_down,0.23993025720119476,0.007368979906888549,0.006339370738714933,0.027063455432653427,0.007882993761450052,0.1135198500007391,1.15394988656044,0.9406474307179451,1.30274548381567
200,1,layer_1.attn_o,0.06854093819856644,0.0028400052544953216,0.044977813959121704,0.027063455432653427,0.06610039553634124,0.17671623984351753,1.15394988656044,0.9406474307179451,1.30274548381567
200,1,layer_1.mlp_down,0.29081887006759644,0.015453754258773536,-0.0078030736185610294,0.027063455432653427,0.003963420691434294,0.11245030164718628,1.15394988656044,0.9406474307179451,1.30274548381567
200,1,layer_2.attn_o,0.06996893137693405,0.0030744804897318654,0.05186071991920471,0.027063455432653427,0.01440670806914568,0.16049697920680045,1.15394988656044,0.9406474307179451,1.30274548381567
200,1,layer_2.mlp_down,0.29386308789253235,0.01593465272818295,0.005129592027515173,0.027063455432653427,0.009317199990618974,0.14509575217962264,1.15394988656044,0.9406474307179451,1.30274548381567
200,1,layer_3.attn_o,0.06820048391819,0.0030300335183947417,0.021539678797125816,0.027063455432653427,0.01297791611868888,0.15473246835172177,1.15394988656044,0.9406474307179451,1.30274548381567
200,1,layer_3.mlp_down,0.2781902253627777,0.012676311049895325,0.017600534483790398,0.027063455432653427,0.011414098925888539,0.13084497824311256,1.15394988656044,0.9406474307179451,1.30274548381567
200,1,layer_4.attn_o,0.08322836458683014,0.0045257090265399275,0.019300412386655807,0.027063455432653427,0.025844505243003368,0.16549721360206604,1.15394988656044,0.9406474307179451,1.30274548381567
200,1,layer_4.mlp_down,0.2464008629322052,0.007787800010513298,0.014230107888579369,0.027063455432653427,0.019503908063052224,0.19749127700924873,1.15394988656044,0.9406474307179451,1.30274548381567
200,1,layer_5.attn_o,0.06686434149742126,0.00264725585856149,0.08033324033021927,0.027063455432653427,0.11740962602198124,0.37336852252483366,1.15394988656044,0.9406474307179451,1.30274548381567
200,1,layer_5.mlp_down,0.263228178024292,0.010612540399512684,0.007770716678351164,0.027063455432653427,0.007460638205520809,0.12883658297359943,1.15394988656044,0.9406474307179451,1.30274548381567
200,1,layer_6.attn_o,0.08076123148202896,0.004392542323409364,0.002162188058719039,0.027063455432653427,0.015349352569319307,0.16225655972957612,1.15394988656044,0.9406474307179451,1.30274548381567
200,1,layer_6.mlp_down,0.27708637714385986,0.011853633800200741,0.0054847439751029015,0.027063455432653427,0.01641055962536484,0.16739760041236879,1.15394988656044,0.9406474307179451,1.30274548381567
200,1,layer_7.attn_o,0.061122696846723557,0.0019336376553330122,0.0015388093888759613,0.027063455432653427,0.024783974373713137,0.25494019240140914,1.15394988656044,0.9406474307179451,1.30274548381567
200,1,layer_7.mlp_down,0.2444145679473877,0.00799225277357104,0.014720018953084946,0.027063455432653427,0.02061472663190216,0.2142065480351448,1.15394988656044,0.9406474307179451,1.30274548381567
200,1,layer_8.attn_o,0.06422422081232071,0.002047286938396531,0.003045728662982583,0.027063455432653427,0.02717181090847589,0.2219741925597191,1.15394988656044,0.9406474307179451,1.30274548381567
200,1,layer_8.mlp_down,0.24202217161655426,0.007846267509655672,0.016370225697755814,0.027063455432653427,0.023498963518068194,0.2511368438601494,1.15394988656044,0.9406474307179451,1.30274548381567
200,1,layer_9.attn_o,0.06311185657978058,0.0021036664938129277,0.00511787086725235,0.027063455432653427,0.023599549755454065,0.3460513725876808,1.15394988656044,0.9406474307179451,1.30274548381567
200,1,layer_9.mlp_down,0.27854543924331665,0.014111886743334098,0.02243787609040737,0.027063455432653427,0.02209056089632213,0.3173257112503052,1.15394988656044,0.9406474307179451,1.30274548381567
200,1,layer_10.attn_o,0.07520431280136108,0.004090402890285445,0.007857246324419975,0.027063455432653427,0.021250840625725687,0.40181836783885955,1.15394988656044,0.9406474307179451,1.30274548381567
200,1,layer_10.mlp_down,0.22890585660934448,0.006834715077530362,0.14380457997322083,0.027063455432653427,0.042506669531576335,0.4213348954916,1.15394988656044,0.9406474307179451,1.30274548381567
200,1,layer_11.attn_o,0.06593058258295059,0.002746303332127704,0.04229425638914108,0.027063455432653427,0.05316572119481862,0.5701305449008942,1.15394988656044,0.9406474307179451,1.30274548381567
200,1,layer_11.mlp_down,0.2859508693218231,0.015946174792317837,0.047480739653110504,0.027063455432653427,0.02392703590448946,0.3845252901315689,1.15394988656044,0.9406474307179451,1.30274548381567
200,1,layer_12.attn_o,0.06474697589874268,0.0023329649066258238,0.009257218800485134,0.027063455432653427,0.014317584224045277,0.36019049882888793,1.15394988656044,0.9406474307179451,1.30274548381567
200,1,layer_12.mlp_down,0.2569285035133362,0.00954614066130029,0.02490149810910225,0.027063455432653427,0.01404742234153673,0.2714521959424019,1.15394988656044,0.9406474307179451,1.30274548381567
200,1,layer_13.attn_o,0.07512201368808746,0.003900667893664684,-0.000753651256673038,0.027063455432653427,0.009892557986313477,0.21585076451301574,1.15394988656044,0.9406474307179451,1.30274548381567
200,1,layer_13.mlp_down,0.2748173475265503,0.013065829743821642,0.02331000380218029,0.027063455432653427,0.011779365851543844,0.23690501898527144,1.15394988656044,0.9406474307179451,1.30274548381567
200,1,layer_14.attn_o,0.0663091316819191,0.0023161150884464595,0.009807159192860126,0.027063455432653427,0.00428524826420471,0.2516386151313782,1.15394988656044,0.9406474307179451,1.30274548381567
200,1,layer_14.mlp_down,0.27232950925827026,0.012195296619716465,0.025629516690969467,0.027063455432653427,0.010189018910750747,0.28351948112249375,1.15394988656044,0.9406474307179451,1.30274548381567
200,1,layer_15.attn_o,0.07693720608949661,0.0041845534346223075,0.03891100361943245,0.027063455432653427,0.023427212810315724,0.4116914361715317,1.15394988656044,0.9406474307179451,1.30274548381567
200,1,layer_15.mlp_down,0.2639268636703491,0.010366758414441016,0.0406259261071682,0.027063455432653427,0.009372937347507104,0.16587545350193977,1.15394988656044,0.9406474307179451,1.30274548381567
200,1,layer_16.attn_o,0.07108071446418762,0.003175175286676529,0.019547797739505768,0.027063455432653427,0.011609990848228335,0.18981553092598916,1.15394988656044,0.9406474307179451,1.30274548381567
200,1,layer_16.mlp_down,0.2466759830713272,0.007514680399238269,0.04147849604487419,0.027063455432653427,0.008248311118222773,0.15953406691551208,1.15394988656044,0.9406474307179451,1.30274548381567
200,1,layer_17.attn_o,0.07982464879751205,0.004623377617759353,0.04766988381743431,0.027063455432653427,0.003720952826552093,0.4241214990615845,1.15394988656044,0.9406474307179451,1.30274548381567
200,1,layer_17.mlp_down,0.27014991641044617,0.010946043242541408,0.02629815600812435,0.027063455432653427,0.007064578169956803,0.16989145651459694,1.15394988656044,0.9406474307179451,1.30274548381567
200,1,layer_18.attn_o,0.07370416820049286,0.003825790644150246,0.009905662387609482,0.027063455432653427,0.001878963876515627,0.2126156210899353,1.15394988656044,0.9406474307179451,1.30274548381567
200,1,layer_18.mlp_down,0.26615095138549805,0.010566874372178528,0.02219301648437977,0.027063455432653427,0.006342732417397201,0.21853675842285156,1.15394988656044,0.9406474307179451,1.30274548381567
200,1,layer_19.attn_o,0.08595875650644302,0.004943170181334628,0.011694132350385189,0.027063455432653427,0.0015693404449848459,0.16448852345347403,1.15394988656044,0.9406474307179451,1.30274548381567
200,1,layer_19.mlp_down,0.2686542272567749,0.011129464477607895,0.02348705567419529,0.027063455432653427,0.00022083460353314877,0.19921267479658128,1.15394988656044,0.9406474307179451,1.30274548381567
200,1,layer_20.attn_o,0.06310184299945831,0.0020600780443518815,0.017974551767110825,0.027063455432653427,-0.0016168891917914153,0.31642671674489975,1.15394988656044,0.9406474307179451,1.30274548381567
200,1,layer_20.mlp_down,0.29647910594940186,0.015983623772631704,0.03427858650684357,0.027063455432653427,0.0028224727080669253,0.2579616069793701,1.15394988656044,0.9406474307179451,1.30274548381567
200,1,layer_21.attn_o,0.059623539447784424,0.0024084485369015515,0.07291371375322342,0.027063455432653427,0.034544875740539285,0.5435560256242752,1.15394988656044,0.9406474307179451,1.30274548381567
200,1,layer_21.mlp_down,0.2528122067451477,0.008526505107260652,0.027113301679491997,0.027063455432653427,0.006705999514088035,0.18263663351535797,1.15394988656044,0.9406474307179451,1.30274548381567
200,1,layer_22.attn_o,0.06364593654870987,0.002262482240452454,0.014865176752209663,0.027063455432653427,0.00483067324385047,0.17391834780573845,1.15394988656044,0.9406474307179451,1.30274548381567
200,1,layer_22.mlp_down,0.25973471999168396,0.00904292673117296,0.019619103521108627,0.027063455432653427,0.00985044650733471,0.20147448778152466,1.15394988656044,0.9406474307179451,1.30274548381567
200,1,layer_23.attn_o,0.06778545677661896,0.0030972678742103034,0.025079278275370598,0.027063455432653427,0.018268474796786904,0.2891593337059021,1.15394988656044,0.9406474307179451,1.30274548381567
200,1,layer_23.mlp_down,0.24577222764492035,0.007581639055257318,0.0329732745885849,0.027063455432653427,0.012994657456874847,0.2195487752556801,1.15394988656044,0.9406474307179451,1.30274548381567
200,1,layer_24.attn_o,0.0681874230504036,0.00356411990251399,0.04667951911687851,0.027063455432653427,0.024172421148978173,0.42675480544567107,1.15394988656044,0.9406474307179451,1.30274548381567
200,1,layer_24.mlp_down,0.28064578771591187,0.01244241368124754,0.05426203832030296,0.027063455432653427,0.0019117125775665045,0.24397574812173844,1.15394988656044,0.9406474307179451,1.30274548381567
200,1,layer_25.attn_o,0.07011529058218002,0.0032229498894560697,0.04645625129342079,0.027063455432653427,-0.005955324799288064,0.25627444088459017,1.15394988656044,0.9406474307179451,1.30274548381567
200,1,layer_25.mlp_down,0.2968194782733917,0.016118095526548394,-0.003627684200182557,0.027063455432653427,-0.00612542531453073,0.16728550046682358,1.15394988656044,0.9406474307179451,1.30274548381567
220,1,layer_0.attn_o,0.06285375356674194,0.0030834107925607314,0.07786846160888672,0.04837237671017647,0.08462869077920913,0.09586739713558927,1.234592354297638,0.9340279474854469,1.2948921248316765
220,1,layer_0.mlp_down,0.21584421396255493,0.006629187011039212,0.024303363636136055,0.04837237671017647,0.014319933240767569,0.06447893232107163,1.234592354297638,0.9340279474854469,1.2948921248316765
220,1,layer_1.attn_o,0.059331219643354416,0.0024583968863883003,0.1865900307893753,0.04837237671017647,0.06831773612648248,0.10956670939922333,1.234592354297638,0.9340279474854469,1.2948921248316765
220,1,layer_1.mlp_down,0.27234336733818054,0.014471009192400254,0.009792865253984928,0.04837237671017647,0.005730891245912062,0.06100679002702236,1.234592354297638,0.9340279474854469,1.2948921248316765
220,1,layer_2.attn_o,0.062471769750118256,0.0027450493967388617,0.08682123571634293,0.04837237671017647,0.023909258481580764,0.10486681945621967,1.234592354297638,0.9340279474854469,1.2948921248316765
220,1,layer_2.mlp_down,0.27397531270980835,0.014855196781086403,0.025813288986682892,0.04837237671017647,0.01723692163359374,0.09220822844654322,1.234592354297638,0.9340279474854469,1.2948921248316765
220,1,layer_3.attn_o,0.06088903918862343,0.002705194809944126,0.052012380212545395,0.04837237671017647,0.008840423217043281,0.10271248631179333,1.234592354297638,0.9340279474854469,1.2948921248316765
220,1,layer_3.mlp_down,0.24954009056091309,0.01137038959336846,0.010314874351024628,0.04837237671017647,0.013490410328086,0.08850812166929245,1.234592354297638,0.9340279474854469,1.2948921248316765
220,1,layer_4.attn_o,0.07343246787786484,0.003993026340524066,0.04056456685066223,0.04837237671017647,0.015416584420017898,0.11629946380853654,1.234592354297638,0.9340279474854469,1.2948921248316765
220,1,layer_4.mlp_down,0.219736710190773,0.006944982443479006,0.04432225227355957,0.04837237671017647,0.00859456517102899,0.13888943269848825,1.234592354297638,0.9340279474854469,1.2948921248316765
220,1,layer_5.attn_o,0.056893642991781235,0.0022525023535576207,0.29789280891418457,0.04837237671017647,0.06120464242994785,0.2870632320642471,1.234592354297638,0.9340279474854469,1.2948921248316765
220,1,layer_5.mlp_down,0.23536229133605957,0.009488923583166097,0.02003372833132744,0.04837237671017647,0.007964944699779153,0.08288627713918686,1.234592354297638,0.9340279474854469,1.2948921248316765
220,1,layer_6.attn_o,0.0707334503531456,0.0038471229250807565,0.009680474177002907,0.04837237671017647,0.007710202191810822,0.12871200144290923,1.234592354297638,0.9340279474854469,1.2948921248316765
220,1,layer_6.mlp_down,0.24314041435718536,0.010401164562862641,0.025408366695046425,0.04837237671017647,0.012877821037545801,0.133330749720335,1.234592354297638,0.9340279474854469,1.2948921248316765
220,1,layer_7.attn_o,0.05333051085472107,0.0016871291563824772,0.030510280281305313,0.04837237671017647,0.016259462852030993,0.22757992297410964,1.234592354297638,0.9340279474854469,1.2948921248316765
220,1,layer_7.mlp_down,0.21363268792629242,0.006985623841225953,0.016954107210040092,0.04837237671017647,0.022494473168626426,0.18090616464614867,1.234592354297638,0.9340279474854469,1.2948921248316765
220,1,layer_8.attn_o,0.055843815207481384,0.0017801436875919921,0.008803101256489754,0.04837237671017647,0.021337573090568183,0.2113532990217209,1.234592354297638,0.9340279474854469,1.2948921248316765
220,1,layer_8.mlp_down,0.21194301545619965,0.006871050156593725,0.01925617828965187,0.04837237671017647,0.030965688219293953,0.21270044893026352,1.234592354297638,0.9340279474854469,1.2948921248316765
220,1,layer_9.attn_o,0.05352339521050453,0.0017840594090756839,0.012756274081766605,0.04837237671017647,0.025063755689188838,0.31164894700050355,1.234592354297638,0.9340279474854469,1.2948921248316765
220,1,layer_9.mlp_down,0.24630531668663025,0.012477938513539585,0.016059117391705513,0.04837237671017647,0.027531956695020197,0.2774163752794266,1.234592354297638,0.9340279474854469,1.2948921248316765
220,1,layer_10.attn_o,0.06681806594133377,0.0036342704277030316,0.030416883528232574,0.04837237671017647,0.02794054839760065,0.34630709886550903,1.234592354297638,0.9340279474854469,1.2948921248316765
220,1,layer_10.mlp_down,0.2023017406463623,0.006040318172566288,0.1441223919391632,0.04837237671017647,0.04687091987580061,0.3792304337024689,1.234592354297638,0.9340279474854469,1.2948921248316765
220,1,layer_11.attn_o,0.05685387924313545,0.0023682137571980214,0.12604448199272156,0.04837237671017647,0.048668550746515396,0.49184389412403107,1.234592354297638,0.9340279474854469,1.2948921248316765
220,1,layer_11.mlp_down,0.25753286480903625,0.014360395265754711,0.07447021454572678,0.04837237671017647,0.028967925476899838,0.35754917562007904,1.234592354297638,0.9340279474854469,1.2948921248316765
220,1,layer_12.attn_o,0.058388158679008484,0.0021038417965785453,0.01668119803071022,0.04837237671017647,0.031010500877164303,0.3461476802825928,1.234592354297638,0.9340279474854469,1.2948921248316765
220,1,layer_12.mlp_down,0.2312038540840149,0.008590192305511496,0.042602330446243286,0.04837237671017647,0.0265981427161023,0.2466927781701088,1.234592354297638,0.9340279474854469,1.2948921248316765
220,1,layer_13.attn_o,0.06831371039152145,0.0035471400728569005,0.008117914199829102,0.04837237671017647,0.015592087106779218,0.23003176748752593,1.234592354297638,0.9340279474854469,1.2948921248316765
220,1,layer_13.mlp_down,0.24799427390098572,0.011790127869696552,0.027697062119841576,0.04837237671017647,0.009903287584893405,0.2326854258775711,1.234592354297638,0.9340279474854469,1.2948921248316765
220,1,layer_14.attn_o,0.059060197323560715,0.002062913524492125,0.013436790555715561,0.04837237671017647,0.01251543015241623,0.26337082833051684,1.234592354297638,0.9340279474854469,1.2948921248316765
220,1,layer_14.mlp_down,0.24841955304145813,0.011124215201240148,0.023200832307338715,0.04837237671017647,0.017932885128539057,0.2880654141306877,1.234592354297638,0.9340279474854469,1.2948921248316765
220,1,layer_15.attn_o,0.06967666000127792,0.0037896482803718226,0.08026695996522903,0.04837237671017647,0.04045966453850269,0.38307471573352814,1.234592354297638,0.9340279474854469,1.2948921248316765
220,1,layer_15.mlp_down,0.23684047162532806,0.009302632460453231,0.03822728618979454,0.04837237671017647,0.018408947880379854,0.17228711545467376,1.234592354297638,0.9340279474854469,1.2948921248316765
220,1,layer_16.attn_o,0.06511082500219345,0.002908495635253026,0.027072081342339516,0.04837237671017647,0.022126620262861253,0.19476364850997924,1.234592354297638,0.9340279474854469,1.2948921248316765
220,1,layer_16.mlp_down,0.219573512673378,0.0066889957776785375,0.053076572716236115,0.04837237671017647,0.019131534232292323,0.14773780405521392,1.234592354297638,0.9340279474854469,1.2948921248316765
220,1,layer_17.attn_o,0.06645718961954117,0.0038491365116859262,0.051520537585020065,0.04837237671017647,0.0011357952549587934,0.3679326012730598,1.234592354297638,0.9340279474854469,1.2948921248316765
220,1,layer_17.mlp_down,0.24309782683849335,0.00984975840600572,0.04542282596230507,0.04837237671017647,0.017612374119926243,0.15388740226626396,1.234592354297638,0.9340279474854469,1.2948921248316765
220,1,layer_18.attn_o,0.06471371650695801,0.0033591128216580615,0.01282796822488308,0.04837237671017647,0.0019350008224137127,0.18904414623975754,1.234592354297638,0.9340279474854469,1.2948921248316765
220,1,layer_18.mlp_down,0.239301860332489,0.0095007355391667,0.044859714806079865,0.04837237671017647,0.015138650231529027,0.19584908187389374,1.234592354297638,0.9340279474854469,1.2948921248316765
220,1,layer_19.attn_o,0.07407238334417343,0.004259604058431236,0.01567005179822445,0.04837237671017647,0.0028657632181420924,0.14734708182513714,1.234592354297638,0.9340279474854469,1.2948921248316765
220,1,layer_19.mlp_down,0.24118970334529877,0.009991504228731815,0.020279383286833763,0.04837237671017647,0.01190429860725999,0.18545025065541268,1.234592354297638,0.9340279474854469,1.2948921248316765
220,1,layer_20.attn_o,0.055500708520412445,0.0018119259905801331,0.021914329379796982,0.04837237671017647,0.015276861080201343,0.30139987766742704,1.234592354297638,0.9340279474854469,1.2948921248316765
220,1,layer_20.mlp_down,0.26543131470680237,0.014308901605002774,0.013174946419894695,0.04837237671017647,0.010701954457908868,0.24137182533740997,1.234592354297638,0.9340279474854469,1.2948921248316765
220,1,layer_21.attn_o,0.05292282998561859,0.002137775396441121,0.18926773965358734,0.04837237671017647,0.03400761608500034,0.4996807098388672,1.234592354297638,0.9340279474854469,1.2948921248316765
220,1,layer_21.mlp_down,0.22284887731075287,0.007515884320042368,0.023470692336559296,0.04837237671017647,0.010526942717842758,0.1587255857884884,1.234592354297638,0.9340279474854469,1.2948921248316765
220,1,layer_22.attn_o,0.056371062994003296,0.002003877067167339,0.038356173783540726,0.04837237671017647,0.010106557398103178,0.14543796181678773,1.234592354297638,0.9340279474854469,1.2948921248316765
220,1,layer_22.mlp_down,0.2271517962217331,0.00790843791466111,0.03268377110362053,0.04837237671017647,0.011744135804474354,0.1780521973967552,1.234592354297638,0.9340279474854469,1.2948921248316765
220,1,layer_23.attn_o,0.057670049369335175,0.002635068109583876,0.06657389551401138,0.04837237671017647,0.019413583911955357,0.2642415925860405,1.234592354297638,0.9340279474854469,1.2948921248316765
220,1,layer_23.mlp_down,0.21350429952144623,0.006586201798815221,0.045581553131341934,0.04837237671017647,0.02493293909355998,0.20278017967939377,1.234592354297638,0.9340279474854469,1.2948921248316765
220,1,layer_24.attn_o,0.05977805331349373,0.003124557950344246,0.11593983322381973,0.04837237671017647,0.03552212780341506,0.4233458936214447,1.234592354297638,0.9340279474854469,1.2948921248316765
220,1,layer_24.mlp_down,0.24542780220508575,0.010880706273229653,0.08521059155464172,0.04837237671017647,0.02844833736307919,0.21645841002464294,1.234592354297638,0.9340279474854469,1.2948921248316765
220,1,layer_25.attn_o,0.06067688390612602,0.0027890953441382206,0.1165810227394104,0.04837237671017647,0.04455458484590054,0.24070290774106978,1.234592354297638,0.9340279474854469,1.2948921248316765
220,1,layer_25.mlp_down,0.2597159445285797,0.014102206192974974,0.09430287778377533,0.04837237671017647,0.024716290402284357,0.16530072763562204,1.234592354297638,0.9340279474854469,1.2948921248316765
240,1,layer_0.attn_o,0.05524318665266037,0.0027100576310903376,0.02129845693707466,0.051513560116291046,-0.01680326268542558,0.13841570485383273,1.2615755498409271,0.9160116761922836,1.2968644797801971
240,1,layer_0.mlp_down,0.18551169335842133,0.0056975607078392524,0.010613249614834785,0.051513560116291046,-0.004760713269934058,0.09159024516120554,1.2615755498409271,0.9160116761922836,1.2968644797801971
240,1,layer_1.attn_o,0.05126392841339111,0.002124126942152539,0.22957170009613037,0.051513560116291046,-0.02238652645610273,0.16532832784578205,1.2615755498409271,0.9160116761922836,1.2968644797801971
240,1,layer_1.mlp_down,0.22919471561908722,0.012177600015413391,-0.00036147082573734224,0.051513560116291046,0.0006025203038007021,0.09378672307357191,1.2615755498409271,0.9160116761922836,1.2968644797801971
240,1,layer_2.attn_o,0.053815796971321106,0.0023646990462245837,0.03353822976350784,0.051513560116291046,-0.0037010460102465,0.13569253087043762,1.2615755498409271,0.9160116761922836,1.2968644797801971
240,1,layer_2.mlp_down,0.2320249229669571,0.012579906319948151,0.00557070504873991,0.051513560116291046,-0.0001436946913599968,0.12546237632632257,1.2615755498409271,0.9160116761922836,1.2968644797801971
240,1,layer_3.attn_o,0.053001683205366135,0.0023547700183101103,0.018611108884215355,0.051513560116291046,-0.003727598272962496,0.1448242923244834,1.2615755498409271,0.9160116761922836,1.2968644797801971
240,1,layer_3.mlp_down,0.21639734506607056,0.009859964654155007,0.02613695152103901,0.051513560116291046,0.002747972775250673,0.11676966659724712,1.2615755498409271,0.9160116761922836,1.2968644797801971
240,1,layer_4.attn_o,0.06445226818323135,0.0035047091817349625,0.03154084086418152,0.051513560116291046,-0.0019943718565627933,0.15580619238317012,1.2615755498409271,0.9160116761922836,1.2968644797801971
240,1,layer_4.mlp_down,0.1897885948419571,0.0059983935067782134,0.0457707904279232,0.051513560116291046,-0.0017267640214413404,0.18455917872488498,1.2615755498409271,0.9160116761922836,1.2968644797801971
240,1,layer_5.attn_o,0.051450617611408234,0.0020370033434300655,0.14706280827522278,0.051513560116291046,-0.0394386475905776,0.37081981301307676,1.2615755498409271,0.9160116761922836,1.2968644797801971
240,1,layer_5.mlp_down,0.20511053502559662,0.008269138869553544,0.017468856647610664,0.051513560116291046,-0.0011576796096051112,0.09743476323783398,1.2615755498409271,0.9160116761922836,1.2968644797801971
240,1,layer_6.attn_o,0.06162576377391815,0.003351762706882127,0.006220201496034861,0.051513560116291046,-0.008018295001238584,0.146295990049839,1.2615755498409271,0.9160116761922836,1.2968644797801971
240,1,layer_6.mlp_down,0.20755958557128906,0.00887883793870846,0.02272249571979046,0.051513560116291046,-0.002720811520703137,0.14540329724550247,1.2615755498409271,0.9160116761922836,1.2968644797801971
240,1,layer_7.attn_o,0.0460546649992466,0.0014569550804139706,0.017342781648039818,0.051513560116291046,-0.006454360915813595,0.23824309632182122,1.2615755498409271,0.9160116761922836,1.2968644797801971
240,1,layer_7.mlp_down,0.1835957020521164,0.006003415144347859,0.0388476587831974,0.051513560116291046,-0.002027859375812113,0.19812924042344093,1.2615755498409271,0.9160116761922836,1.2968644797801971
240,1,layer_8.attn_o,0.04856090620160103,0.0015479842892127623,0.010777122341096401,0.051513560116291046,-0.0017789817880839109,0.2289723575115204,1.2615755498409271,0.9160116761922836,1.2968644797801971
240,1,layer_8.mlp_down,0.18146248161792755,0.005882845531203712,0.011115716770291328,0.051513560116291046,-0.004876886033889605,0.23725780844688416,1.2615755498409271,0.9160116761922836,1.2968644797801971
240,1,layer_9.attn_o,0.047360632568597794,0.001578639475665816,0.013926654122769833,0.051513560116291046,-0.010574605665169656,0.33200956135988235,1.2615755498409271,0.9160116761922836,1.2968644797801971
240,1,layer_9.mlp_down,0.21569442749023438,0.010926718825742893,0.026502065360546112,0.051513560116291046,-0.005399945797398687,0.31381616592407224,1.2615755498409271,0.9160116761922836,1.2968644797801971
240,1,layer_10.attn_o,0.05837579444050789,0.003175083837711311,0.027195850387215614,0.051513560116291046,-0.0058114741463214156,0.3982929289340973,1.2615755498409271,0.9160116761922836,1.2968644797801971
240,1,layer_10.mlp_down,0.17688016593456268,0.005281250420000268,0.2277572900056839,0.051513560116291046,0.017377263464732097,0.4344388902187347,1.2615755498409271,0.9160116761922836,1.2968644797801971
240,1,layer_11.attn_o,0.05263670161366463,0.002192547523680388,0.05098319053649902,0.051513560116291046,0.004512101039290428,0.5708882510662079,1.2615755498409271,0.9160116761922836,1.2968644797801971
240,1,layer_11.mlp_down,0.22330960631370544,0.012451358949014146,0.08635006099939346,0.051513560116291046,-0.002876208769157529,0.3945450812578201,1.2615755498409271,0.9160116761922836,1.2968644797801971
240,1,layer_12.attn_o,0.05083585903048515,0.0018317163721393024,0.025502070784568787,0.051513560116291046,-0.010383396327961236,0.3596839874982834,1.2615755498409271,0.9160116761922836,1.2968644797801971
240,1,layer_12.mlp_down,0.19850297272205353,0.007375153206519936,0.04641025513410568,0.051513560116291046,-8.795107714831829e-05,0.2753566175699234,1.2615755498409271,0.9160116761922836,1.2968644797801971
240,1,layer_13.attn_o,0.05946281552314758,0.0030875628319741123,0.008526497520506382,0.051513560116291046,-0.0016556404327275232,0.23909346908330917,1.2615755498409271,0.9160116761922836,1.2968644797801971
240,1,layer_13.mlp_down,0.2125837355852127,0.01010639763834814,0.03693954646587372,0.051513560116291046,-0.0016470935486722737,0.24687400162220002,1.2615755498409271,0.9160116761922836,1.2968644797801971
240,1,layer_14.attn_o,0.05022124946117401,0.0017541771126787632,0.015058280900120735,0.051513560116291046,-0.0027879928471520542,0.27188471257686614,1.2615755498409271,0.9160116761922836,1.2968644797801971
240,1,layer_14.mlp_down,0.21091030538082123,0.009444340005189032,0.03708028420805931,0.051513560116291046,-0.0070265097921947016,0.2972236067056656,1.2615755498409271,0.9160116761922836,1.2968644797801971
240,1,layer_15.attn_o,0.0589507594704628,0.0032062746003692815,0.07373159378767014,0.051513560116291046,-0.005328412470407784,0.43643473982810976,1.2615755498409271,0.9160116761922836,1.2968644797801971
240,1,layer_15.mlp_down,0.20154544711112976,0.007916187502373582,0.04394493252038956,0.051513560116291046,-0.006867030053399503,0.17666569650173186,1.2615755498409271,0.9160116761922836,1.2968644797801971
240,1,layer_16.attn_o,0.056503571569919586,0.0025240091992673286,0.03621263429522514,0.051513560116291046,-0.009881770323045203,0.2075057901442051,1.2615755498409271,0.9160116761922836,1.2968644797801971
240,1,layer_16.mlp_down,0.18718387186527252,0.0057022727343375304,0.07217216491699219,0.051513560116291046,-0.002068011075607501,0.15629157721996306,1.2615755498409271,0.9160116761922836,1.2968644797801971
240,1,layer_17.attn_o,0.06002142280340195,0.0034763788624344065,0.04732845723628998,0.051513560116291046,0.0028293064737226815,0.39110027253627777,1.2615755498409271,0.9160116761922836,1.2968644797801971
240,1,layer_17.mlp_down,0.20617906749248505,0.008353761236040464,0.05455508828163147,0.051513560116291046,-0.0027913460740819573,0.16802232190966607,1.2615755498409271,0.9160116761922836,1.2968644797801971
240,1,layer_18.attn_o,0.05768335238099098,0.002994185169242892,0.021788204088807106,0.051513560116291046,-0.0019819896551780403,0.18243917897343637,1.2615755498409271,0.9160116761922836,1.2968644797801971
240,1,layer_18.mlp_down,0.2016986608505249,0.008007729617157766,0.034346017986536026,0.051513560116291046,-0.0013114402885548771,0.20816284343600272,1.2615755498409271,0.9160116761922836,1.2968644797801971
240,1,layer_19.attn_o,0.06252316385507584,0.0035954510758937496,0.018002262338995934,0.051513560116291046,-0.003358156036119908,0.16130829006433486,1.2615755498409271,0.9160116761922836,1.2968644797801971
240,1,layer_19.mlp_down,0.20225128531455994,0.008378329431955326,0.03539163991808891,0.051513560116291046,-0.006863233714830131,0.19089256152510642,1.2615755498409271,0.9160116761922836,1.2968644797801971
240,1,layer_20.attn_o,0.04654555022716522,0.001519568510239223,0.029137663543224335,0.051513560116291046,-0.009957065753405913,0.338269992172718,1.2615755498409271,0.9160116761922836,1.2968644797801971
240,1,layer_20.mlp_down,0.22206152975559235,0.011970349654093188,0.05017421022057533,0.051513560116291046,-0.008868231205269694,0.2450447201728821,1.2615755498409271,0.9160116761922836,1.2968644797801971
240,1,layer_21.attn_o,0.04551919177174568,0.0018387114929281204,0.19081178307533264,0.051513560116291046,-0.00849006709177047,0.5403935223817825,1.2615755498409271,0.9160116761922836,1.2968644797801971
240,1,layer_21.mlp_down,0.18588674068450928,0.006269248417252083,0.05230989307165146,0.051513560116291046,-0.011493202563724481,0.17261940911412238,1.2615755498409271,0.9160116761922836,1.2968644797801971
240,1,layer_22.attn_o,0.04848930239677429,0.0017236956303149649,0.03717340901494026,0.051513560116291046,-0.011353241419419647,0.1593579649925232,1.2615755498409271,0.9160116761922836,1.2968644797801971
240,1,layer_22.mlp_down,0.18917304277420044,0.006586120305061482,0.03602452576160431,0.051513560116291046,-0.010420904692728073,0.18681060299277305,1.2615755498409271,0.9160116761922836,1.2968644797801971
240,1,layer_23.attn_o,0.054505810141563416,0.002490481813923999,0.06763993203639984,0.051513560116291046,-0.015179174108197913,0.27504407465457914,1.2615755498409271,0.9160116761922836,1.2968644797801971
240,1,layer_23.mlp_down,0.17910198867321014,0.005524940949527366,0.03502906486392021,0.051513560116291046,-0.0134786689421162,0.20762995183467864,1.2615755498409271,0.9160116761922836,1.2968644797801971
240,1,layer_24.attn_o,0.05528246611356735,0.002889574090293863,0.07084198296070099,0.051513560116291046,-0.0242055487819016,0.40819000750780104,1.2615755498409271,0.9160116761922836,1.2968644797801971
240,1,layer_24.mlp_down,0.20837993919849396,0.009238017255046626,0.06341534107923508,0.051513560116291046,-0.017960208212025465,0.22500330358743667,1.2615755498409271,0.9160116761922836,1.2968644797801971
240,1,layer_25.attn_o,0.052951209247112274,0.0024339729396277814,0.08258311450481415,0.051513560116291046,-0.0018852795008569955,0.25131113827228546,1.2615755498409271,0.9160116761922836,1.2968644797801971
240,1,layer_25.mlp_down,0.22375763952732086,0.012149021827156076,0.05822162702679634,0.051513560116291046,-0.0023895283637102695,0.13111071959137915,1.2615755498409271,0.9160116761922836,1.2968644797801971
260,2,layer_0.attn_o,0.04749619588255882,0.0023300108330566466,0.006730983499437571,0.042475856840610504,0.008870798908174039,0.1753193810582161,1.1792823910713195,0.9101879224181175,1.288572832942009
260,2,layer_0.mlp_down,0.16086873412132263,0.004940692096314513,0.007153620477765799,0.042475856840610504,-0.0117716170148924,0.07434359714388847,1.1792823910713195,0.9101879224181175,1.288572832942009
260,2,layer_1.attn_o,0.044669296592473984,0.0018508761292464451,0.1080767810344696,0.042475856840610504,-0.03335349168628454,0.15833292677998542,1.1792823910713195,0.9101879224181175,1.288572832942009
260,2,layer_1.mlp_down,0.19798050820827484,0.010518676509021286,0.010543026961386204,0.042475856840610504,-0.0032185312011279166,0.08689942434430123,1.1792823910713195,0.9101879224181175,1.288572832942009
260,2,layer_2.attn_o,0.04512814059853554,0.001982957611068756,0.05835588276386261,0.042475856840610504,-0.0035101839574053885,0.13370102941989898,1.1792823910713195,0.9101879224181175,1.288572832942009
260,2,layer_2.mlp_down,0.1962992250919342,0.010642484628127894,0.031619079411029816,0.042475856840610504,-0.005574901960790158,0.1144384142011404,1.1792823910713195,0.9101879224181175,1.288572832942009
260,2,layer_3.attn_o,0.04374421387910843,0.0019434772084113846,0.03172276169061661,0.042475856840610504,-0.014057142753154039,0.1265108808875084,1.1792823910713195,0.9101879224181175,1.288572832942009
260,2,layer_3.mlp_down,0.1845558136701584,0.00840894327215139,0.008391911163926125,0.042475856840610504,0.009547994658350944,0.09753793869167567,1.1792823910713195,0.9101879224181175,1.288572832942009
260,2,layer_4.attn_o,0.053960591554641724,0.002934197291019281,0.033437419682741165,0.042475856840610504,-0.014872590941376985,0.12833649925887586,1.1792823910713195,0.9101879224181175,1.288572832942009
260,2,layer_4.mlp_down,0.16180658340454102,0.005113986346426558,0.061871834099292755,0.042475856840610504,-0.009184131072834134,0.15200314186513425,1.1792823910713195,0.9101879224181175,1.288572832942009
260,2,layer_5.attn_o,0.04130362346768379,0.0016352675187094247,0.2325887829065323,0.042475856840610504,-0.009563683206215501,0.3337059646844864,1.1792823910713195,0.9101879224181175,1.288572832942009
260,2,layer_5.mlp_down,0.17499971389770508,0.007055116883552003,0.017680495977401733,0.042475856840610504,0.0019356905017048121,0.10690691601485014,1.1792823910713195,0.9101879224181175,1.288572832942009
260,2,layer_6.attn_o,0.05174403265118599,0.0028143018832008392,0.0032946427818387747,0.042475856840610504,-0.003965237317606807,0.14690000265836717,1.1792823910713195,0.9101879224181175,1.288572832942009
260,2,layer_6.mlp_down,0.1799984574317932,0.00769977451256407,0.01609683223068714,0.042475856840610504,-0.0004114468960324302,0.14504701979458332,1.1792823910713195,0.9101879224181175,1.288572832942009
260,2,layer_7.attn_o,0.03898118436336517,0.001233182952168926,0.0060150702483952045,0.042475856840610504,0.0006803043186664581,0.22385563105344772,1.1792823910713195,0.9101879224181175,1.288572832942009
260,2,layer_7.mlp_down,0.15852324664592743,0.005183533376390072,0.02047567069530487,0.042475856840610504,0.007178281573578716,0.18520389571785928,1.1792823910713195,0.9101879224181175,1.288572832942009
260,2,layer_8.attn_o,0.041111450642347336,0.0013105151302115676,0.001482697669416666,0.042475856840610504,-0.0036519656074233352,0.22150178924202918,1.1792823910713195,0.9101879224181175,1.288572832942009
260,2,layer_8.mlp_down,0.15700697898864746,0.005089991208425204,0.035316213965415955,0.042475856840610504,0.008786406507715583,0.2285597339272499,1.1792823910713195,0.9101879224181175,1.288572832942009
260,2,layer_9.attn_o,0.040598269551992416,0.0013532353006692427,0.024616140872240067,0.042475856840610504,-0.008692344650626183,0.3235211431980133,1.1792823910713195,0.9101879224181175,1.288572832942009
260,2,layer_9.mlp_down,0.186241015791893,0.009434430370637712,0.03999815136194229,0.042475856840610504,0.006667413422837854,0.29369610697031023,1.1792823910713195,0.9101879224181175,1.288572832942009
260,2,layer_10.attn_o,0.04928725212812424,0.0026807500543343746,0.024570321664214134,0.042475856840610504,0.009168869815766811,0.3835438549518585,1.1792823910713195,0.9101879224181175,1.288572832942009
260,2,layer_10.mlp_down,0.15111899375915527,0.004512051576082526,0.15976226329803467,0.042475856840610504,0.029026544955559074,0.39192905128002165,1.1792823910713195,0.9101879224181175,1.288572832942009
260,2,layer_11.attn_o,0.04486542195081711,0.0018688381489864075,0.0999126136302948,0.042475856840610504,0.0028818372637033464,0.5672751367092133,1.1792823910713195,0.9101879224181175,1.288572832942009
260,2,layer_11.mlp_down,0.1938520222902298,0.010808500768250058,0.10013336688280106,0.042475856840610504,0.01433942054864019,0.3797138869762421,1.1792823910713195,0.9101879224181175,1.288572832942009
260,2,layer_12.attn_o,0.042789991945028305,0.0015418057759112233,0.014085980132222176,0.042475856840610504,0.01099762876983732,0.34105451703071593,1.1792823910713195,0.9101879224181175,1.288572832942009
260,2,layer_12.mlp_down,0.17044265568256378,0.006332569791038021,0.04739895835518837,0.042475856840610504,0.00858363478910178,0.2676688864827156,1.1792823910713195,0.9101879224181175,1.288572832942009
260,2,layer_13.attn_o,0.05000996217131615,0.002596724994141799,0.01322148460894823,0.042475856840610504,0.0061135304160416125,0.22855364084243773,1.1792823910713195,0.9101879224181175,1.288572832942009
260,2,layer_13.mlp_down,0.18301710486412048,0.008700621386024902,0.03441227599978447,0.042475856840610504,0.003745088097639382,0.24735768139362335,1.1792823910713195,0.9101879224181175,1.288572832942009
260,2,layer_14.attn_o,0.042884889990091324,0.0014979249468441435,0.020438240841031075,0.042475856840610504,0.0010743710328824819,0.2638966917991638,1.1792823910713195,0.9101879224181175,1.288572832942009
260,2,layer_14.mlp_down,0.18321684002876282,0.008204136849020232,0.029272951185703278,0.042475856840610504,0.0015388285741209985,0.2979630991816521,1.1792823910713195,0.9101879224181175,1.288572832942009
260,2,layer_15.attn_o,0.0496150441467762,0.002698513823575063,0.07286892831325531,0.042475856840610504,0.004328194819390774,0.4467645525932312,1.1792823910713195,0.9101879224181175,1.288572832942009
260,2,layer_15.mlp_down,0.1732090413570404,0.006803155808407406,0.03602154925465584,0.042475856840610504,0.001856058370321989,0.18252570629119874,1.1792823910713195,0.9101879224181175,1.288572832942009
260,2,layer_16.attn_o,0.04746858775615692,0.0021204149780184763,0.02184849977493286,0.042475856840610504,0.0033120112493634224,0.2079939790070057,1.1792823910713195,0.9101879224181175,1.288572832942009
260,2,layer_16.mlp_down,0.15944883227348328,0.004857361741689205,0.05396256223320961,0.042475856840610504,-0.005108934128656983,0.17087738290429116,1.1792823910713195,0.9101879224181175,1.288572832942009
260,2,layer_17.attn_o,0.049444545060396194,0.0028637789178413402,0.03615177422761917,0.042475856840610504,0.0001096649095416069,0.4145064949989319,1.1792823910713195,0.9101879224181175,1.288572832942009
260,2,layer_17.mlp_down,0.17821060121059418,0.007220492600696613,0.035890109837055206,0.042475856840610504,-0.00409597372636199,0.17772178053855897,1.1792823910713195,0.9101879224181175,1.288572832942009
260,2,layer_18.attn_o,0.04901636019349098,0.002544303529022397,0.006990934256464243,0.042475856840610504,-0.0021796160144731402,0.18770814463496208,1.1792823910713195,0.9101879224181175,1.288572832942009
260,2,layer_18.mlp_down,0.1752486228942871,0.006957555697663533,0.030965764075517654,0.042475856840610504,-0.006126908282749355,0.22617484927177428,1.1792823910713195,0.9101879224181175,1.288572832942009
260,2,layer_19.attn_o,0.058057449758052826,0.003338643218930471,0.017784960567951202,0.042475856840610504,-0.005798084521666169,0.16256510466337204,1.1792823910713195,0.9101879224181175,1.288572832942009
260,2,layer_19.mlp_down,0.1772071272134781,0.007340796340590898,0.03110988438129425,0.042475856840610504,-0.006887164665386081,0.20658283680677414,1.1792823910713195,0.9101879224181175,1.288572832942009
260,2,layer_20.attn_o,0.04057159274816513,0.0013245365827182383,0.023165514692664146,0.042475856840610504,-0.017042166471946986,0.346655099093914,1.1792823910713195,0.9101879224181175,1.288572832942009
260,2,layer_20.mlp_down,0.19834275543689728,0.010691462708761298,0.028033602982759476,0.042475856840610504,-0.012584868370322511,0.25925497263669967,1.1792823910713195,0.9101879224181175,1.288572832942009
260,2,layer_21.attn_o,0.041242681443691254,0.0016659644945826119,0.17302246391773224,0.042475856840610504,-0.01668606479652226,0.5564759463071823,1.1792823910713195,0.9101879224181175,1.288572832942009
260,2,layer_21.mlp_down,0.16697558760643005,0.005631433102329144,0.027876388281583786,0.042475856840610504,-0.014746686886064708,0.1792847543954849,1.1792823910713195,0.9101879224181175,1.288572832942009
260,2,layer_22.attn_o,0.04274428263306618,0.001519471606459271,0.021593134850263596,0.042475856840610504,-0.012077300914097578,0.15653607286512852,1.1792823910713195,0.9101879224181175,1.288572832942009
260,2,layer_22.mlp_down,0.16955888271331787,0.005903228984240154,0.02619635872542858,0.042475856840610504,-0.010422103432938456,0.20057248920202256,1.1792823910713195,0.9101879224181175,1.288572832942009
260,2,layer_23.attn_o,0.04956867918372154,0.0022648926354238595,0.057948410511016846,0.042475856840610504,-0.008992102392949165,0.26481647193431856,1.1792823910713195,0.9101879224181175,1.288572832942009
260,2,layer_23.mlp_down,0.16032063961029053,0.004945561960244099,0.03221999108791351,0.042475856840610504,-0.0166312574307085,0.22086547464132308,1.1792823910713195,0.9101879224181175,1.288572832942009
260,2,layer_24.attn_o,0.04922959581017494,0.0025731916494299957,0.06620064377784729,0.042475856840610504,-0.004312606574967503,0.4136963069438934,1.1792823910713195,0.9101879224181175,1.288572832942009
260,2,layer_24.mlp_down,0.1860995888710022,0.008250165434916744,0.07906253635883331,0.042475856840610504,-0.019924082420766355,0.2433013215661049,1.1792823910713195,0.9101879224181175,1.288572832942009
260,2,layer_25.attn_o,0.047284726053476334,0.0021735031970772966,0.09410057216882706,0.042475856840610504,-0.028473174409009518,0.27384295761585237,1.1792823910713195,0.9101879224181175,1.288572832942009
260,2,layer_25.mlp_down,0.1994600147008896,0.010829381062527626,0.0012159624602645636,0.042475856840610504,-0.0536440371266508,0.1583288513123989,1.1792823910713195,0.9101879224181175,1.288572832942009
280,2,layer_0.attn_o,0.04014498367905617,0.001969382681317095,0.03520767763257027,0.048691291362047195,0.04283398427069187,0.11515207104384899,1.0380437612533568,0.9097994640469551,1.281223863363266
280,2,layer_0.mlp_down,0.13330619037151337,0.0040941559032580425,0.0027655435260385275,0.048691291362047195,-0.0003442689776420593,0.0894189465790987,1.0380437612533568,0.9097994640469551,1.281223863363266
280,2,layer_1.attn_o,0.037911415100097656,0.0015708623585055541,0.21554821729660034,0.048691291362047195,0.03681833697482943,0.13523110337555408,1.0380437612533568,0.9097994640469551,1.281223863363266
280,2,layer_1.mlp_down,0.16426299512386322,0.008727079647907178,0.009619373828172684,0.048691291362047195,-0.002403247624170035,0.08432174101471901,1.0380437612533568,0.9097994640469551,1.281223863363266
280,2,layer_2.attn_o,0.03934989124536514,0.0017290588772824187,0.07598597556352615,0.048691291362047195,0.01267117183888331,0.1456886049360037,1.0380437612533568,0.9097994640469551,1.281223863363266
280,2,layer_2.mlp_down,0.16766607761383057,0.009089913928163332,0.015926651656627655,0.048691291362047195,0.001356493029743433,0.12079837992787361,1.0380437612533568,0.9097994640469551,1.281223863363266
280,2,layer_3.attn_o,0.038188230246305466,0.0016966334956958517,0.00938480719923973,0.048691291362047195,0.010056533105671405,0.12547280807048083,1.0380437612533568,0.9097994640469551,1.281223863363266
280,2,layer_3.mlp_down,0.15798628330230713,0.0071982624556711705,0.015144430100917816,0.048691291362047195,-0.009958009794354438,0.10967331230640412,1.0380437612533568,0.9097994640469551,1.281223863363266
280,2,layer_4.attn_o,0.046562813222408295,0.002531926799407691,0.020648127421736717,0.048691291362047195,0.01704302243888378,0.14196374798193573,1.0380437612533568,0.9097994640469551,1.281223863363266
280,2,layer_4.mlp_down,0.13778570294380188,0.004354773739443788,0.05455995351076126,0.048691291362047195,0.015478805638849735,0.1706157300621271,1.0380437612533568,0.9097994640469551,1.281223863363266
280,2,layer_5.attn_o,0.0357854962348938,0.0014167964887254363,0.2372366487979889,0.048691291362047195,0.05234231986105442,0.3287624180316925,1.0380437612533568,0.9097994640469551,1.281223863363266
280,2,layer_5.mlp_down,0.1500493437051773,0.0060492017537199785,0.01776161603629589,0.048691291362047195,0.0014023215509951115,0.10419527813792229,1.0380437612533568,0.9097994640469551,1.281223863363266
280,2,layer_6.attn_o,0.0444682277739048,0.002418579992078902,0.005838140845298767,0.048691291362047195,0.005261397711001337,0.14872797541320323,1.0380437612533568,0.9097994640469551,1.281223863363266
280,2,layer_6.mlp_down,0.15349094569683075,0.006565806091413807,0.014164567925035954,0.048691291362047195,0.008803464658558368,0.15135167948901654,1.0380437612533568,0.9097994640469551,1.281223863363266
280,2,layer_7.attn_o,0.03319983556866646,0.001050287647345492,0.004306178539991379,0.048691291362047195,0.014402022212743759,0.22409895807504654,1.0380437612533568,0.9097994640469551,1.281223863363266
280,2,layer_7.mlp_down,0.13456639647483826,0.004400155450559658,0.027635393664240837,0.048691291362047195,0.01961924125207588,0.19920235946774484,1.0380437612533568,0.9097994640469551,1.281223863363266
280,2,layer_8.attn_o,0.035017162561416626,0.0011162466380197262,0.002385188825428486,0.048691291362047195,0.018150548450648785,0.22827303186058998,1.0380437612533568,0.9097994640469551,1.281223863363266
280,2,layer_8.mlp_down,0.13258449733257294,0.004298224040999918,0.03253302350640297,0.048691291362047195,0.03291412843391299,0.24797667413949967,1.0380437612533568,0.9097994640469551,1.281223863363266
280,2,layer_9.attn_o,0.034413233399391174,0.0011470737221445184,0.007417746819555759,0.048691291362047195,0.033281715086195617,0.33920892626047133,1.0380437612533568,0.9097994640469551,1.281223863363266
280,2,layer_9.mlp_down,0.1580130010843277,0.008004341705005516,0.041735149919986725,0.048691291362047195,0.03404861921444535,0.3198085933923721,1.0380437612533568,0.9097994640469551,1.281223863363266
280,2,layer_10.attn_o,0.041964903473854065,0.002282485072919655,0.01667485386133194,0.048691291362047195,0.03422613027505576,0.40193060636520384,1.0380437612533568,0.9097994640469551,1.281223863363266
280,2,layer_10.mlp_down,0.1267257034778595,0.00378372500045263,0.1478329598903656,0.048691291362047195,0.08630896769464017,0.42293433248996737,1.0380437612533568,0.9097994640469551,1.281223863363266
280,2,layer_11.attn_o,0.03650856390595436,0.0015207371894628283,0.09330836683511734,0.048691291362047195,0.08316609486937523,0.5972277164459229,1.0380437612533568,0.9097994640469551,1.281223863363266
280,2,layer_11.mlp_down,0.16422393918037415,0.009156303491130597,0.08747290819883347,0.048691291362047195,0.037668106332421306,0.40111281275749205,1.0380437612533568,0.9097994640469551,1.281223863363266
280,2,layer_12.attn_o,0.03590793162584305,0.0012938328734967293,0.014913724735379219,0.048691291362047195,0.024784595472738147,0.38177932649850843,1.0380437612533568,0.9097994640469551,1.281223863363266
280,2,layer_12.mlp_down,0.14374613761901855,0.005340649678962903,0.04861368238925934,0.048691291362047195,0.02433745004236698,0.28304523825645445,1.0380437612533568,0.9097994640469551,1.281223863363266
280,2,layer_13.attn_o,0.04127078130841255,0.00214294978154559,0.008582192473113537,0.048691291362047195,0.010044818907044829,0.24535467326641083,1.0380437612533568,0.9097994640469551,1.281223863363266
280,2,layer_13.mlp_down,0.15504777431488037,0.0073708896976433045,0.028904777020215988,0.048691291362047195,0.011089035327313469,0.2501436248421669,1.0380437612533568,0.9097994640469551,1.281223863363266
280,2,layer_14.attn_o,0.03529786691069603,0.0012329177325166904,0.014637026004493237,0.048691291362047195,0.008497635798994452,0.29693946093320844,1.0380437612533568,0.9097994640469551,1.281223863363266
280,2,layer_14.mlp_down,0.15502648055553436,0.006941751382183184,0.03145745396614075,0.048691291362047195,0.012385264085605741,0.3036262527108192,1.0380437612533568,0.9097994640469551,1.281223863363266
280,2,layer_15.attn_o,0.041791558265686035,0.0022729985257696514,0.06491231173276901,0.048691291362047195,0.055702100275084376,0.463019984960556,1.0380437612533568,0.9097994640469551,1.281223863363266
280,2,layer_15.mlp_down,0.14673587679862976,0.0057633405692359505,0.041589509695768356,0.048691291362047195,0.015304902079515159,0.2062675140798092,1.0380437612533568,0.9097994640469551,1.281223863363266
280,2,layer_16.attn_o,0.04015573859214783,0.0017937512119840875,0.02666284888982773,0.048691291362047195,0.01900242228875868,0.2357449859380722,1.0380437612533568,0.9097994640469551,1.281223863363266
280,2,layer_16.mlp_down,0.1350661963224411,0.004114575803980741,0.051279760897159576,0.048691291362047195,0.021801531407982112,0.19083871990442275,1.0380437612533568,0.9097994640469551,1.281223863363266
280,2,layer_17.attn_o,0.0425698459148407,0.0024656007231692264,0.0253547802567482,0.048691291362047195,0.019148146687075495,0.44821048676967623,1.0380437612533568,0.9097994640469551,1.281223863363266
280,2,layer_17.mlp_down,0.15095274150371552,0.006116068630657811,0.046599142253398895,0.048691291362047195,0.018000224232673646,0.20301391184329987,1.0380437612533568,0.9097994640469551,1.281223863363266
280,2,layer_18.attn_o,0.040440160781145096,0.00209913489500251,0.014297627843916416,0.048691291362047195,0.0057561644003726545,0.2183759517967701,1.0380437612533568,0.9097994640469551,1.281223863363266
280,2,layer_18.mlp_down,0.14945675432682037,0.005933543607371898,0.05234936624765396,0.048691291362047195,0.012412388739176095,0.2555680200457573,1.0380437612533568,0.9097994640469551,1.281223863363266
280,2,layer_19.attn_o,0.04932338744401932,0.0028363813305137893,0.021589849144220352,0.048691291362047195,0.005014806636609137,0.21509000584483146,1.0380437612533568,0.9097994640469551,1.281223863363266
280,2,layer_19.mlp_down,0.15065890550613403,0.006240999620666296,0.04734963923692703,0.048691291362047195,0.008611947775352746,0.23611717373132707,1.0380437612533568,0.9097994640469551,1.281223863363266
280,2,layer_20.attn_o,0.0340299978852272,0.0011109738133424946,0.041870132088661194,0.048691291362047195,0.025455451896414162,0.38089434504508973,1.0380437612533568,0.9097994640469551,1.281223863363266
280,2,layer_20.mlp_down,0.16827107965946198,0.009070267262241532,0.058476537466049194,0.048691291362047195,0.01937802272150293,0.2814027786254883,1.0380437612533568,0.9097994640469551,1.281223863363266
280,2,layer_21.attn_o,0.03534717485308647,0.00142781954200571,0.24845841526985168,0.048691291362047195,0.07439001845195889,0.5674159526824951,1.0380437612533568,0.9097994640469551,1.281223863363266
280,2,layer_21.mlp_down,0.13958275318145752,0.0047075621337652135,0.060679852962493896,0.048691291362047195,0.015527351119089872,0.19161681681871415,1.0380437612533568,0.9097994640469551,1.281223863363266
280,2,layer_22.attn_o,0.03571232035756111,0.001269500109916042,0.04805073142051697,0.048691291362047195,0.01832665833644569,0.18158189132809638,1.0380437612533568,0.9097994640469551,1.281223863363266
280,2,layer_22.mlp_down,0.1416885107755661,0.004932896334525189,0.06087091937661171,0.048691291362047195,0.01604423252865672,0.21074263453483583,1.0380437612533568,0.9097994640469551,1.281223863363266
280,2,layer_23.attn_o,0.04004639387130737,0.0018297999510735812,0.10507092624902725,0.048691291362047195,0.033748120348900554,0.3310823023319244,1.0380437612533568,0.9097994640469551,1.281223863363266
280,2,layer_23.mlp_down,0.1329246312379837,0.004100434565977701,0.07420147955417633,0.048691291362047195,0.022165180486626922,0.2245456799864769,1.0380437612533568,0.9097994640469551,1.281223863363266
280,2,layer_24.attn_o,0.04127516970038414,0.0021574186449039856,0.10228442400693893,0.048691291362047195,0.055713440635008736,0.43741005957126616,1.0380437612533568,0.9097994640469551,1.281223863363266
280,2,layer_24.mlp_down,0.1543998420238495,0.0068447628105317215,0.10984664410352707,0.048691291362047195,0.027229494362836705,0.24758470505476,1.0380437612533568,0.9097994640469551,1.281223863363266
280,2,layer_25.attn_o,0.03943956270813942,0.001812890659178982,0.11858876794576645,0.048691291362047195,0.05099749686196446,0.2863112673163414,1.0380437612533568,0.9097994640469551,1.281223863363266
280,2,layer_25.mlp_down,0.16769781708717346,0.009104642987767952,0.037617649883031845,0.048691291362047195,0.015193411009386181,0.1335083521902561,1.0380437612533568,0.9097994640469551,1.281223863363266
300,2,layer_0.attn_o,0.032693877816200256,0.0016038546963605457,0.2880612909793854,0.06881576776504517,0.044355258368887006,0.14414476938545703,1.1043473124504088,0.8952589184045792,1.277811698615551
300,2,layer_0.mlp_down,0.11100678145885468,0.0034092746759989906,0.030292751267552376,0.06881576776504517,0.005223610566463322,0.07129620984196663,1.1043473124504088,0.8952589184045792,1.277811698615551
300,2,layer_1.attn_o,0.030781535431742668,0.0012754347499793202,0.19110515713691711,0.06881576776504517,0.004100890830159187,0.1487650517374277,1.1043473124504088,0.8952589184045792,1.277811698615551
300,2,layer_1.mlp_down,0.1433437317609787,0.007615569882081654,0.0021480426657944918,0.06881576776504517,0.0010749609442427754,0.06767449025064706,1.1043473124504088,0.8952589184045792,1.277811698615551
300,2,layer_2.attn_o,0.03155497834086418,0.0013865459849272755,0.0861416682600975,0.06881576776504517,0.014810278927325272,0.10131348036229611,1.1043473124504088,0.8952589184045792,1.277811698615551
300,2,layer_2.mlp_down,0.14204120635986328,0.007700583232280889,0.027707615867257118,0.06881576776504517,0.0037144192494452,0.09602611623704434,1.1043473124504088,0.8952589184045792,1.277811698615551
300,2,layer_3.attn_o,0.030202306807041168,0.001341832784394734,0.04418712481856346,0.06881576776504517,0.010179323400370777,0.10843770019710064,1.1043473124504088,0.8952589184045792,1.277811698615551
300,2,layer_3.mlp_down,0.12756168842315674,0.005811996527005042,0.017115892842411995,0.06881576776504517,0.0009164739865809679,0.08305038288235664,1.1043473124504088,0.8952589184045792,1.277811698615551
300,2,layer_4.attn_o,0.03653627261519432,0.0019867171375546016,0.046397630125284195,0.06881576776504517,0.011754356534220278,0.11030505746603012,1.1043473124504088,0.8952589184045792,1.277811698615551
300,2,layer_4.mlp_down,0.10861601680517197,0.003432845135564123,0.053754329681396484,0.06881576776504517,0.0034828987438231705,0.1372551701962948,1.1043473124504088,0.8952589184045792,1.277811698615551
300,2,layer_5.attn_o,0.028564075008034706,0.0011308902546803632,0.3127335011959076,0.06881576776504517,0.06942495950497687,0.30669348537921903,1.1043473124504088,0.8952589184045792,1.277811698615551
300,2,layer_5.mlp_down,0.11760526895523071,0.004741196372735364,0.02765059284865856,0.06881576776504517,0.0013483225600793957,0.07382706478238106,1.1043473124504088,0.8952589184045792,1.277811698615551
300,2,layer_6.attn_o,0.03413064777851105,0.0018563285748607365,0.0026751384139060974,0.06881576776504517,0.0022770750802010298,0.10189756602048874,1.1043473124504088,0.8952589184045792,1.277811698615551
300,2,layer_6.mlp_down,0.11985281854867935,0.005126852393418797,0.03110305406153202,0.06881576776504517,-0.0023432829533703626,0.11145293638110161,1.1043473124504088,0.8952589184045792,1.277811698615551
300,2,layer_7.attn_o,0.026179702952504158,0.000828203308055194,0.024851761758327484,0.06881576776504517,-0.0003300502896308899,0.1777362696826458,1.1043473124504088,0.8952589184045792,1.277811698615551
300,2,layer_7.mlp_down,0.10557568073272705,0.0034521863499961296,0.05751834809780121,0.06881576776504517,-0.0044605258852243425,0.1526384875178337,1.1043473124504088,0.8952589184045792,1.277811698615551
300,2,layer_8.attn_o,0.027624011039733887,0.0008805740798681364,0.018500354140996933,0.06881576776504517,-0.007459444226697087,0.16394517198204994,1.1043473124504088,0.8952589184045792,1.277811698615551
300,2,layer_8.mlp_down,0.10531865060329437,0.0034142940186710903,0.02795041911303997,0.06881576776504517,-0.00640145055949688,0.18603615686297417,1.1043473124504088,0.8952589184045792,1.277811698615551
300,2,layer_9.attn_o,0.02733539417386055,0.0009111528106317373,0.01152876578271389,0.06881576776504517,0.0033398895058780907,0.26224878877401353,1.1043473124504088,0.8952589184045792,1.277811698615551
300,2,layer_9.mlp_down,0.12712699174880981,0.006439723997154458,0.05363929644227028,0.06881576776504517,-0.004510105797089636,0.24974541515111923,1.1043473124504088,0.8952589184045792,1.277811698615551
300,2,layer_10.attn_o,0.03367594629526138,0.0018316432717777151,0.027874886989593506,0.06881576776504517,0.0023241071263328194,0.3126914814114571,1.1043473124504088,0.8952589184045792,1.277811698615551
300,2,layer_10.mlp_down,0.1019667312502861,0.0030444694457981486,0.20017309486865997,0.06881576776504517,-0.00013018040917813777,0.3412609711289406,1.1043473124504088,0.8952589184045792,1.277811698615551
300,2,layer_11.attn_o,0.029736768454313278,0.001238663262271395,0.16594529151916504,0.06881576776504517,0.0016727575450204313,0.4861809551715851,1.1043473124504088,0.8952589184045792,1.277811698615551
300,2,layer_11.mlp_down,0.13283659517765045,0.007406178112530275,0.1303730309009552,0.06881576776504517,0.005797920981422067,0.3303572565317154,1.1043473124504088,0.8952589184045792,1.277811698615551
300,2,layer_12.attn_o,0.02863195352256298,0.0010316654623737063,0.01623997651040554,0.06881576776504517,0.002571259974502027,0.2981406465172768,1.1043473124504088,0.8952589184045792,1.277811698615551
300,2,layer_12.mlp_down,0.11557537317276001,0.004293993019038254,0.06072203814983368,0.06881576776504517,0.0012302441988140344,0.23600059002637863,1.1043473124504088,0.8952589184045792,1.277811698615551
300,2,layer_13.attn_o,0.03326239064335823,0.0017271213343142099,0.005771899130195379,0.06881576776504517,0.0003181281965225935,0.1892138361930847,1.1043473124504088,0.8952589184045792,1.277811698615551
300,2,layer_13.mlp_down,0.12417615950107574,0.005903225998584485,0.04646497219800949,0.06881576776504517,0.0030387075850740073,0.2179126985371113,1.1043473124504088,0.8952589184045792,1.277811698615551
300,2,layer_14.attn_o,0.0282363872975111,0.0009862672091072485,0.026258528232574463,0.06881576776504517,0.008596513370866888,0.22217852100729943,1.1043473124504088,0.8952589184045792,1.277811698615551
300,2,layer_14.mlp_down,0.12283197045326233,0.005500102754350133,0.05411459133028984,0.06881576776504517,0.00969321010634303,0.25919498056173323,1.1043473124504088,0.8952589184045792,1.277811698615551
300,2,layer_15.attn_o,0.03340770676732063,0.0018170099240180614,0.10810153186321259,0.06881576776504517,0.010365756135433913,0.3583314135670662,1.1043473124504088,0.8952589184045792,1.277811698615551
300,2,layer_15.mlp_down,0.11682707816362381,0.004588583344813782,0.0641908198595047,0.06881576776504517,0.011812439374625682,0.15068861171603204,1.1043473124504088,0.8952589184045792,1.277811698615551
300,2,layer_16.attn_o,0.03158190846443176,0.0014107595426614001,0.050513558089733124,0.06881576776504517,0.01438337571453303,0.16160407960414885,1.1043473124504088,0.8952589184045792,1.277811698615551
300,2,layer_16.mlp_down,0.10800888389348984,0.0032903122892268184,0.09172017872333527,0.06881576776504517,0.009728312026709318,0.1410003062337637,1.1043473124504088,0.8952589184045792,1.277811698615551
300,2,layer_17.attn_o,0.034251414239406586,0.001983805028793198,0.09193882346153259,0.06881576776504517,0.008359401195775717,0.34614445716142656,1.1043473124504088,0.8952589184045792,1.277811698615551
300,2,layer_17.mlp_down,0.12045659869909286,0.004880429174157633,0.08462302386760712,0.06881576776504517,0.010587999341078102,0.14872860200703145,1.1043473124504088,0.8952589184045792,1.277811698615551
300,2,layer_18.attn_o,0.03255602717399597,0.0016898907118025803,0.021729059517383575,0.06881576776504517,0.0026820860512088984,0.1620650812983513,1.1043473124504088,0.8952589184045792,1.277811698615551
300,2,layer_18.mlp_down,0.11813687533140182,0.004690098178651201,0.05396134406328201,0.06881576776504517,0.010516232158988715,0.18892967253923415,1.1043473124504088,0.8952589184045792,1.277811698615551
300,2,layer_19.attn_o,0.03818828985095024,0.00219604780508588,0.033273324370384216,0.06881576776504517,0.006170279439538717,0.15020017735660077,1.1043473124504088,0.8952589184045792,1.277811698615551
300,2,layer_19.mlp_down,0.1203560009598732,0.00498568102122235,0.03485666215419769,0.06881576776504517,0.008146555349230766,0.18139665611088276,1.1043473124504088,0.8952589184045792,1.277811698615551
300,2,layer_20.attn_o,0.026673326268792152,0.0008708008296726155,0.0460534542798996,0.06881576776504517,0.011764244409278035,0.2897845447063446,1.1043473124504088,0.8952589184045792,1.277811698615551
300,2,layer_20.mlp_down,0.13468345999717712,0.007259697543452926,0.0450105220079422,0.06881576776504517,0.004290801053866744,0.2355433963239193,1.1043473124504088,0.8952589184045792,1.277811698615551
300,2,layer_21.attn_o,0.02652500569820404,0.0010714553207483298,0.23867914080619812,0.06881576776504517,0.0005450916476547718,0.45712195336818695,1.1043473124504088,0.8952589184045792,1.277811698615551
300,2,layer_21.mlp_down,0.11092335730791092,0.003740983063185836,0.039760395884513855,0.06881576776504517,0.0012704523745924235,0.17233691066503526,1.1043473124504088,0.8952589184045792,1.277811698615551
300,2,layer_22.attn_o,0.028239218518137932,0.0010038469303381436,0.029801974073052406,0.06881576776504517,0.0038049665046855806,0.13988694958388806,1.1043473124504088,0.8952589184045792,1.277811698615551
300,2,layer_22.mlp_down,0.11326581984758377,0.003943342989366354,0.0501667745411396,0.06881576776504517,0.00011115913512185215,0.18528150245547295,1.1043473124504088,0.8952589184045792,1.277811698615551
300,2,layer_23.attn_o,0.03191077709197998,0.0014580668160600716,0.08200060576200485,0.06881576776504517,5.5694347247481345e-05,0.25905765369534495,1.1043473124504088,0.8952589184045792,1.277811698615551
300,2,layer_23.mlp_down,0.107357919216156,0.0033117511024956404,0.05484708398580551,0.06881576776504517,0.00047076905611902474,0.20549400225281717,1.1043473124504088,0.8952589184045792,1.277811698615551
300,2,layer_24.attn_o,0.03285855054855347,0.0017174881357404773,0.09437981247901917,0.06881576776504517,0.00015251103322952986,0.3629475459456444,1.1043473124504088,0.8952589184045792,1.277811698615551
300,2,layer_24.mlp_down,0.12632715702056885,0.0056002279347923236,0.11117439717054367,0.06881576776504517,0.0038733820663765075,0.21067256703972817,1.1043473124504088,0.8952589184045792,1.277811698615551
300,2,layer_25.attn_o,0.031376998871564865,0.001442282936616523,0.15602430701255798,0.06881576776504517,0.012516539730131625,0.21474131792783738,1.1043473124504088,0.8952589184045792,1.277811698615551
300,2,layer_25.mlp_down,0.13772493600845337,0.00747722880242884,0.09214204549789429,0.06881576776504517,-0.0027436934411525725,0.11996983923017979,1.1043473124504088,0.8952589184045792,1.277811698615551
320,2,layer_0.attn_o,0.025717440992593765,0.0012616127010184003,0.1120576485991478,0.08255569636821747,0.041200638841837646,0.09720993936061859,1.0948125302791596,0.8900304511189461,1.2722864523530006
320,2,layer_0.mlp_down,0.0841350331902504,0.0025839733438600783,0.003868712577968836,0.08255569636821747,0.008411947882268577,0.07628514431416988,1.0948125302791596,0.8900304511189461,1.2722864523530006
320,2,layer_1.attn_o,0.024520214647054672,0.0010159960693799878,0.2256210297346115,0.08255569636821747,0.04414992956444621,0.11304080858826637,1.0948125302791596,0.8900304511189461,1.2722864523530006
320,2,layer_1.mlp_down,0.10892269760370255,0.0057868018691501905,0.0061802021227777,0.08255569636821747,0.0037507947883568702,0.0704554695636034,1.0948125302791596,0.8900304511189461,1.2722864523530006
320,2,layer_2.attn_o,0.025093823671340942,0.0011026392595974936,0.07664521783590317,0.08255569636821747,0.008809933438897133,0.10971262082457542,1.0948125302791596,0.8900304511189461,1.2722864523530006
320,2,layer_2.mlp_down,0.1099889874458313,0.005962860565662702,0.01321722287684679,0.08255569636821747,0.01067751576192677,0.10039244797080756,1.0948125302791596,0.8900304511189461,1.2722864523530006
320,2,layer_3.attn_o,0.024031836539506912,0.0010676897192332087,0.024914423003792763,0.08255569636821747,0.018360368791036308,0.10810254812240601,1.0948125302791596,0.8900304511189461,1.2722864523530006
320,2,layer_3.mlp_down,0.10119281709194183,0.004610544382661338,0.013887669891119003,0.08255569636821747,0.0052632946870289745,0.09311795914545655,1.0948125302791596,0.8900304511189461,1.2722864523530006
320,2,layer_4.attn_o,0.028567401692271233,0.0015533950248819036,0.032657019793987274,0.08255569636821747,0.011883485538419336,0.12630358077585696,1.0948125302791596,0.8900304511189461,1.2722864523530006
320,2,layer_4.mlp_down,0.0863046646118164,0.002727678755235347,0.07544909417629242,0.08255569636821747,-0.0004700290970504284,0.15906323194503785,1.0948125302791596,0.8900304511189461,1.2722864523530006
320,2,layer_5.attn_o,0.023322992026805878,0.0009233882922930699,0.25411081314086914,0.08255569636821747,0.01309288099873811,0.3648084029555321,1.0948125302791596,0.8900304511189461,1.2722864523530006
320,2,layer_5.mlp_down,0.09374403208494186,0.003779232329452978,0.01717582903802395,0.08255569636821747,0.004891357742599212,0.0872652605175972,1.0948125302791596,0.8900304511189461,1.2722864523530006
320,2,layer_6.attn_o,0.027108367532491684,0.0014743935208304632,0.00417037308216095,0.08255569636821747,0.005933304410427808,0.1244922161102295,1.0948125302791596,0.8900304511189461,1.2722864523530006
320,2,layer_6.mlp_down,0.09522179514169693,0.004073213650996426,0.023513246327638626,0.08255569636821747,0.0035356705309823157,0.11939306557178497,1.0948125302791596,0.8900304511189461,1.2722864523530006
320,2,layer_7.attn_o,0.02088131755590439,0.0006605869457976724,0.01392893586307764,0.08255569636821747,-0.0017058287747204303,0.18863173201680183,1.0948125302791596,0.8900304511189461,1.2722864523530006
320,2,layer_7.mlp_down,0.083887979388237,0.002743017026254102,0.02168753556907177,0.08255569636821747,0.0026954256696626543,0.16494171395897866,1.0948125302791596,0.8900304511189461,1.2722864523530006
320,2,layer_8.attn_o,0.022018665447831154,0.0007018912601910951,0.010512272827327251,0.08255569636821747,-0.0007658276590518653,0.17814087234437465,1.0948125302791596,0.8900304511189461,1.2722864523530006
320,2,layer_8.mlp_down,0.08384513854980469,0.0027181405319278763,0.02739838883280754,0.08255569636821747,0.014243590855039656,0.19626586139202118,1.0948125302791596,0.8900304511189461,1.2722864523530006
320,2,layer_9.attn_o,0.021267518401145935,0.0007088959166739861,0.02075972966849804,0.08255569636821747,-0.000726814498193562,0.2707850120961666,1.0948125302791596,0.8900304511189461,1.2722864523530006
320,2,layer_9.mlp_down,0.10158441215753555,0.005145799532298493,0.06654927879571915,0.08255569636821747,0.01839954201132059,0.26299659460783004,1.0948125302791596,0.8900304511189461,1.2722864523530006
320,2,layer_10.attn_o,0.0266015212982893,0.0014468630491821974,0.036155473440885544,0.08255569636821747,0.013593761110678315,0.3242101714015007,1.0948125302791596,0.8900304511189461,1.2722864523530006
320,2,layer_10.mlp_down,0.08082390576601028,0.0024131914002721187,0.2774006426334381,0.08255569636821747,0.0230668602976948,0.3579490214586258,1.0948125302791596,0.8900304511189461,1.2722864523530006
320,2,layer_11.attn_o,0.02372448332607746,0.000988225702913742,0.19285166263580322,0.08255569636821747,0.013846429623663425,0.49962410032749177,1.0948125302791596,0.8900304511189461,1.2722864523530006
320,2,layer_11.mlp_down,0.10646828263998032,0.005935986145911031,0.14175991714000702,0.08255569636821747,0.011770800279919058,0.3310528233647346,1.0948125302791596,0.8900304511189461,1.2722864523530006
320,2,layer_12.attn_o,0.023033706471323967,0.0008299495801103062,0.02630848065018654,0.08255569636821747,0.004382296768017113,0.2995357200503349,1.0948125302791596,0.8900304511189461,1.2722864523530006
320,2,layer_12.mlp_down,0.09246333688497543,0.003435298535671941,0.081920325756073,0.08255569636821747,0.006288092257454992,0.23425432741642,1.0948125302791596,0.8900304511189461,1.2722864523530006
320,2,layer_13.attn_o,0.02636267989873886,0.0013688580973966137,0.012853825464844704,0.08255569636821747,-0.0034129017614759503,0.19391064196825028,1.0948125302791596,0.8900304511189461,1.2722864523530006
320,2,layer_13.mlp_down,0.0993783250451088,0.004724341077343326,0.047946564853191376,0.08255569636821747,0.005606349231675268,0.2068417936563492,1.0948125302791596,0.8900304511189461,1.2722864523530006
320,2,layer_14.attn_o,0.022447044029831886,0.0007840514018304894,0.023922817781567574,0.08255569636821747,0.0023429920547641814,0.2190294310450554,1.0948125302791596,0.8900304511189461,1.2722864523530006
320,2,layer_14.mlp_down,0.09811601787805557,0.0043933602157457665,0.051279980689287186,0.08255569636821747,0.007576144905760885,0.24373532086610794,1.0948125302791596,0.8900304511189461,1.2722864523530006
320,2,layer_15.attn_o,0.02676962874829769,0.0014559724682810284,0.12519261240959167,0.08255569636821747,0.015383827756159008,0.35485306680202483,1.0948125302791596,0.8900304511189461,1.2722864523530006
320,2,layer_15.mlp_down,0.09301063418388367,0.003653137534999719,0.06486790627241135,0.08255569636821747,0.013225081120617687,0.15546316429972648,1.0948125302791596,0.8900304511189461,1.2722864523530006
320,2,layer_16.attn_o,0.024843519553542137,0.001109756345614622,0.047588493674993515,0.08255569636821747,0.011193932103924453,0.1725214272737503,1.0948125302791596,0.8900304511189461,1.2722864523530006
320,2,layer_16.mlp_down,0.08592356741428375,0.0026175083383563422,0.07847002893686295,0.08255569636821747,0.01335433153435588,0.13747155889868737,1.0948125302791596,0.8900304511189461,1.2722864523530006
320,2,layer_17.attn_o,0.026664532721042633,0.0015443806800329726,0.04835160821676254,0.08255569636821747,0.01596253983443603,0.3469180166721344,1.0948125302791596,0.8900304511189461,1.2722864523530006
320,2,layer_17.mlp_down,0.09690423309803009,0.003926162050648887,0.06863373517990112,0.08255569636821747,0.009098413819447159,0.1470969706773758,1.0948125302791596,0.8900304511189461,1.2722864523530006
320,2,layer_18.attn_o,0.025889655575156212,0.0013438578032955594,0.02616901881992817,0.08255569636821747,0.006461817119270563,0.17291006520390512,1.0948125302791596,0.8900304511189461,1.2722864523530006
320,2,layer_18.mlp_down,0.09471390396356583,0.0037601746886407037,0.06411388516426086,0.08255569636821747,0.00657404248486273,0.1932503655552864,1.0948125302791596,0.8900304511189461,1.2722864523530006
320,2,layer_19.attn_o,0.029473932459950447,0.0016949201193358066,0.033440154045820236,0.08255569636821747,0.0004059429484186694,0.13637932762503624,1.0948125302791596,0.8900304511189461,1.2722864523530006
320,2,layer_19.mlp_down,0.0953964814543724,0.003951721076126392,0.05028462037444115,0.08255569636821747,0.004481308051617816,0.16820933818817138,1.0948125302791596,0.8900304511189461,1.2722864523530006
320,2,layer_20.attn_o,0.021388543769717216,0.0006982692234271562,0.04481486603617668,0.08255569636821747,0.0006107289693318308,0.2842948466539383,1.0948125302791596,0.8900304511189461,1.2722864523530006
320,2,layer_20.mlp_down,0.10701343417167664,0.005768168256550889,0.05576854199171066,0.08255569636821747,0.00828880037588533,0.22322363704442977,1.0948125302791596,0.8900304511189461,1.2722864523530006
320,2,layer_21.attn_o,0.021041452884674072,0.0008499516807680562,0.31090593338012695,0.08255569636821747,0.014480965405891767,0.4653195708990097,1.0948125302791596,0.8900304511189461,1.2722864523530006
320,2,layer_21.mlp_down,0.08746960014104843,0.002949968773875107,0.07428335398435593,0.08255569636821747,0.005552077456377447,0.15038721188902854,1.0948125302791596,0.8900304511189461,1.2722864523530006
320,2,layer_22.attn_o,0.021506188437342644,0.0007645014218794277,0.07251028716564178,0.08255569636821747,0.004524136148393154,0.1413224771618843,1.0948125302791596,0.8900304511189461,1.2722864523530006
320,2,layer_22.mlp_down,0.08940360695123672,0.003112569641590379,0.07530730962753296,0.08255569636821747,0.0006185886857565492,0.17492132037878036,1.0948125302791596,0.8900304511189461,1.2722864523530006
320,2,layer_23.attn_o,0.024324651807546616,0.0011114417740920235,0.12725353240966797,0.08255569636821747,0.0024935621509939664,0.27912081480026246,1.0948125302791596,0.8900304511189461,1.2722864523530006
320,2,layer_23.mlp_down,0.08454634994268417,0.0026080527528399003,0.10482259094715118,0.08255569636821747,0.005765574239194393,0.18899714350700378,1.0948125302791596,0.8900304511189461,1.2722864523530006
320,2,layer_24.attn_o,0.02594558149576187,0.0013561526567585317,0.15361714363098145,0.08255569636821747,-0.009236771427094937,0.35456790328025817,1.0948125302791596,0.8900304511189461,1.2722864523530006
320,2,layer_24.mlp_down,0.09927823394536972,0.004401100251562459,0.16938434541225433,0.08255569636821747,0.009200562816113233,0.209139908850193,1.0948125302791596,0.8900304511189461,1.2722864523530006
320,2,layer_25.attn_o,0.02463359571993351,0.0011323141881620816,0.1935773342847824,0.08255569636821747,0.03469091597944498,0.22871918529272078,1.0948125302791596,0.8900304511189461,1.2722864523530006
320,2,layer_25.mlp_down,0.10926169157028198,0.005931877083510559,0.12276995182037354,0.08255569636821747,0.00037995875245542263,0.13074517734348773,1.0948125302791596,0.8900304511189461,1.2722864523530006
340,2,layer_0.attn_o,0.018633076921105385,0.0009140770308499073,0.46910324692726135,0.10289039462804794,-0.008376644924283028,0.04382485405076295,0.9740587651729584,0.8855889961123466,1.2659030929207802
340,2,layer_0.mlp_down,0.06339648365974426,0.001947040364427521,0.04122252017259598,0.10289039462804794,-0.00230658714499441,0.06716896141879261,0.9740587651729584,0.8855889961123466,1.2659030929207802
340,2,layer_1.attn_o,0.017813246697187424,0.0007380922938951302,0.5589574575424194,0.10289039462804794,0.006112896744161845,0.13725958806462585,0.9740587651729584,0.8855889961123466,1.2659030929207802
340,2,layer_1.mlp_down,0.07940394431352615,0.004218519453098002,0.018609438091516495,0.10289039462804794,0.0008834348642267287,0.06219068928621709,0.9740587651729584,0.8855889961123466,1.2659030929207802
340,2,layer_2.attn_o,0.018277205526828766,0.000803111863029631,0.2568121552467346,0.10289039462804794,-0.0018454249948263168,0.09886719826608896,0.9740587651729584,0.8855889961123466,1.2659030929207802
340,2,layer_2.mlp_down,0.08110740035772324,0.004397076744012308,0.03775671869516373,0.10289039462804794,0.0038950908463448288,0.07786714333342389,0.9740587651729584,0.8855889961123466,1.2659030929207802
340,2,layer_3.attn_o,0.017737150192260742,0.0007880287339670573,0.09835660457611084,0.10289039462804794,0.014740836387500168,0.09271587010007351,0.9740587651729584,0.8855889961123466,1.2659030929207802
340,2,layer_3.mlp_down,0.07577455043792725,0.003452430507427172,0.007307855878025293,0.10289039462804794,-0.003910973947495222,0.07493087397888303,0.9740587651729584,0.8855889961123466,1.2659030929207802
340,2,layer_4.attn_o,0.02174004539847374,0.0011821467424221904,0.09311489015817642,0.10289039462804794,0.010234639549162238,0.09606959479860962,0.9740587651729584,0.8855889961123466,1.2659030929207802
340,2,layer_4.mlp_down,0.06565970182418823,0.0020751797048465205,0.03691677749156952,0.10289039462804794,0.00744509776122868,0.11830792725086212,0.9740587651729584,0.8855889961123466,1.2659030929207802
340,2,layer_5.attn_o,0.016743354499340057,0.0006628913360745314,0.4146008789539337,0.10289039462804794,0.04041229963768274,0.2686779722571373,0.9740587651729584,0.8855889961123466,1.2659030929207802
340,2,layer_5.mlp_down,0.07099498808383942,0.0028621079903500854,0.032811570912599564,0.10289039462804794,0.0013346751511562616,0.08575403895229101,0.9740587651729584,0.8855889961123466,1.2659030929207802
340,2,layer_6.attn_o,0.020341768860816956,0.0011063665431900037,0.0038996990770101547,0.10289039462804794,6.89191569108516e-05,0.11280200406908988,0.9740587651729584,0.8855889961123466,1.2659030929207802
340,2,layer_6.mlp_down,0.07250335067510605,0.0031013981365609223,0.041716013103723526,0.10289039462804794,-0.0010743498452939094,0.11554263681173324,0.9740587651729584,0.8855889961123466,1.2659030929207802
340,2,layer_7.attn_o,0.01565369963645935,0.0004952094551459819,0.025748662650585175,0.10289039462804794,0.0029777084942907094,0.17482105270028114,0.9740587651729584,0.8855889961123466,1.2659030929207802
340,2,layer_7.mlp_down,0.06315665692090988,0.002065122237582173,0.07244133204221725,0.10289039462804794,0.0005669319536536932,0.15206652581691743,0.9740587651729584,0.8855889961123466,1.2659030929207802
340,2,layer_8.attn_o,0.016426431015133858,0.0005236270605944688,0.018902771174907684,0.10289039462804794,0.0036890795221552254,0.1850997358560562,0.9740587651729584,0.8855889961123466,1.2659030929207802
340,2,layer_8.mlp_down,0.06370672583580017,0.002065271268542558,0.04709670692682266,0.10289039462804794,-0.007130815321579576,0.1924866296350956,0.9740587651729584,0.8855889961123466,1.2659030929207802
340,2,layer_9.attn_o,0.01629059389233589,0.0005430031562235143,0.02631552889943123,0.10289039462804794,-0.008346863894257695,0.26866775676608085,0.9740587651729584,0.8855889961123466,1.2659030929207802
340,2,layer_9.mlp_down,0.07683444023132324,0.003892070657385799,0.06537874788045883,0.10289039462804794,-0.002521712065208703,0.25874231904745104,0.9740587651729584,0.8855889961123466,1.2659030929207802
340,2,layer_10.attn_o,0.01985059306025505,0.0010796783500319662,0.03283476456999779,0.10289039462804794,0.0010956084122881293,0.32974826246500016,0.9740587651729584,0.8855889961123466,1.2659030929207802
340,2,layer_10.mlp_down,0.06086425855755806,0.0018172420904333994,0.36289218068122864,0.10289039462804794,0.021735635586082935,0.36113082319498063,0.9740587651729584,0.8855889961123466,1.2659030929207802
340,2,layer_11.attn_o,0.01748093031346798,0.0007281549157133457,0.17690616846084595,0.10289039462804794,0.04844391574151814,0.5057031244039536,0.9740587651729584,0.8855889961123466,1.2659030929207802
340,2,layer_11.mlp_down,0.08027718961238861,0.004475708919341561,0.16806533932685852,0.10289039462804794,0.016398211335763337,0.34684652388095855,0.9740587651729584,0.8855889961123466,1.2659030929207802
340,2,layer_12.attn_o,0.0173232052475214,0.0006241886877608165,0.02076863683760166,0.10289039462804794,0.011032465600874276,0.3249465227127075,0.9740587651729584,0.8855889961123466,1.2659030929207802
340,2,layer_12.mlp_down,0.06983610987663269,0.002594612275752403,0.09767428040504456,0.10289039462804794,0.012772921868599952,0.25436950027942656,0.9740587651729584,0.8855889961123466,1.2659030929207802
340,2,layer_13.attn_o,0.020321955904364586,0.0010551989117369381,0.013354022987186909,0.10289039462804794,0.010581842323881574,0.23427335768938065,0.9740587651729584,0.8855889961123466,1.2659030929207802
340,2,layer_13.mlp_down,0.07512228190898895,0.003571227167702846,0.07001015543937683,0.10289039462804794,0.012034319085069,0.2442539319396019,0.9740587651729584,0.8855889961123466,1.2659030929207802
340,2,layer_14.attn_o,0.016740277409553528,0.0005847201062442081,0.024860510602593422,0.10289039462804794,0.008817289810394868,0.26491970121860503,0.9740587651729584,0.8855889961123466,1.2659030929207802
340,2,layer_14.mlp_down,0.0748952105641365,0.0033535878248214315,0.06130630522966385,0.10289039462804794,0.010932347585912794,0.2923042833805084,0.9740587651729584,0.8855889961123466,1.2659030929207802
340,2,layer_15.attn_o,0.020742934197187424,0.0011281867741400951,0.1214149072766304,0.10289039462804794,0.03305660458281636,0.40304879248142245,0.9740587651729584,0.8855889961123466,1.2659030929207802
340,2,layer_15.mlp_down,0.07047991454601288,0.0027681916288882368,0.07002339512109756,0.10289039462804794,0.008783350617159158,0.19426982030272483,0.9740587651729584,0.8855889961123466,1.2659030929207802
340,2,layer_16.attn_o,0.018914807587862015,0.0008449214426383737,0.04569292068481445,0.10289039462804794,0.012568784086033702,0.22530709877610205,0.9740587651729584,0.8855889961123466,1.2659030929207802
340,2,layer_16.mlp_down,0.064875528216362,0.0019763125155136635,0.12811513245105743,0.10289039462804794,0.007830982189625501,0.18584984689950942,0.9740587651729584,0.8855889961123466,1.2659030929207802
340,2,layer_17.attn_o,0.019028928130865097,0.001102133686562952,0.11141209304332733,0.10289039462804794,0.011393685487564652,0.3942254245281219,0.9740587651729584,0.8855889961123466,1.2659030929207802
340,2,layer_17.mlp_down,0.07396448403596878,0.002996729174270352,0.11773617565631866,0.10289039462804794,0.004390768353187013,0.19535114020109176,0.9740587651729584,0.8855889961123466,1.2659030929207802
340,2,layer_18.attn_o,0.01931096985936165,0.0010023775830416703,0.036651287227869034,0.10289039462804794,0.005167656287085265,0.2297256149351597,0.9740587651729584,0.8855889961123466,1.2659030929207802
340,2,layer_18.mlp_down,0.07225914299488068,0.002868705105258278,0.09729404747486115,0.10289039462804794,0.005109280487522483,0.2368936225771904,0.9740587651729584,0.8855889961123466,1.2659030929207802
340,2,layer_19.attn_o,0.022741444408893585,0.0013077635958998243,0.04373433440923691,0.10289039462804794,0.005729026807239279,0.22259188294410706,0.9740587651729584,0.8855889961123466,1.2659030929207802
340,2,layer_19.mlp_down,0.07340676337480545,0.003040806373924793,0.06258785724639893,0.10289039462804794,0.006142451986670494,0.22838744670152664,0.9740587651729584,0.8855889961123466,1.2659030929207802
340,2,layer_20.attn_o,0.016170933842658997,0.0005279304392396961,0.05238522216677666,0.10289039462804794,0.009788833605125547,0.362461693584919,0.9740587651729584,0.8855889961123466,1.2659030929207802
340,2,layer_20.mlp_down,0.08295686542987823,0.004471460132581017,0.07462427020072937,0.10289039462804794,0.008141373610123992,0.2714626707136631,0.9740587651729584,0.8855889961123466,1.2659030929207802
340,2,layer_21.attn_o,0.01591980829834938,0.0006430670833343988,0.3267270028591156,0.10289039462804794,0.023524243058636783,0.5121510207653046,0.9740587651729584,0.8855889961123466,1.2659030929207802
340,2,layer_21.mlp_down,0.06759954243898392,0.0022798281218700477,0.09172295778989792,0.10289039462804794,0.009698051784653217,0.2041229322552681,0.9740587651729584,0.8855889961123466,1.2659030929207802
340,2,layer_22.attn_o,0.016133056953549385,0.0005734973683232096,0.07698570936918259,0.10289039462804794,0.011180707486346364,0.1993274562060833,0.9740587651729584,0.8855889961123466,1.2659030929207802
340,2,layer_22.mlp_down,0.06883333623409271,0.002396409537636905,0.09002814441919327,0.10289039462804794,0.0057495166547596455,0.23320174738764762,0.9740587651729584,0.8855889961123466,1.2659030929207802
340,2,layer_23.attn_o,0.0175106730312109,0.0008000973769767338,0.14105093479156494,0.10289039462804794,0.0034223910653963683,0.32545921504497527,0.9740587651729584,0.8855889961123466,1.2659030929207802
340,2,layer_23.mlp_down,0.06507116556167603,0.00200728090233648,0.11141248792409897,0.10289039462804794,0.007576913945376873,0.2463118001818657,0.9740587651729584,0.8855889961123466,1.2659030929207802
340,2,layer_24.attn_o,0.019249871373176575,0.00100617369499437,0.15323635935783386,0.10289039462804794,0.008023126679472626,0.4237454146146774,0.9740587651729584,0.8855889961123466,1.2659030929207802
340,2,layer_24.mlp_down,0.07622143626213074,0.003378958653864541,0.16210085153579712,0.10289039462804794,0.01994048709748313,0.2657104253768921,0.9740587651729584,0.8855889961123466,1.2659030929207802
340,2,layer_25.attn_o,0.018866319209337234,0.0008672139986816112,0.18588091433048248,0.10289039462804794,0.04264628514647484,0.2908780038356781,0.9740587651729584,0.8855889961123466,1.2659030929207802
340,2,layer_25.mlp_down,0.08374276012182236,0.004546412070031482,0.06525170058012009,0.10289039462804794,0.009428789094090461,0.1625624604523182,0.9740587651729584,0.8855889961123466,1.2659030929207802
360,2,layer_0.attn_o,0.01335094589740038,0.0006549529349907913,-0.01938244141638279,0.0932479202747345,0.041306264512240884,0.21636615621391683,1.2104016065597534,0.8833237886428833,1.266751877963543
360,2,layer_0.mlp_down,0.04551400989294052,0.001397827603965748,-0.00975485984236002,0.0932479202747345,0.0072407959087286144,0.14669183120131493,1.2104016065597534,0.8833237886428833,1.266751877963543
360,2,layer_1.attn_o,0.01241015549749136,0.0005142150429137287,0.14491505920886993,0.0932479202747345,0.07752798087894916,0.22639901787042618,1.2104016065597534,0.8833237886428833,1.266751877963543
360,2,layer_1.mlp_down,0.05645173415541649,0.0029991240643748337,0.018107648938894272,0.0932479202747345,0.001991522521711886,0.14547341503202915,1.2104016065597534,0.8833237886428833,1.266751877963543
360,2,layer_2.attn_o,0.013016067445278168,0.0005719343029898002,0.10941339284181595,0.0932479202747345,0.002785498322919011,0.1898950610309839,1.2104016065597534,0.8833237886428833,1.266751877963543
360,2,layer_2.mlp_down,0.05809902772307396,0.003149717296099875,0.061799030750989914,0.0932479202747345,0.0075910967541858556,0.17460663784295322,1.2104016065597534,0.8833237886428833,1.266751877963543
360,2,layer_3.attn_o,0.012390491552650928,0.0005504865925826905,0.10641921311616898,0.0932479202747345,0.0005162668880075216,0.19025952350348235,1.2104016065597534,0.8833237886428833,1.266751877963543
360,2,layer_3.mlp_down,0.053415507078170776,0.0024337063647624268,0.05506690591573715,0.0932479202747345,0.004713864135555923,0.16032731700688602,1.2104016065597534,0.8833237886428833,1.266751877963543
360,2,layer_4.attn_o,0.015146389603614807,0.0008236069008644289,0.07872003316879272,0.0932479202747345,0.004195349453948438,0.18381401151418686,1.2104016065597534,0.8833237886428833,1.266751877963543
360,2,layer_4.mlp_down,0.045310717076063156,0.0014320430205123575,0.11423881351947784,0.0932479202747345,-0.0025220610201358794,0.23116965927183628,1.2104016065597534,0.8833237886428833,1.266751877963543
360,2,layer_5.attn_o,0.012118742801249027,0.00047979682889134857,0.47928979992866516,0.0932479202747345,0.09167597126215696,0.42588178962469103,1.2104016065597534,0.8833237886428833,1.266751877963543
360,2,layer_5.mlp_down,0.04946470633149147,0.0019941255204698133,0.0548810176551342,0.0932479202747345,-0.00421753634000197,0.1631334288045764,1.2104016065597534,0.8833237886428833,1.266751877963543
360,2,layer_6.attn_o,0.014428646303713322,0.0007847582795368278,0.014057131484150887,0.0932479202747345,-0.0001445037836674601,0.19481079354882241,1.2104016065597534,0.8833237886428833,1.266751877963543
360,2,layer_6.mlp_down,0.050611309707164764,0.0021649438168086796,0.058282919228076935,0.0932479202747345,-0.004590076813474298,0.20156415607780218,1.2104016065597534,0.8833237886428833,1.266751877963543
360,2,layer_7.attn_o,0.011198112741112709,0.0003542555497771127,0.025231707841157913,0.0932479202747345,-0.0047092868480831385,0.27374138571321965,1.2104016065597534,0.8833237886428833,1.266751877963543
360,2,layer_7.mlp_down,0.04465652257204056,0.001460191984852869,0.09207826852798462,0.0932479202747345,-0.0037579755706246944,0.24184258766472339,1.2104016065597534,0.8833237886428833,1.266751877963543
360,2,layer_8.attn_o,0.011781967245042324,0.00037557495725364456,0.02272791601717472,0.0932479202747345,-0.0006892242934554815,0.2604011110961437,1.2104016065597534,0.8833237886428833,1.266751877963543
360,2,layer_8.mlp_down,0.04478493705391884,0.0014518507056733069,0.04499955102801323,0.0932479202747345,-0.005377235391642898,0.2715762540698051,1.2104016065597534,0.8833237886428833,1.266751877963543
360,2,layer_9.attn_o,0.011460614390671253,0.00038200865169796456,0.012267457321286201,0.0932479202747345,-0.0010479329153895377,0.35353386476635934,1.2104016065597534,0.8833237886428833,1.266751877963543
360,2,layer_9.mlp_down,0.0547226183116436,0.002771986212090667,0.07499350607395172,0.0932479202747345,-0.001658410462550819,0.33503901958465576,1.2104016065597534,0.8833237886428833,1.266751877963543
360,2,layer_10.attn_o,0.014327511191368103,0.0007792766491260735,0.049886349588632584,0.0932479202747345,-0.00043011922389268875,0.40630040764808656,1.2104016065597534,0.8833237886428833,1.266751877963543
360,2,layer_10.mlp_down,0.043434374034404755,0.0012968293507476102,0.256847083568573,0.0932479202747345,-0.0026048863306641578,0.4288839504122734,1.2104016065597534,0.8833237886428833,1.266751877963543
360,2,layer_11.attn_o,0.012644304893910885,0.0005266890298261322,0.21405813097953796,0.0932479202747345,0.030062407394871114,0.5665601283311844,1.2104016065597534,0.8833237886428833,1.266751877963543
360,2,layer_11.mlp_down,0.05808466300368309,0.0032383973248208435,0.18913793563842773,0.0932479202747345,0.022113354364410042,0.41086921095848083,1.2104016065597534,0.8833237886428833,1.266751877963543
360,2,layer_12.attn_o,0.012554017826914787,0.0004523454896129907,0.029131727293133736,0.0932479202747345,0.01436814027838409,0.385297691822052,1.2104016065597534,0.8833237886428833,1.266751877963543
360,2,layer_12.mlp_down,0.050117265433073044,0.001861990480773141,0.10518146306276321,0.0932479202747345,0.013408244505990296,0.31394452750682833,1.2104016065597534,0.8833237886428833,1.266751877963543
360,2,layer_13.attn_o,0.01457214169204235,0.0007566449352506069,0.018425730988383293,0.0932479202747345,0.008377635758370161,0.26418221518397333,1.2104016065597534,0.8833237886428833,1.266751877963543
360,2,layer_13.mlp_down,0.054147470742464066,0.0025741065880915083,0.07346802949905396,0.0932479202747345,0.01043504299595952,0.2799915671348572,1.2104016065597534,0.8833237886428833,1.266751877963543
360,2,layer_14.attn_o,0.012148709036409855,0.000424341274561047,0.034528009593486786,0.0932479202747345,0.006349801714532077,0.3021168619394302,1.2104016065597534,0.8833237886428833,1.266751877963543
360,2,layer_14.mlp_down,0.052960604429244995,0.002371418481695082,0.0783795565366745,0.0932479202747345,0.006852411222644151,0.3186855956912041,1.2104016065597534,0.8833237886428833,1.266751877963543
360,2,layer_15.attn_o,0.014849814586341381,0.0008076657479406655,0.13266496360301971,0.0932479202747345,0.036240345262922344,0.4511680483818054,1.2104016065597534,0.8833237886428833,1.266751877963543
360,2,layer_15.mlp_down,0.05009978637099266,0.001967729310648602,0.09061217308044434,0.0932479202747345,0.014114375010831282,0.21066124439239503,1.2104016065597534,0.8833237886428833,1.266751877963543
360,2,layer_16.attn_o,0.01354095060378313,0.0006048722615898413,0.06017788499593735,0.0932479202747345,0.01559888419433264,0.22976839914917946,1.2104016065597534,0.8833237886428833,1.266751877963543
360,2,layer_16.mlp_down,0.04563894867897034,0.001390301473415619,0.1157027930021286,0.0932479202747345,0.014181229891255498,0.1868712842464447,1.2104016065597534,0.8833237886428833,1.266751877963543
360,2,layer_17.attn_o,0.014201004058122635,0.0008225058630647418,0.07496947050094604,0.0932479202747345,0.018449002300621943,0.4025892674922943,1.2104016065597534,0.8833237886428833,1.266751877963543
360,2,layer_17.mlp_down,0.05133058503270149,0.0020796931901605567,0.10454149544239044,0.0932479202747345,0.016205698461271824,0.19636726006865501,1.2104016065597534,0.8833237886428833,1.266751877963543
360,2,layer_18.attn_o,0.013695838861167431,0.0007109120150974148,0.024070246145129204,0.0932479202747345,0.00947770683123963,0.24350186958909034,1.2104016065597534,0.8833237886428833,1.266751877963543
360,2,layer_18.mlp_down,0.05040379986166954,0.002001036135257707,0.09029065072536469,0.0932479202747345,0.013468633336015046,0.23092260658740998,1.2104016065597534,0.8833237886428833,1.266751877963543
360,2,layer_19.attn_o,0.015163351781666279,0.0008719795781338755,0.046045348048210144,0.0932479202747345,0.012164541194215417,0.187795733474195,1.2104016065597534,0.8833237886428833,1.266751877963543
360,2,layer_19.mlp_down,0.05069577693939209,0.002100021229983128,0.07221952080726624,0.0932479202747345,0.009311546781100332,0.2154708258807659,1.2104016065597534,0.8833237886428833,1.266751877963543
360,2,layer_20.attn_o,0.011190258897840977,0.0003653268810054007,0.05993815138936043,0.0932479202747345,0.016239000839414076,0.3441188603639603,1.2104016065597534,0.8833237886428833,1.266751877963543
360,2,layer_20.mlp_down,0.05667407438158989,0.003054781630125033,0.08979346603155136,0.0932479202747345,0.012692639318993315,0.2719163455069065,1.2104016065597534,0.8833237886428833,1.266751877963543
360,2,layer_21.attn_o,0.01145375706255436,0.0004626647869675809,0.3360603153705597,0.0932479202747345,0.03795131302322261,0.5777288556098938,1.2104016065597534,0.8833237886428833,1.266751877963543
360,2,layer_21.mlp_down,0.04594585672020912,0.0015495413409784538,0.10107775777578354,0.0932479202747345,0.01275432017428102,0.20135023817420006,1.2104016065597534,0.8833237886428833,1.266751877963543
360,2,layer_22.attn_o,0.011797281913459301,0.0004193692117885708,0.06309974193572998,0.0932479202747345,0.012099135317839682,0.20078860893845557,1.2104016065597534,0.8833237886428833,1.266751877963543
360,2,layer_22.mlp_down,0.04723319038748741,0.0016443985250408058,0.10109078884124756,0.0932479202747345,0.009869750315556303,0.21516225934028627,1.2104016065597534,0.8833237886428833,1.266751877963543
360,2,layer_23.attn_o,0.01249130442738533,0.0005707523221146534,0.13530148565769196,0.0932479202747345,0.021571214823052288,0.29162156879901885,1.2104016065597534,0.8833237886428833,1.266751877963543
360,2,layer_23.mlp_down,0.04455965384840965,0.0013745477840798948,0.10986437648534775,0.0932479202747345,0.013847883883863687,0.22860403433442117,1.2104016065597534,0.8833237886428833,1.266751877963543
360,2,layer_24.attn_o,0.013796871528029442,0.0007211503037906319,0.13920582830905914,0.0932479202747345,0.021683912607841194,0.43690873235464095,1.2104016065597534,0.8833237886428833,1.266751877963543
360,2,layer_24.mlp_down,0.05291265621781349,0.0023456554070852434,0.17409218847751617,0.0932479202747345,0.009792956012825016,0.2591112807393074,1.2104016065597534,0.8833237886428833,1.266751877963543
360,2,layer_25.attn_o,0.013094214722514153,0.0006018917734191575,0.19508887827396393,0.0932479202747345,0.01056131925433874,0.27870932668447496,1.2104016065597534,0.8833237886428833,1.266751877963543
360,2,layer_25.mlp_down,0.05936407297849655,0.003222879337725615,-0.010427379049360752,0.0932479202747345,-0.01967138350009918,0.18916119895875455,1.2104016065597534,0.8833237886428833,1.266751877963543
380,2,layer_0.attn_o,0.008668547496199608,0.0004252501456330162,0.20268964767456055,0.04807779937982559,-0.01749341213144362,0.1319634249433875,1.0902739644050599,0.8803445473313332,1.2646348550915718
380,2,layer_0.mlp_down,0.02938743680715561,0.0009025459160382291,0.02437138929963112,0.04807779937982559,0.003513693599961698,0.08379826433956623,1.0902739644050599,0.8803445473313332,1.2646348550915718
380,2,layer_1.attn_o,0.008356506936252117,0.0003462521152536299,0.29100650548934937,0.04807779937982559,0.011899151001125574,0.139939228259027,1.0902739644050599,0.8803445473313332,1.2646348550915718
380,2,layer_1.mlp_down,0.03723199665546417,0.0019780295107599834,-0.0005972610088065267,0.04807779937982559,0.001385364169254899,0.09048691913485526,1.0902739644050599,0.8803445473313332,1.2646348550915718
380,2,layer_2.attn_o,0.008509406819939613,0.0003739087928645658,0.14590145647525787,0.04807779937982559,-0.00044192283021402543,0.1490286998450756,1.0902739644050599,0.8803445473313332,1.2646348550915718
380,2,layer_2.mlp_down,0.03845112770795822,0.002084545542919503,0.06352274864912033,0.04807779937982559,-0.0004719865522929467,0.1298355959355831,1.0902739644050599,0.8803445473313332,1.2646348550915718
380,2,layer_3.attn_o,0.008217612281441689,0.0003650933256433763,0.058770935982465744,0.04807779937982559,0.003661244810791686,0.13259282968938352,1.0902739644050599,0.8803445473313332,1.2646348550915718
380,2,layer_3.mlp_down,0.035339247435331345,0.0016101181355990019,0.020385533571243286,0.04807779937982559,-0.004631003807298839,0.10131231434643269,1.0902739644050599,0.8803445473313332,1.2646348550915718
380,2,layer_4.attn_o,0.010073677636682987,0.0005477709445469743,0.04166674241423607,0.04807779937982559,0.013317286733945366,0.14106818474829197,1.0902739644050599,0.8803445473313332,1.2646348550915718
380,2,layer_4.mlp_down,0.030569663271307945,0.0009661499910293302,0.08128441870212555,0.04807779937982559,0.0018841784447431564,0.16953605487942697,1.0902739644050599,0.8803445473313332,1.2646348550915718
380,2,layer_5.attn_o,0.008043807931244373,0.00031846479606322876,0.26976022124290466,0.04807779937982559,0.07398687116801739,0.3200025349855423,1.0902739644050599,0.8803445473313332,1.2646348550915718
380,2,layer_5.mlp_down,0.033411186188459396,0.0013469394804680329,0.03482434153556824,0.04807779937982559,-0.0006327966533717699,0.10324597284197808,1.0902739644050599,0.8803445473313332,1.2646348550915718
380,2,layer_6.attn_o,0.009707711637020111,0.0005279915364643831,0.014068962074816227,0.04807779937982559,-0.004401255375705659,0.15428443476557732,1.0902739644050599,0.8803445473313332,1.2646348550915718
380,2,layer_6.mlp_down,0.03493883088231087,0.001494537391695394,0.03649788349866867,0.04807779937982559,-0.006672483298461884,0.15773555338382722,1.0902739644050599,0.8803445473313332,1.2646348550915718
380,2,layer_7.attn_o,0.00758618488907814,0.0002399911194184136,0.02508368343114853,0.04807779937982559,-0.012782435584813356,0.23520020991563798,1.0902739644050599,0.8803445473313332,1.2646348550915718
380,2,layer_7.mlp_down,0.030500950291752815,0.0009973257862735678,0.043885622173547745,0.04807779937982559,-0.0032528038136661053,0.20445852726697922,1.0902739644050599,0.8803445473313332,1.2646348550915718
380,2,layer_8.attn_o,0.007957793772220612,0.0002536713015209281,0.011022847145795822,0.04807779937982559,-0.00532506966846995,0.2337156966328621,1.0902739644050599,0.8803445473313332,1.2646348550915718
380,2,layer_8.mlp_down,0.030581606552004814,0.0009914008068278386,0.018884696066379547,0.04807779937982559,-0.0070805721916258335,0.2528510995209217,1.0902739644050599,0.8803445473313332,1.2646348550915718
380,2,layer_9.attn_o,0.007785084657371044,0.0002594947377791152,0.016766684129834175,0.04807779937982559,-0.008172532194294035,0.33841143995523454,1.0902739644050599,0.8803445473313332,1.2646348550915718
380,2,layer_9.mlp_down,0.03720049187541008,0.0018843954196958357,0.0405983068048954,0.04807779937982559,-0.00013037258759140968,0.32738165706396105,1.0902739644050599,0.8803445473313332,1.2646348550915718
380,2,layer_10.attn_o,0.00954815000295639,0.0005193261958813235,0.02397817373275757,0.04807779937982559,0.0015810240991413593,0.4098279431462288,1.0902739644050599,0.8803445473313332,1.2646348550915718
380,2,layer_10.mlp_down,0.029194602742791176,0.0008716676812604666,0.2152760624885559,0.04807779937982559,-0.0002512569772079587,0.43443512320518496,1.0902739644050599,0.8803445473313332,1.2646348550915718
380,2,layer_11.attn_o,0.008339731022715569,0.00034738523613743515,0.15391509234905243,0.04807779937982559,0.026583672780543566,0.5794384330511093,1.0902739644050599,0.8803445473313332,1.2646348550915718
380,2,layer_11.mlp_down,0.039522986859083176,0.0022035220462901122,0.10901474207639694,0.04807779937982559,0.00565275976259727,0.406929749250412,1.0902739644050599,0.8803445473313332,1.2646348550915718
380,2,layer_12.attn_o,0.008397441357374191,0.000302575976277547,0.012212744913995266,0.04807779937982559,0.0007029800442978739,0.3974391341209412,1.0902739644050599,0.8803445473313332,1.2646348550915718
380,2,layer_12.mlp_down,0.03419579565525055,0.00127046195554155,0.05708986520767212,0.04807779937982559,0.005127897160127759,0.2974881187081337,1.0902739644050599,0.8803445473313332,1.2646348550915718
380,2,layer_13.attn_o,0.009837247431278229,0.000510789893882499,0.004786777310073376,0.04807779937982559,0.003090162854641676,0.2819795057177544,1.0902739644050599,0.8803445473313332,1.2646348550915718
380,2,layer_13.mlp_down,0.036904461681842804,0.0017543907135575923,0.033886343240737915,0.04807779937982559,-0.0013723293552175165,0.26694572865962984,1.0902739644050599,0.8803445473313332,1.2646348550915718
380,2,layer_14.attn_o,0.008192572742700577,0.0002861576529928594,0.016130143776535988,0.04807779937982559,-0.0020283323945477607,0.3076825812458992,1.0902739644050599,0.8803445473313332,1.2646348550915718
380,2,layer_14.mlp_down,0.036705002188682556,0.0016435395169610409,0.02707429975271225,0.04807779937982559,-0.0006688937079161406,0.30976871103048326,1.0902739644050599,0.8803445473313332,1.2646348550915718
380,2,layer_15.attn_o,0.009952143765985966,0.0005412867116513257,0.06799681484699249,0.04807779937982559,0.0063951417803764345,0.4538723111152649,1.0902739644050599,0.8803445473313332,1.2646348550915718
380,2,layer_15.mlp_down,0.03449362888932228,0.0013547757796427066,0.04430805891752243,0.04807779937982559,0.0035150969692040236,0.1976924031972885,1.0902739644050599,0.8803445473313332,1.2646348550915718
380,2,layer_16.attn_o,0.009148363023996353,0.00040865598897880977,0.02357419766485691,0.04807779937982559,0.0030880494276061656,0.23401742801070213,1.0902739644050599,0.8803445473313332,1.2646348550915718
380,2,layer_16.mlp_down,0.03142421692609787,0.0009572754187404977,0.05030246451497078,0.04807779937982559,0.007154699787497521,0.19013103023171424,1.0902739644050599,0.8803445473313332,1.2646348550915718
380,2,layer_17.attn_o,0.009231718257069588,0.0005346907076429938,0.050175487995147705,0.04807779937982559,0.006871540658175945,0.46217227578163145,1.0902739644050599,0.8803445473313332,1.2646348550915718
380,2,layer_17.mlp_down,0.035372357815504074,0.0014331322190586433,0.04431406408548355,0.04807779937982559,0.005676033953204751,0.19245834276080132,1.0902739644050599,0.8803445473313332,1.2646348550915718
380,2,layer_18.attn_o,0.009056898765265942,0.00047011769812991454,0.020726019516587257,0.04807779937982559,-0.0016767779947258533,0.25696528404951097,1.0902739644050599,0.8803445473313332,1.2646348550915718
380,2,layer_18.mlp_down,0.03437899798154831,0.0013648455844174185,0.040852513164281845,0.04807779937982559,0.0038579214742640033,0.24455341696739197,1.0902739644050599,0.8803445473313332,1.2646348550915718
380,2,layer_19.attn_o,0.010775461792945862,0.0006196507713928479,0.026501834392547607,0.04807779937982559,-0.0010856111824978144,0.23633026704192162,1.0902739644050599,0.8803445473313332,1.2646348550915718
380,2,layer_19.mlp_down,0.035037849098443985,0.0014514045560168427,0.02743307314813137,0.04807779937982559,0.0013934485847130417,0.22616669088602065,1.0902739644050599,0.8803445473313332,1.2646348550915718
380,2,layer_20.attn_o,0.008009728975594044,0.00026149249847012135,0.033741533756256104,0.04807779937982559,-0.0035912907071178777,0.370026633143425,1.0902739644050599,0.8803445473313332,1.2646348550915718
380,2,layer_20.mlp_down,0.03999095410108566,0.002155540811754106,0.04904836416244507,0.04807779937982559,-0.0006550614256411791,0.2833842262625694,1.0902739644050599,0.8803445473313332,1.2646348550915718
380,2,layer_21.attn_o,0.007871035486459732,0.00031794366981949225,0.19780603051185608,0.04807779937982559,0.01367669403553009,0.5546350061893464,1.0902739644050599,0.8803445473313332,1.2646348550915718
380,2,layer_21.mlp_down,0.03261299058794975,0.0010998821491922843,0.0455433614552021,0.04807779937982559,-0.004396122193429619,0.21028610095381736,1.0902739644050599,0.8803445473313332,1.2646348550915718
380,2,layer_22.attn_o,0.007906682789325714,0.00028106634256135586,0.04122777655720711,0.04807779937982559,-0.0038341653067618608,0.20583273470401764,1.0902739644050599,0.8803445473313332,1.2646348550915718
380,2,layer_22.mlp_down,0.033617109060287476,0.001170359450795058,0.0495348684489727,0.04807779937982559,-0.0032579990103840826,0.23607649207115172,1.0902739644050599,0.8803445473313332,1.2646348550915718
380,2,layer_23.attn_o,0.008173909038305283,0.0003734819837996616,0.08117064088582993,0.04807779937982559,-0.00784293031319976,0.34998768717050555,1.0902739644050599,0.8803445473313332,1.2646348550915718
380,2,layer_23.mlp_down,0.031583309173583984,0.0009742587984387318,0.04262617230415344,0.04807779937982559,-0.0029903613147325816,0.24947853088378907,1.0902739644050599,0.8803445473313332,1.2646348550915718
380,2,layer_24.attn_o,0.00944828987121582,0.0004938536782422085,0.06864447891712189,0.04807779937982559,-0.01153732966631651,0.41161018908023833,1.0902739644050599,0.8803445473313332,1.2646348550915718
380,2,layer_24.mlp_down,0.037260543555021286,0.001651784526188338,0.10298179090023041,0.04807779937982559,0.002802039124071598,0.2670182466506958,1.0902739644050599,0.8803445473313332,1.2646348550915718
380,2,layer_25.attn_o,0.009300095029175282,0.00042749033202319934,0.13584557175636292,0.04807779937982559,0.0008269476646091789,0.2956626288592815,1.0902739644050599,0.8803445473313332,1.2646348550915718
380,2,layer_25.mlp_down,0.041599780321121216,0.002258448199377937,-0.03921525552868843,0.04807779937982559,-0.012076084734871984,0.19543033167719842,1.0902739644050599,0.8803445473313332,1.2646348550915718
400,2,layer_0.attn_o,0.005366086028516293,0.0002632423066349295,0.4578856825828552,0.10278129577636719,0.004075591359287501,0.17960454076528548,1.1536404490470886,0.8790547698736191,1.2634479030966759
400,2,layer_0.mlp_down,0.018037427216768265,0.0005539643700911883,0.036403872072696686,0.10278129577636719,0.008720942295622081,0.07858624146319926,1.1536404490470886,0.8790547698736191,1.2634479030966759
400,2,layer_1.attn_o,0.005083071067929268,0.00021061720198181335,0.6196080446243286,0.10278129577636719,0.05614838204346597,0.1350385993719101,1.1536404490470886,0.8790547698736191,1.2634479030966759
400,2,layer_1.mlp_down,0.022545168176293373,0.0011977578858475154,0.01813075691461563,0.10278129577636719,0.004746578889898956,0.08031471539288759,1.1536404490470886,0.8790547698736191,1.2634479030966759
400,2,layer_2.attn_o,0.005339162424206734,0.00023460620133355112,0.2874239385128021,0.10278129577636719,0.013199438247829676,0.12386355735361576,1.1536404490470886,0.8790547698736191,1.2634479030966759
400,2,layer_2.mlp_down,0.02294963411986828,0.0012441619206729653,0.08764010667800903,0.10278129577636719,0.0084492297435645,0.11517239287495613,1.1536404490470886,0.8790547698736191,1.2634479030966759
400,2,layer_3.attn_o,0.005197857040911913,0.00023093112279552226,0.13550181686878204,0.10278129577636719,0.010489048434857295,0.11757812239229679,1.1536404490470886,0.8790547698736191,1.2634479030966759
400,2,layer_3.mlp_down,0.021853817626833916,0.0009956971609392112,0.04554467275738716,0.10278129577636719,0.00874415902653709,0.10077182911336421,1.1536404490470886,0.8790547698736191,1.2634479030966759
400,2,layer_4.attn_o,0.0064483932219445705,0.0003506407696416954,0.10768603533506393,0.10278129577636719,0.013993917033076286,0.1285464383661747,1.1536404490470886,0.8790547698736191,1.2634479030966759
400,2,layer_4.mlp_down,0.018836837261915207,0.0005953352486181646,0.12305466830730438,0.10278129577636719,0.017310385743621738,0.15708579495549202,1.1536404490470886,0.8790547698736191,1.2634479030966759
400,2,layer_5.attn_o,0.00516846776008606,0.0002046263622328172,0.5551579594612122,0.10278129577636719,0.08580316342413426,0.34577166438102724,1.1536404490470886,0.8790547698736191,1.2634479030966759
400,2,layer_5.mlp_down,0.020656216889619827,0.0008327345924144724,0.06341858208179474,0.10278129577636719,0.005840016901493073,0.08615636676549912,1.1536404490470886,0.8790547698736191,1.2634479030966759
400,2,layer_6.attn_o,0.006046237889677286,0.00032884805620460235,0.01885085552930832,0.10278129577636719,0.008842347026802599,0.1175531093031168,1.1536404490470886,0.8790547698736191,1.2634479030966759
400,2,layer_6.mlp_down,0.021226927638053894,0.0009079988696339044,0.056703194975852966,0.10278129577636719,0.007592719941749237,0.12055998295545578,1.1536404490470886,0.8790547698736191,1.2634479030966759
400,2,layer_7.attn_o,0.004691424313932657,0.00014841455318663553,0.0527518168091774,0.10278129577636719,0.011742532439529895,0.19176546707749367,1.1536404490470886,0.8790547698736191,1.2634479030966759
400,2,layer_7.mlp_down,0.018663890659809113,0.0006102749743641069,0.06792986392974854,0.10278129577636719,0.020809214538894595,0.16996912881731988,1.1536404490470886,0.8790547698736191,1.2634479030966759
400,2,layer_8.attn_o,0.004911702126264572,0.00015657074752198588,0.03435042127966881,0.10278129577636719,0.02075817221775651,0.175327318161726,1.1536404490470886,0.8790547698736191,1.2634479030966759
400,2,layer_8.mlp_down,0.01859738864004612,0.000602893706417909,0.07048243284225464,0.10278129577636719,0.023935611918568613,0.19433350190520288,1.1536404490470886,0.8790547698736191,1.2634479030966759
400,2,layer_9.attn_o,0.004860352259129286,0.00016200669491791918,0.039351824671030045,0.10278129577636719,0.021623539039865136,0.267378443479538,1.1536404490470886,0.8790547698736191,1.2634479030966759
400,2,layer_9.mlp_down,0.022914592176675797,0.0011607397586998768,0.09298326075077057,0.10278129577636719,0.024715173325967045,0.25615095496177676,1.1536404490470886,0.8790547698736191,1.2634479030966759
400,2,layer_10.attn_o,0.0059983618557453156,0.00032625232321806995,0.05778424069285393,0.10278129577636719,0.025273793982341884,0.31761564314365387,1.1536404490470886,0.8790547698736191,1.2634479030966759
400,2,layer_10.mlp_down,0.018100036308169365,0.0005404151594974056,0.22510142624378204,0.10278129577636719,0.027667667157948016,0.35633766651153564,1.1536404490470886,0.8790547698736191,1.2634479030966759
400,2,layer_11.attn_o,0.005385458003729582,0.00022432719311957938,0.17328903079032898,0.10278129577636719,0.03592434385791421,0.49649100601673124,1.1536404490470886,0.8790547698736191,1.2634479030966759
400,2,layer_11.mlp_down,0.02456333488225937,0.0013694740795503098,0.1890196055173874,0.10278129577636719,0.016002189461141826,0.3363161340355873,1.1536404490470886,0.8790547698736191,1.2634479030966759
400,2,layer_12.attn_o,0.0053317248821258545,0.00019211228409389018,0.04561885446310043,0.10278129577636719,0.01179988991934806,0.2937392726540565,1.1536404490470886,0.8790547698736191,1.2634479030966759
400,2,layer_12.mlp_down,0.021092582494020462,0.0007836427551851454,0.12151611596345901,0.10278129577636719,0.01109271296299994,0.23556359410285949,1.1536404490470886,0.8790547698736191,1.2634479030966759
400,2,layer_13.attn_o,0.006176626309752464,0.0003207154942918213,0.025882160291075706,0.10278129577636719,0.0008607040042988956,0.17376857101917267,1.1536404490470886,0.8790547698736191,1.2634479030966759
400,2,layer_13.mlp_down,0.022523194551467896,0.0010707226754754194,0.09270662814378738,0.10278129577636719,0.01235708881285973,0.21005644351243974,1.1536404490470886,0.8790547698736191,1.2634479030966759
400,2,layer_14.attn_o,0.005168414209038019,0.00018052707344452904,0.047300707548856735,0.10278129577636719,0.002121201518457383,0.2162547528743744,1.1536404490470886,0.8790547698736191,1.2634479030966759
400,2,layer_14.mlp_down,0.022051401436328888,0.0009873952978774968,0.06952564418315887,0.10278129577636719,0.0031075176084414124,0.254017972946167,1.1536404490470886,0.8790547698736191,1.2634479030966759
400,2,layer_15.attn_o,0.0062108696438372135,0.00033780264710279117,0.13815434277057648,0.10278129577636719,0.016472834255546333,0.3533586889505386,1.1536404490470886,0.8790547698736191,1.2634479030966759
400,2,layer_15.mlp_down,0.020960329100489616,0.0008232398299288331,0.08798149228096008,0.10278129577636719,0.004724689305294305,0.1378458932042122,1.1536404490470886,0.8790547698736191,1.2634479030966759
400,2,layer_16.attn_o,0.005608167499303818,0.0002505159703993837,0.07703523337841034,0.10278129577636719,-0.0005266811931505799,0.15763464272022248,1.1536404490470886,0.8790547698736191,1.2634479030966759
400,2,layer_16.mlp_down,0.019096508622169495,0.0005817358937880255,0.0968390479683876,0.10278129577636719,0.009496825840324163,0.12655107006430627,1.1536404490470886,0.8790547698736191,1.2634479030966759
400,2,layer_17.attn_o,0.006089659873396158,0.0003527060356284626,0.07828450202941895,0.10278129577636719,0.004067701823078096,0.37278932332992554,1.1536404490470886,0.8790547698736191,1.2634479030966759
400,2,layer_17.mlp_down,0.02110154554247856,0.00085494047482659,0.10160395503044128,0.10278129577636719,0.008330840741837164,0.14363231360912324,1.1536404490470886,0.8790547698736191,1.2634479030966759
400,2,layer_18.attn_o,0.005661125294864178,0.00029385272718064864,0.027064522728323936,0.10278129577636719,0.00014095884980633855,0.14725669100880623,1.1536404490470886,0.8790547698736191,1.2634479030966759
400,2,layer_18.mlp_down,0.02047400362789631,0.0008128168885660679,0.09200559556484222,0.10278129577636719,0.006763350893743336,0.1825476825237274,1.1536404490470886,0.8790547698736191,1.2634479030966759
400,2,layer_19.attn_o,0.00624859007075429,0.00035932967952307846,0.04522012174129486,0.10278129577636719,0.0004128213971853256,0.1400649331510067,1.1536404490470886,0.8790547698736191,1.2634479030966759
400,2,layer_19.mlp_down,0.020543474704027176,0.0008509903531930105,0.051066916435956955,0.10278129577636719,0.0034191492915851994,0.18220873102545737,1.1536404490470886,0.8790547698736191,1.2634479030966759
400,2,layer_20.attn_o,0.004633698612451553,0.0001512756992864117,0.053097937256097794,0.10278129577636719,0.004760365578113124,0.2697780653834343,1.1536404490470886,0.8790547698736191,1.2634479030966759
400,2,layer_20.mlp_down,0.0230634156614542,0.0012431314073617608,0.07629577070474625,0.10278129577636719,0.007153345664846711,0.23633546829223634,1.1536404490470886,0.8790547698736191,1.2634479030966759
400,2,layer_21.attn_o,0.004668804816901684,0.00018859231740757666,0.30900856852531433,0.10278129577636719,0.03566635213792324,0.4772081315517426,1.1536404490470886,0.8790547698736191,1.2634479030966759
400,2,layer_21.mlp_down,0.018522541970014572,0.0006246770996465988,0.0845775306224823,0.10278129577636719,0.003377031721174717,0.1539137952029705,1.1536404490470886,0.8790547698736191,1.2634479030966759
400,2,layer_22.attn_o,0.004828609526157379,0.00017164713335522287,0.0792158916592598,0.10278129577636719,0.0022255459800362585,0.12043148726224899,1.1536404490470886,0.8790547698736191,1.2634479030966759
400,2,layer_22.mlp_down,0.0191500224173069,0.0006666957259849243,0.09057628363370895,0.10278129577636719,0.007388304127380252,0.16847930997610092,1.1536404490470886,0.8790547698736191,1.2634479030966759
400,2,layer_23.attn_o,0.005111701786518097,0.0002335637104443332,0.14158551394939423,0.10278129577636719,0.018184056505560875,0.24112931936979293,1.1536404490470886,0.8790547698736191,1.2634479030966759
400,2,layer_23.mlp_down,0.01800251007080078,0.0005553275970956757,0.10801168531179428,0.10278129577636719,0.010483841627137735,0.18867631256580353,1.1536404490470886,0.8790547698736191,1.2634479030966759
400,2,layer_24.attn_o,0.00578113179653883,0.00030217453864897113,0.15018439292907715,0.10278129577636719,0.004289701348170638,0.3445876777172089,1.1536404490470886,0.8790547698736191,1.2634479030966759
400,2,layer_24.mlp_down,0.02157146856188774,0.0009562763287712403,0.16190938651561737,0.10278129577636719,0.015979865845292807,0.20284857153892516,1.1536404490470886,0.8790547698736191,1.2634479030966759
400,2,layer_25.attn_o,0.005329655017703772,0.0002449841841070792,0.15510345995426178,0.10278129577636719,0.017550728283822536,0.20176924094557763,1.1536404490470886,0.8790547698736191,1.2634479030966759
400,2,layer_25.mlp_down,0.024650195613503456,0.0013382530825970585,0.03521709889173508,0.10278129577636719,0.013129324279725551,0.1119870993308723,1.1536404490470886,0.8790547698736191,1.2634479030966759
420,2,layer_0.attn_o,0.003235903102904558,0.0001587426425951492,0.1755385547876358,0.06866680830717087,0.04006484299898148,0.143128358758986,0.9375117897987366,0.8773050755262375,1.263065129518509
420,2,layer_0.mlp_down,0.010736610740423203,0.00032974217614676715,0.025314949452877045,0.06866680830717087,0.007542732544243336,0.06872460562735797,0.9375117897987366,0.8773050755262375,1.263065129518509
420,2,layer_1.attn_o,0.0031436739955097437,0.0001302582055954245,0.043531421571969986,0.06866680830717087,0.016253718174993992,0.17784867770969867,0.9375117897987366,0.8773050755262375,1.263065129518509
420,2,layer_1.mlp_down,0.01361825317144394,0.0007234967210841052,-4.642131898435764e-05,0.06866680830717087,0.0010069062247566763,0.06652387510985136,0.9375117897987366,0.8773050755262375,1.263065129518509
420,2,layer_2.attn_o,0.0032015261240303516,0.00014067707570093334,0.1256251335144043,0.06866680830717087,0.019430875731632113,0.11527566201984882,0.9375117897987366,0.8773050755262375,1.263065129518509
420,2,layer_2.mlp_down,0.014618097804486752,0.000792485670930982,0.018115481361746788,0.06866680830717087,0.0018326149554923176,0.0944978566840291,0.9375117897987366,0.8773050755262375,1.263065129518509
420,2,layer_3.attn_o,0.0030927779152989388,0.00013740637168656642,0.037162378430366516,0.06866680830717087,0.005120969843119383,0.09102759826928378,0.9375117897987366,0.8773050755262375,1.263065129518509
420,2,layer_3.mlp_down,0.013293586671352386,0.0006056779291701681,0.0045448592863976955,0.06866680830717087,-0.0029309212230145933,0.075694849062711,0.9375117897987366,0.8773050755262375,1.263065129518509
420,2,layer_4.attn_o,0.003801260609179735,0.000206699015556033,0.060637686401605606,0.06866680830717087,0.011412026640027762,0.110023457929492,0.9375117897987366,0.8773050755262375,1.263065129518509
420,2,layer_4.mlp_down,0.011288052424788475,0.00035675701726775675,0.028981229290366173,0.06866680830717087,0.008197964821010827,0.12578966245055198,0.9375117897987366,0.8773050755262375,1.263065129518509
420,2,layer_5.attn_o,0.003030897816643119,0.00011999718742731264,0.28899043798446655,0.06866680830717087,0.03187485549133271,0.3505463287234306,0.9375117897987366,0.8773050755262375,1.263065129518509
420,2,layer_5.mlp_down,0.01225095335394144,0.0004938848532816166,0.012886895798146725,0.06866680830717087,0.004822657653130591,0.06499456120654941,0.9375117897987366,0.8773050755262375,1.263065129518509
420,2,layer_6.attn_o,0.003541239071637392,0.00019260397716824152,0.005456192884594202,0.06866680830717087,0.003556393104372546,0.09239873848855495,0.9375117897987366,0.8773050755262375,1.263065129518509
420,2,layer_6.mlp_down,0.012550605461001396,0.0005368620483860658,0.028754839673638344,0.06866680830717087,0.005229128798237071,0.0976258646696806,0.9375117897987366,0.8773050755262375,1.263065129518509
420,2,layer_7.attn_o,0.002734856680035591,8.651796992657071e-05,0.025033695623278618,0.06866680830717087,0.0018794668139889836,0.15421623811125756,0.9375117897987366,0.8773050755262375,1.263065129518509
420,2,layer_7.mlp_down,0.010904619470238686,0.0003565610010726036,0.054034605622291565,0.06866680830717087,0.008195248804986477,0.13343160599470139,0.9375117897987366,0.8773050755262375,1.263065129518509
420,2,layer_8.attn_o,0.002808264223858714,8.951927269449725e-05,0.014626978896558285,0.06866680830717087,0.005393810261739418,0.15293128490448,0.9375117897987366,0.8773050755262375,1.263065129518509
420,2,layer_8.mlp_down,0.010883606038987637,0.0003528268030159169,0.04288869351148605,0.06866680830717087,0.015732207894325258,0.1685128130018711,0.9375117897987366,0.8773050755262375,1.263065129518509
420,2,layer_9.attn_o,0.002786163939163089,9.286923221224929e-05,0.023089898750185966,0.06866680830717087,0.012972063478082418,0.23976577818393707,0.9375117897987366,0.8773050755262375,1.263065129518509
420,2,layer_9.mlp_down,0.013303225859999657,0.000673874563286462,0.06335382908582687,0.06866680830717087,0.008314821124076843,0.23796093910932542,0.9375117897987366,0.8773050755262375,1.263065129518509
420,2,layer_10.attn_o,0.0034202791284769773,0.00018602977326035353,0.04216095060110092,0.06866680830717087,0.012372739473357796,0.2961900606751442,0.9375117897987366,0.8773050755262375,1.263065129518509
420,2,layer_10.mlp_down,0.010470711626112461,0.00031262541119450425,0.2313828319311142,0.06866680830717087,0.03275188067927957,0.3374726250767708,0.9375117897987366,0.8773050755262375,1.263065129518509
420,2,layer_11.attn_o,0.0030952063389122486,0.00012892847636888384,0.2137516289949417,0.06866680830717087,0.016296458430588245,0.4914685547351837,0.9375117897987366,0.8773050755262375,1.263065129518509
420,2,layer_11.mlp_down,0.014059152454137802,0.0007838348444074017,0.15566352009773254,0.06866680830717087,0.013345860235858709,0.32115229964256287,0.9375117897987366,0.8773050755262375,1.263065129518509
420,2,layer_12.attn_o,0.0030013956129550934,0.00010814604643371655,0.03015078976750374,0.06866680830717087,0.005977714713662863,0.28506084382534025,0.9375117897987366,0.8773050755262375,1.263065129518509
420,2,layer_12.mlp_down,0.011970942839980125,0.0004447505962528086,0.09779719263315201,0.06866680830717087,0.009238911932334304,0.21748404204845428,0.9375117897987366,0.8773050755262375,1.263065129518509
420,2,layer_13.attn_o,0.0034833592362701893,0.00018087012433490584,0.016383713111281395,0.06866680830717087,0.005079485638998449,0.1749694474041462,0.9375117897987366,0.8773050755262375,1.263065129518509
420,2,layer_13.mlp_down,0.01291746087372303,0.0006140782756371168,0.06557850539684296,0.06866680830717087,0.006422386039048433,0.19700128063559533,0.9375117897987366,0.8773050755262375,1.263065129518509
420,2,layer_14.attn_o,0.002946415450423956,0.00010291507934612365,0.0351211316883564,0.06866680830717087,0.008222475554794073,0.20696475878357887,0.9375117897987366,0.8773050755262375,1.263065129518509
420,2,layer_14.mlp_down,0.012656862847507,0.0005667356406749861,0.06599465012550354,0.06866680830717087,0.0063408742193132635,0.2456749275326729,0.9375117897987366,0.8773050755262375,1.263065129518509
420,2,layer_15.attn_o,0.003497038735076785,0.00019020024722336555,0.12702353298664093,0.06866680830717087,0.027787395659834145,0.34688744246959685,0.9375117897987366,0.8773050755262375,1.263065129518509
420,2,layer_15.mlp_down,0.011895202100276947,0.0004671969210345986,0.08108194172382355,0.06866680830717087,0.011031054460909217,0.1573375754058361,0.9375117897987366,0.8773050755262375,1.263065129518509
420,2,layer_16.attn_o,0.003162035020068288,0.00014124760077092286,0.049075208604335785,0.06866680830717087,0.012164319466683083,0.16374776735901833,0.9375117897987366,0.8773050755262375,1.263065129518509
420,2,layer_16.mlp_down,0.010795943439006805,0.00032887615586631115,0.08722314238548279,0.06866680830717087,0.011210295790806412,0.14585915356874465,0.9375117897987366,0.8773050755262375,1.263065129518509
420,2,layer_17.attn_o,0.0034036641009151936,0.00019713627634431531,0.055111005902290344,0.06866680830717087,0.012698696507140995,0.38669793754816056,0.9375117897987366,0.8773050755262375,1.263065129518509
420,2,layer_17.mlp_down,0.012082486413419247,0.0004895282508708173,0.08251380175352097,0.06866680830717087,0.010932527179829777,0.16032239347696303,0.9375117897987366,0.8773050755262375,1.263065129518509
420,2,layer_18.attn_o,0.0032495728228241205,0.00016867595961634032,0.01960834115743637,0.06866680830717087,0.0034643191029317677,0.2035511203110218,0.9375117897987366,0.8773050755262375,1.263065129518509
420,2,layer_18.mlp_down,0.011865198612213135,0.0004710475948960114,0.05459308251738548,0.06866680830717087,0.006752248518751003,0.20847173184156417,0.9375117897987366,0.8773050755262375,1.263065129518509
420,2,layer_19.attn_o,0.003614826360717416,0.00020787315187609717,0.02879469469189644,0.06866680830717087,0.0007285041967406869,0.1592704862356186,0.9375117897987366,0.8773050755262375,1.263065129518509
420,2,layer_19.mlp_down,0.011896851472556591,0.0004928135080778765,0.03782172128558159,0.06866680830717087,0.0005661550647346302,0.1982592098414898,0.9375117897987366,0.8773050755262375,1.263065129518509
420,2,layer_20.attn_o,0.0026747402735054493,8.732185969137394e-05,0.042858194559812546,0.06866680830717087,0.005237955691700336,0.3078873470425606,0.9375117897987366,0.8773050755262375,1.263065129518509
420,2,layer_20.mlp_down,0.013427980244159698,0.0007237745411877355,0.04439099133014679,0.06866680830717087,0.005845459236297756,0.24007198214530945,0.9375117897987366,0.8773050755262375,1.263065129518509
420,2,layer_21.attn_o,0.002708087908104062,0.00010939086005135444,0.2757954001426697,0.06866680830717087,0.03593255802989006,0.4870683133602142,0.9375117897987366,0.8773050755262375,1.263065129518509
420,2,layer_21.mlp_down,0.010824603959918022,0.00036506220596692904,0.0437793992459774,0.06866680830717087,0.0035915288666728885,0.16723488941788672,0.9375117897987366,0.8773050755262375,1.263065129518509
420,2,layer_22.attn_o,0.0026701530441641808,9.491844663928314e-05,0.0604688785970211,0.06866680830717087,0.009948878052273357,0.14645807519555093,0.9375117897987366,0.8773050755262375,1.263065129518509
420,2,layer_22.mlp_down,0.011140686459839344,0.00038785581511355076,0.054612286388874054,0.06866680830717087,0.000919813837390393,0.183774746209383,0.9375117897987366,0.8773050755262375,1.263065129518509
420,2,layer_23.attn_o,0.002937413053587079,0.00013421616924549296,0.10269373655319214,0.06866680830717087,0.0012955327285453678,0.27300921753048896,0.9375117897987366,0.8773050755262375,1.263065129518509
420,2,layer_23.mlp_down,0.01049533486366272,0.00032375194880901746,0.07796049863100052,0.06866680830717087,0.0005721374647691846,0.18787627518177033,0.9375117897987366,0.8773050755262375,1.263065129518509
420,2,layer_24.attn_o,0.0032874334137886763,0.00017183114172817016,0.13168632984161377,0.06866680830717087,0.01617759435903281,0.36515880972146986,0.9375117897987366,0.8773050755262375,1.263065129518509
420,2,layer_24.mlp_down,0.012547296471893787,0.000556228865035715,0.14643323421478271,0.06866680830717087,0.0028875348856672645,0.20180502012372017,0.9375117897987366,0.8773050755262375,1.263065129518509
420,2,layer_25.attn_o,0.0030531699303537607,0.00014034270711470919,0.17564460635185242,0.06866680830717087,-0.0016511987836565823,0.21954738199710847,0.9375117897987366,0.8773050755262375,1.263065129518509
420,2,layer_25.mlp_down,0.014343028888106346,0.000778678074108067,-0.03493529185652733,0.06866680830717087,0.00249937423504889,0.11009596697986127,0.9375117897987366,0.8773050755262375,1.263065129518509
440,2,layer_0.attn_o,0.0015321101527661085,7.516022078096657e-05,0.015923311933875084,0.06936119496822357,-0.003051779232919216,0.12548154606483877,0.9012438535690308,0.8770976141095161,1.2627833634614944
440,2,layer_0.mlp_down,0.005008118227124214,0.00015380904109662594,0.05430569127202034,0.06936119496822357,-0.0030059324606554584,0.09611736908555031,0.9012438535690308,0.8770976141095161,1.2627833634614944
440,2,layer_1.attn_o,0.001548831001855433,6.417584881906277e-05,0.5456126928329468,0.06936119496822357,-0.009241570602171123,0.16452291309833528,0.9012438535690308,0.8770976141095161,1.2627833634614944
440,2,layer_1.mlp_down,0.0066079031676054,0.0003510577537472753,0.024619126692414284,0.06936119496822357,-0.0022105212905444206,0.09257723912596702,0.9012438535690308,0.8770976141095161,1.2627833634614944
440,2,layer_2.attn_o,0.001497694873251021,6.580965667585981e-05,0.19344931840896606,0.06936119496822357,-0.002842394809704274,0.14233566001057624,0.9012438535690308,0.8770976141095161,1.2627833634614944
440,2,layer_2.mlp_down,0.006741211749613285,0.0003654586954946622,0.07542206346988678,0.06936119496822357,-0.00554270448628813,0.12529168017208575,0.9012438535690308,0.8770976141095161,1.2627833634614944
440,2,layer_3.attn_o,0.001464420580305159,6.506148325991863e-05,0.1219794973731041,0.06936119496822357,-0.004175568313803524,0.12910811454057694,0.9012438535690308,0.8770976141095161,1.2627833634614944
440,2,layer_3.mlp_down,0.006067492067813873,0.0002764449387740895,0.029641197994351387,0.06936119496822357,0.004097555950284004,0.11281062290072441,0.9012438535690308,0.8770976141095161,1.2627833634614944
440,2,layer_4.attn_o,0.0017770292470231652,9.66285224135758e-05,0.11093850433826447,0.06936119496822357,-0.0032663343008607626,0.13786461353302001,0.9012438535690308,0.8770976141095161,1.2627833634614944
440,2,layer_4.mlp_down,0.0052584027871489525,0.00016619094449066334,0.17175781726837158,0.06936119496822357,0.001080781500786543,0.18009000271558762,0.9012438535690308,0.8770976141095161,1.2627833634614944
440,2,layer_5.attn_o,0.0015613115392625332,6.181435960274904e-05,0.533748984336853,0.06936119496822357,0.014687041286379099,0.34293814599514005,0.9012438535690308,0.8770976141095161,1.2627833634614944
440,2,layer_5.mlp_down,0.005783924367278814,0.00023317305320597366,0.053477540612220764,0.06936119496822357,0.0023354438366368414,0.10860398635268212,0.9012438535690308,0.8770976141095161,1.2627833634614944
440,2,layer_6.attn_o,0.0017296007135882974,9.40710116015694e-05,0.025555213913321495,0.06936119496822357,0.0011248675531533082,0.15570056848227978,0.9012438535690308,0.8770976141095161,1.2627833634614944
440,2,layer_6.mlp_down,0.005973721854388714,0.00025553064348505036,0.07122857123613358,0.06936119496822357,0.0031989815412089228,0.16196711659431456,0.9012438535690308,0.8770976141095161,1.2627833634614944
440,2,layer_7.attn_o,0.0013459919719025493,4.258083935314478e-05,0.05298338085412979,0.06936119496822357,0.0035420649801380932,0.25808241292834283,0.9012438535690308,0.8770976141095161,1.2627833634614944
440,2,layer_7.mlp_down,0.005273635499179363,0.00017243818163590214,0.08836798369884491,0.06936119496822357,0.0017194140935316681,0.20876933634281158,0.9012438535690308,0.8770976141095161,1.2627833634614944
440,2,layer_8.attn_o,0.001396209467202425,4.4507085541043744e-05,0.03867797926068306,0.06936119496822357,-0.0011423095595091582,0.2481266014277935,0.9012438535690308,0.8770976141095161,1.2627833634614944
440,2,layer_8.mlp_down,0.0053611258044838905,0.0001737979815170154,0.051393263041973114,0.06936119496822357,-0.007619742944370955,0.2451047644019127,0.9012438535690308,0.8770976141095161,1.2627833634614944
440,2,layer_9.attn_o,0.0014627698110416532,4.875747164235461e-05,0.023279713466763496,0.06936119496822357,-0.014927139692008495,0.33106732964515684,0.9012438535690308,0.8770976141095161,1.2627833634614944
440,2,layer_9.mlp_down,0.0067504653707146645,0.0003419445173312963,0.059914086014032364,0.06936119496822357,-0.0019009382463991641,0.319506973028183,0.9012438535690308,0.8770976141095161,1.2627833634614944
440,2,layer_10.attn_o,0.001814882387407124,9.871186277963078e-05,0.03801736235618591,0.06936119496822357,-0.006929262727499008,0.4053089767694473,0.9012438535690308,0.8770976141095161,1.2627833634614944
440,2,layer_10.mlp_down,0.005352880340069532,0.00015982165082417882,0.2318502813577652,0.06936119496822357,0.017631512186926556,0.42909781336784364,0.9012438535690308,0.8770976141095161,1.2627833634614944
440,2,layer_11.attn_o,0.0017275364371016622,7.195922220342868e-05,0.1521165519952774,0.06936119496822357,0.0015116340946406126,0.5695150375366211,0.9012438535690308,0.8770976141095161,1.2627833634614944
440,2,layer_11.mlp_down,0.007230525370687246,0.00040312060995856627,0.12732365727424622,0.06936119496822357,0.004045244088047184,0.4089708775281906,0.9012438535690308,0.8770976141095161,1.2627833634614944
440,2,layer_12.attn_o,0.0016226329607889056,5.846658093485441e-05,0.02409912832081318,0.06936119496822357,-0.00444914978579618,0.392975652217865,0.9012438535690308,0.8770976141095161,1.2627833634614944
440,2,layer_12.mlp_down,0.006177903618663549,0.00022952460514703,0.07381448149681091,0.06936119496822357,0.001032613660208881,0.3006493434309959,0.9012438535690308,0.8770976141095161,1.2627833634614944
440,2,layer_13.attn_o,0.0018405053997412324,9.556648767525695e-05,0.01020264346152544,0.06936119496822357,0.0006262680981308222,0.2628621205687523,0.9012438535690308,0.8770976141095161,1.2627833634614944
440,2,layer_13.mlp_down,0.006580669432878494,0.0003128358644277071,0.0453685037791729,0.06936119496822357,0.007466973084956407,0.2636227339506149,0.9012438535690308,0.8770976141095161,1.2627833634614944
440,2,layer_14.attn_o,0.0015325344866141677,5.352975520144446e-05,0.021152721717953682,0.06936119496822357,-0.0002230949350632727,0.2877031289041042,0.9012438535690308,0.8770976141095161,1.2627833634614944
440,2,layer_14.mlp_down,0.006382924038916826,0.00028580773548463447,0.05028315261006355,0.06936119496822357,-0.0015031605027616024,0.31334032863378525,0.9012438535690308,0.8770976141095161,1.2627833634614944
440,2,layer_15.attn_o,0.0019111987203359604,0.00010394807119081158,0.11707860976457596,0.06936119496822357,0.005157850589603186,0.4350547641515732,0.9012438535690308,0.8770976141095161,1.2627833634614944
440,2,layer_15.mlp_down,0.006101710721850395,0.00023965126651113503,0.05986148118972778,0.06936119496822357,-0.00034388541243970396,0.2041727103292942,0.9012438535690308,0.8770976141095161,1.2627833634614944
440,2,layer_16.attn_o,0.001679943292401731,7.504279932921961e-05,0.040890343487262726,0.06936119496822357,0.0039473280776292086,0.2379134178161621,0.9012438535690308,0.8770976141095161,1.2627833634614944
440,2,layer_16.mlp_down,0.0055573261342942715,0.00016929248159438555,0.07730644941329956,0.06936119496822357,0.002197839063592255,0.19237139001488684,0.9012438535690308,0.8770976141095161,1.2627833634614944
440,2,layer_17.attn_o,0.0018170947441831231,0.00010524400805714666,0.04121806472539902,0.06936119496822357,5.059991963207722e-05,0.4102803871035576,0.9012438535690308,0.8770976141095161,1.2627833634614944
440,2,layer_17.mlp_down,0.006213727407157421,0.0002517523545858242,0.07279949635267258,0.06936119496822357,0.0022871701134135947,0.19440093114972115,0.9012438535690308,0.8770976141095161,1.2627833634614944
440,2,layer_18.attn_o,0.0017049495363608003,8.849901658555866e-05,0.018921177834272385,0.06936119496822357,-0.0015172420302405954,0.2545351222157478,0.9012438535690308,0.8770976141095161,1.2627833634614944
440,2,layer_18.mlp_down,0.006013903301209211,0.00023875152448289528,0.06053723394870758,0.06936119496822357,-0.004031511944776867,0.24216113835573197,0.9012438535690308,0.8770976141095161,1.2627833634614944
440,2,layer_19.attn_o,0.0018196861492469907,0.00010464234171241853,0.02854975312948227,0.06936119496822357,-0.002728375024162233,0.21168727725744246,0.9012438535690308,0.8770976141095161,1.2627833634614944
440,2,layer_19.mlp_down,0.006042614579200745,0.0002503083601373718,0.0399700328707695,0.06936119496822357,-0.004945291104377247,0.23573157638311387,0.9012438535690308,0.8770976141095161,1.2627833634614944
440,2,layer_20.attn_o,0.0013717296533286572,4.478266002458574e-05,0.03477175906300545,0.06936119496822357,-0.010629232111386954,0.35415638983249664,0.9012438535690308,0.8770976141095161,1.2627833634614944
440,2,layer_20.mlp_down,0.006701639853417873,0.00036122143667672815,0.047544099390506744,0.06936119496822357,-0.008018030785024166,0.27465322613716125,0.9012438535690308,0.8770976141095161,1.2627833634614944
440,2,layer_21.attn_o,0.0014360523782670498,5.8008089127138156e-05,0.24372732639312744,0.06936119496822357,0.010772623762022704,0.558284118771553,0.9012438535690308,0.8770976141095161,1.2627833634614944
440,2,layer_21.mlp_down,0.00539007131010294,0.00018178135694357672,0.06283748894929886,0.06936119496822357,-0.008027619845233858,0.19478007182478904,0.9012438535690308,0.8770976141095161,1.2627833634614944
440,2,layer_22.attn_o,0.0014143881853669882,5.027858975851805e-05,0.052264291793107986,0.06936119496822357,-0.008431892283260823,0.19627655744552613,0.9012438535690308,0.8770976141095161,1.2627833634614944
440,2,layer_22.mlp_down,0.005509818438440561,0.00019182076323287945,0.06797969341278076,0.06936119496822357,-0.006142692109278869,0.21680584400892258,0.9012438535690308,0.8770976141095161,1.2627833634614944
440,2,layer_23.attn_o,0.001598516246303916,7.303934555393856e-05,0.10462409257888794,0.06936119496822357,-0.008733034995384515,0.3029470920562744,0.9012438535690308,0.8770976141095161,1.2627833634614944
440,2,layer_23.mlp_down,0.0052047292701900005,0.0001605514513006489,0.07396335899829865,0.06936119496822357,-0.004118836612906307,0.24131423681974412,0.9012438535690308,0.8770976141095161,1.2627833634614944
440,2,layer_24.attn_o,0.0018168167443946004,9.496335171102245e-05,0.09654893726110458,0.06936119496822357,-0.0010747289077698951,0.450871017575264,0.9012438535690308,0.8770976141095161,1.2627833634614944
440,2,layer_24.mlp_down,0.006266378331929445,0.0002777920595403129,0.1340208351612091,0.06936119496822357,0.004106675798539072,0.2521288052201271,0.9012438535690308,0.8770976141095161,1.2627833634614944
440,2,layer_25.attn_o,0.001696743885986507,7.799291741750092e-05,0.15575948357582092,0.06936119496822357,0.008528078766539693,0.30495077520608904,0.9012438535690308,0.8770976141095161,1.2627833634614944
440,2,layer_25.mlp_down,0.007168842013925314,0.00038919383084509674,-0.03687586262822151,0.06936119496822357,-0.015529090678319335,0.17853361293673514,0.9012438535690308,0.8770976141095161,1.2627833634614944
460,2,layer_0.attn_o,0.0005805318360216916,2.8478958178688605e-05,0.1131838709115982,0.06907420605421066,-0.017616364080458878,0.18780734166502952,0.8751077830791474,0.8774843811988831,1.262122556567192
460,2,layer_0.mlp_down,0.0018097413703799248,5.558067365571521e-05,0.025800852105021477,0.06907420605421066,0.0016568459162954242,0.07340003587305546,0.8751077830791474,0.8774843811988831,1.262122556567192
460,2,layer_1.attn_o,0.0006106290966272354,2.5301430913201775e-05,0.1527317315340042,0.06907420605421066,0.010942421131767332,0.12666952647268773,0.8751077830791474,0.8774843811988831,1.262122556567192
460,2,layer_1.mlp_down,0.0021567826624959707,0.00011458328876984504,0.020822513848543167,0.06907420605421066,0.0008533399319276214,0.07363143935799599,0.8751077830791474,0.8774843811988831,1.262122556567192
460,2,layer_2.attn_o,0.0005905241705477238,2.5948004240800453e-05,0.0736677497625351,0.06907420605421066,0.0008383401902392507,0.11514105275273323,0.8751077830791474,0.8774843811988831,1.262122556567192
460,2,layer_2.mlp_down,0.0021988695953041315,0.0001192064637205355,0.0314810685813427,0.06907420605421066,-0.004548502247780561,0.10251675546169281,0.8751077830791474,0.8774843811988831,1.262122556567192
460,2,layer_3.attn_o,0.0005605921614915133,2.4906065190783468e-05,0.06901799887418747,0.06907420605421066,-0.00015241345390677453,0.10493242107331753,0.8751077830791474,0.8774843811988831,1.262122556567192
460,2,layer_3.mlp_down,0.0022323105949908495,0.00010170774990058498,0.044205114245414734,0.06907420605421066,-0.000474345893599093,0.09291236363351345,0.8751077830791474,0.8774843811988831,1.262122556567192
460,2,layer_4.attn_o,0.000730851199477911,3.9741085650696365e-05,0.08427372574806213,0.06907420605421066,0.006323715299367904,0.10619271025061608,0.8751077830791474,0.8774843811988831,1.262122556567192
460,2,layer_4.mlp_down,0.0020664280746132135,6.530911520914362e-05,0.10643815994262695,0.06907420605421066,0.006149893254041671,0.14545578360557557,0.8751077830791474,0.8774843811988831,1.262122556567192
460,2,layer_5.attn_o,0.0006662295199930668,2.637689538006643e-05,0.24790216982364655,0.06907420605421066,0.0011207204777747392,0.3139560612849891,0.8751077830791474,0.8774843811988831,1.262122556567192
460,2,layer_5.mlp_down,0.002305977512151003,9.296314087884469e-05,0.022562937811017036,0.06907420605421066,0.0012371430435450747,0.08556484803557396,0.8751077830791474,0.8774843811988831,1.262122556567192
460,2,layer_6.attn_o,0.0007480303174816072,4.06845164443473e-05,0.011039474047720432,0.06907420605421066,0.0007557854638434947,0.11833541095256805,0.8751077830791474,0.8774843811988831,1.262122556567192
460,2,layer_6.mlp_down,0.0023923860862851143,0.00010233618523212054,0.03824758902192116,0.06907420605421066,0.0009052033783518709,0.1251528561115265,0.8751077830791474,0.8774843811988831,1.262122556567192
460,2,layer_7.attn_o,0.0005748323164880276,1.818498403729329e-05,0.03305961191654205,0.06907420605421066,0.00999181717634201,0.19721832647919654,0.8751077830791474,0.8774843811988831,1.262122556567192
460,2,layer_7.mlp_down,0.002156505361199379,7.051375470284335e-05,0.06731780618429184,0.06907420605421066,0.006503239105222746,0.16414145156741142,0.8751077830791474,0.8774843811988831,1.262122556567192
460,2,layer_8.attn_o,0.0006164575461298227,1.9650868571315965e-05,0.029266158118844032,0.06907420605421066,0.007052468962501735,0.1755186326801777,0.8751077830791474,0.8774843811988831,1.262122556567192
460,2,layer_8.mlp_down,0.0022532090079039335,7.304495208490255e-05,0.04991801455616951,0.06907420605421066,0.0043640629388391975,0.20218973308801652,0.8751077830791474,0.8774843811988831,1.262122556567192
460,2,layer_9.attn_o,0.0006989715620875359,2.3298324767193928e-05,0.025911845266819,0.06907420605421066,-0.0020900767296552656,0.2658350758254528,0.8751077830791474,0.8774843811988831,1.262122556567192
460,2,layer_9.mlp_down,0.0028709459584206343,0.00014542762332302352,0.04963728412985802,0.06907420605421066,0.0078164818813093,0.27189927697181704,0.8751077830791474,0.8774843811988831,1.262122556567192
460,2,layer_10.attn_o,0.0008348199189640582,4.54060438617264e-05,0.029592880979180336,0.06907420605421066,0.003455635021236958,0.34400857537984847,0.8751077830791474,0.8774843811988831,1.262122556567192
460,2,layer_10.mlp_down,0.002331907395273447,6.962406513964256e-05,0.18829049170017242,0.06907420605421066,0.01831107041798532,0.38577193170785906,0.8751077830791474,0.8774843811988831,1.262122556567192
460,2,layer_11.attn_o,0.0008485587313771248,3.534607143005963e-05,0.11762905865907669,0.06907420605421066,0.005877550691366196,0.551217120885849,0.8751077830791474,0.8774843811988831,1.262122556567192
460,2,layer_11.mlp_down,0.0030551895033568144,0.00017033474913956328,0.16466544568538666,0.06907420605421066,0.006701534590683877,0.34991909712553027,0.8751077830791474,0.8774843811988831,1.262122556567192
460,2,layer_12.attn_o,0.0007360150921158493,2.6520036873615476e-05,0.02615274488925934,0.06907420605421066,0.0022267231717705725,0.3223634123802185,0.8751077830791474,0.8774843811988831,1.262122556567192
460,2,layer_12.mlp_down,0.0025665888097137213,9.535520776735022e-05,0.08475476503372192,0.06907420605421066,0.004006181284785271,0.24678874462842942,0.8751077830791474,0.8774843811988831,1.262122556567192
460,2,layer_13.attn_o,0.0007898584008216858,4.101264421062635e-05,0.01655428484082222,0.06907420605421066,-0.0022796922829002144,0.1993441440165043,0.8751077830791474,0.8774843811988831,1.262122556567192
460,2,layer_13.mlp_down,0.002686836989596486,0.00012772849035954224,0.055128127336502075,0.06907420605421066,0.005814771912992,0.2230946749448776,0.8751077830791474,0.8774843811988831,1.262122556567192
460,2,layer_14.attn_o,0.0006546838558278978,2.2867391789812364e-05,0.0321086086332798,0.06907420605421066,0.0026568366709398107,0.24752999395132064,0.8751077830791474,0.8774843811988831,1.262122556567192
460,2,layer_14.mlp_down,0.002596044447273016,0.0001162428875544641,0.04830601438879967,0.06907420605421066,0.0020083537558093665,0.2575829952955246,0.8751077830791474,0.8774843811988831,1.262122556567192
460,2,layer_15.attn_o,0.0008895132341422141,4.837968129841059e-05,0.11094631999731064,0.06907420605421066,0.008997112783254125,0.399207766354084,0.8751077830791474,0.8774843811988831,1.262122556567192
460,2,layer_15.mlp_down,0.0024506314657628536,9.625117828454885e-05,0.07601317763328552,0.06907420605421066,0.00339510909980163,0.1568688914179802,0.8751077830791474,0.8774843811988831,1.262122556567192
460,2,layer_16.attn_o,0.0007329602376557887,3.274121708719398e-05,0.05540212616324425,0.06907420605421066,0.004780825905618258,0.17842481136322022,0.8751077830791474,0.8774843811988831,1.262122556567192
460,2,layer_16.mlp_down,0.0022691593039780855,6.912525923804226e-05,0.08534611761569977,0.06907420605421066,0.003934362792642787,0.1489606887102127,0.8751077830791474,0.8774843811988831,1.262122556567192
460,2,layer_17.attn_o,0.0006921817548573017,4.009035985515475e-05,0.06408988684415817,0.06907420605421066,0.004371773567982018,0.3854361027479172,0.8751077830791474,0.8774843811988831,1.262122556567192
460,2,layer_17.mlp_down,0.0024700115900486708,0.00010007378710124265,0.0848022922873497,0.06907420605421066,0.002709774801041931,0.15982279404997826,0.8751077830791474,0.8774843811988831,1.262122556567192
460,2,layer_18.attn_o,0.0006456292467191815,3.351275342464516e-05,0.02871081978082657,0.06907420605421066,-0.004309655609540641,0.19083728417754173,0.8751077830791474,0.8774843811988831,1.262122556567192
460,2,layer_18.mlp_down,0.0023624475579708815,9.378899655121331e-05,0.08119292557239532,0.06907420605421066,0.0026392777101136742,0.2140546828508377,0.8751077830791474,0.8774843811988831,1.262122556567192
460,2,layer_19.attn_o,0.0007162636029534042,4.118924613864544e-05,0.05140591412782669,0.06907420605421066,0.0024968009267468004,0.15285903140902518,0.8751077830791474,0.8774843811988831,1.262122556567192
460,2,layer_19.mlp_down,0.00233061914332211,9.654321787753113e-05,0.04322730749845505,0.06907420605421066,-0.0005413513397797942,0.18835756555199623,0.8751077830791474,0.8774843811988831,1.262122556567192
460,2,layer_20.attn_o,0.0005586894694715738,1.8239454479932525e-05,0.06152966618537903,0.06907420605421066,0.000325441436143592,0.318732488155365,0.8751077830791474,0.8774843811988831,1.262122556567192
460,2,layer_20.mlp_down,0.0026438208296895027,0.00014250313074465185,0.05915882810950279,0.06907420605421066,0.0003245604690164328,0.2537339463829994,0.8751077830791474,0.8774843811988831,1.262122556567192
460,2,layer_21.attn_o,0.000612608389928937,2.4745784081993994e-05,0.24584037065505981,0.06907420605421066,0.019280034955590962,0.5198675274848938,0.8751077830791474,0.8774843811988831,1.262122556567192
460,2,layer_21.mlp_down,0.0021345955319702625,7.198971034018467e-05,0.059324830770492554,0.06907420605421066,0.002441306138643995,0.1795514315366745,0.8751077830791474,0.8774843811988831,1.262122556567192
460,2,layer_22.attn_o,0.0005699011962860823,2.0258814904850083e-05,0.04451717063784599,0.06907420605421066,0.0017049792571924628,0.16965354532003402,0.8751077830791474,0.8774843811988831,1.262122556567192
460,2,layer_22.mlp_down,0.0021984840277582407,7.653879358610245e-05,0.0648738294839859,0.06907420605421066,0.005275252234423533,0.1900920420885086,0.8751077830791474,0.8774843811988831,1.262122556567192
460,2,layer_23.attn_o,0.0006172520224936306,2.8203456717454133e-05,0.09859775006771088,0.06907420605421066,0.0118947919778293,0.2843968689441681,0.8751077830791474,0.8774843811988831,1.262122556567192
460,2,layer_23.mlp_down,0.002100469544529915,6.479365520865604e-05,0.06588965654373169,0.06907420605421066,0.004463360318914056,0.2118281751871109,0.8751077830791474,0.8774843811988831,1.262122556567192
460,2,layer_24.attn_o,0.0008204672485589981,4.2885073650202196e-05,0.11795128136873245,0.06907420605421066,0.026910822768695653,0.38658371567726135,0.8751077830791474,0.8774843811988831,1.262122556567192
460,2,layer_24.mlp_down,0.0025423786137253046,0.00011270506723786333,0.12985806167125702,0.06907420605421066,0.01049339461605996,0.2275573119521141,0.8751077830791474,0.8774843811988831,1.262122556567192
460,2,layer_25.attn_o,0.0007848041714169085,3.6074487985935156e-05,0.10761626064777374,0.06907420605421066,0.015049704723060131,0.22895933985710143,0.8751077830791474,0.8774843811988831,1.262122556567192
460,2,layer_25.mlp_down,0.0028141196817159653,0.0001527775202529315,-0.001869880361482501,0.06907420605421066,-0.006184106692671776,0.13070401847362517,0.8751077830791474,0.8774843811988831,1.262122556567192
480,2,layer_0.attn_o,0.00014008823200128973,6.872262041357e-06,0.3003726899623871,0.07659740746021271,0.019498605839908124,0.09103191541507841,1.0689642757177353,0.8766049742698669,1.2624131962656975
480,2,layer_0.mlp_down,0.0004339322913438082,1.3326903760173043e-05,0.03013613447546959,0.07659740746021271,0.007963036233559252,0.0723051137290895,1.0689642757177353,0.8766049742698669,1.2624131962656975
480,2,layer_1.attn_o,0.00014486498548649251,6.002484064833193e-06,0.4819926917552948,0.07659740746021271,0.03922155937179923,0.128025505784899,1.0689642757177353,0.8766049742698669,1.2624131962656975
480,2,layer_1.mlp_down,0.0005413079052232206,2.875803904405137e-05,0.016226451843976974,0.07659740746021271,0.0019327633213833905,0.06779098007827997,1.0689642757177353,0.8766049742698669,1.2624131962656975
480,2,layer_2.attn_o,0.00014637919957749546,6.4319942871751915e-06,0.19466783106327057,0.07659740746021271,0.014855587109923362,0.10585244819521904,1.0689642757177353,0.8766049742698669,1.2624131962656975
480,2,layer_2.mlp_down,0.0005726652452722192,3.104567862066072e-05,0.06587585061788559,0.07659740746021271,0.00854142834432423,0.09020491214469076,1.0689642757177353,0.8766049742698669,1.2624131962656975
480,2,layer_3.attn_o,0.00013694986409973353,6.084427285001445e-06,0.06785532832145691,0.07659740746021271,0.01843855504412204,0.10080468161031604,1.0689642757177353,0.8766049742698669,1.2624131962656975
480,2,layer_3.mlp_down,0.0005449076998047531,2.482689289519411e-05,0.06055993214249611,0.07659740746021271,0.008896922388521489,0.07491504456847906,1.0689642757177353,0.8766049742698669,1.2624131962656975
480,2,layer_4.attn_o,0.00017109290638472885,9.303422983665211e-06,0.07850147783756256,0.07659740746021271,0.021425796253606678,0.1016408259049058,1.0689642757177353,0.8766049742698669,1.2624131962656975
480,2,layer_4.mlp_down,0.000494705862365663,1.563509640466208e-05,0.1203383132815361,0.07659740746021271,0.008880366291850805,0.13013886231929064,1.0689642757177353,0.8766049742698669,1.2624131962656975
480,2,layer_5.attn_o,0.00015472732775378972,6.125856651685791e-06,0.5227028131484985,0.07659740746021271,0.06969366632401944,0.3185041233897209,1.0689642757177353,0.8766049742698669,1.2624131962656975
480,2,layer_5.mlp_down,0.0005435720086097717,2.1913553340357894e-05,0.05306912213563919,0.07659740746021271,0.0010191221721470357,0.08290462978184224,1.0689642757177353,0.8766049742698669,1.2624131962656975
480,2,layer_6.attn_o,0.00017601480067241937,9.573244406075342e-06,0.0068301488645374775,0.07659740746021271,0.002605307166231796,0.10993620380759239,1.0689642757177353,0.8766049742698669,1.2624131962656975
480,2,layer_6.mlp_down,0.0005628134240396321,2.4074784226436825e-05,0.03659447655081749,0.07659740746021271,0.004048556461930275,0.11250508204102516,1.0689642757177353,0.8766049742698669,1.2624131962656975
480,2,layer_7.attn_o,0.0001324150216532871,4.188986920176092e-06,0.018443653360009193,0.07659740746021271,0.005049881525337696,0.18367187567055226,1.0689642757177353,0.8766049742698669,1.2624131962656975
480,2,layer_7.mlp_down,0.0005093960789963603,1.6656313871143046e-05,0.049151815474033356,0.07659740746021271,0.005866636708378792,0.15509591363370417,1.0689642757177353,0.8766049742698669,1.2624131962656975
480,2,layer_8.attn_o,0.00015296971832867712,4.876228459104646e-06,0.011400122195482254,0.07659740746021271,-5.355589091777801e-05,0.18110096119344235,1.0689642757177353,0.8766049742698669,1.2624131962656975
480,2,layer_8.mlp_down,0.0005322041106410325,1.7253092644665938e-05,0.0229860320687294,0.07659740746021271,0.015481119372998365,0.18687439374625683,1.0689642757177353,0.8766049742698669,1.2624131962656975
480,2,layer_9.attn_o,0.00016273588698823005,5.42436023435003e-06,0.004058841150254011,0.07659740746021271,0.010173078638035803,0.2594299644231796,1.0689642757177353,0.8766049742698669,1.2624131962656975
480,2,layer_9.mlp_down,0.0006831240025348961,3.4603612036714475e-05,0.04276794567704201,0.07659740746021271,0.019398785196244717,0.24973634928464888,1.0689642757177353,0.8766049742698669,1.2624131962656975
480,2,layer_10.attn_o,0.00019783276366069913,1.0760168678307492e-05,0.027242006734013557,0.07659740746021271,0.020975154265761374,0.3179778426885605,1.0689642757177353,0.8766049742698669,1.2624131962656975
480,2,layer_10.mlp_down,0.0005470855976454914,1.6334406488283117e-05,0.18559472262859344,0.07659740746021271,0.04456505123525858,0.3479881152510643,1.0689642757177353,0.8766049742698669,1.2624131962656975
480,2,layer_11.attn_o,0.0001893560984171927,7.887484899848292e-06,0.1689138412475586,0.07659740746021271,0.05477361874654889,0.47768492102622984,1.0689642757177353,0.8766049742698669,1.2624131962656975
480,2,layer_11.mlp_down,0.00071848084917292,4.005717323622159e-05,0.16119252145290375,0.07659740746021271,0.015848400024697184,0.3213836714625359,1.0689642757177353,0.8766049742698669,1.2624131962656975
480,2,layer_12.attn_o,0.00016720284475013614,6.024639515746593e-06,0.022690191864967346,0.07659740746021271,0.009302866575308145,0.2900392755866051,1.0689642757177353,0.8766049742698669,1.2624131962656975
480,2,layer_12.mlp_down,0.0006031409720890224,2.240819896388674e-05,0.08413589745759964,0.07659740746021271,0.01544326259754598,0.21785090044140815,1.0689642757177353,0.8766049742698669,1.2624131962656975
480,2,layer_13.attn_o,0.00018354628991801292,9.530466064242516e-06,0.012324844487011433,0.07659740746021271,0.005998784839175641,0.1755109928548336,1.0689642757177353,0.8766049742698669,1.2624131962656975
480,2,layer_13.mlp_down,0.0006339868414215744,3.013885191998702e-05,0.06214184686541557,0.07659740746021271,0.008316288539208471,0.19035309180617332,1.0689642757177353,0.8766049742698669,1.2624131962656975
480,2,layer_14.attn_o,0.00015165001968853176,5.296969497995433e-06,0.02506139688193798,0.07659740746021271,0.006506029109004885,0.21114691868424415,1.0689642757177353,0.8766049742698669,1.2624131962656975
480,2,layer_14.mlp_down,0.0006156875751912594,2.7568596387791956e-05,0.06295271217823029,0.07659740746021271,0.007733155344612897,0.232583000510931,1.0689642757177353,0.8766049742698669,1.2624131962656975
480,2,layer_15.attn_o,0.00020479953673202544,1.1138829572009972e-05,0.1286386102437973,0.07659740746021271,0.031649836909491566,0.3396656461060047,1.0689642757177353,0.8766049742698669,1.2624131962656975
480,2,layer_15.mlp_down,0.0005800542421638966,2.278225227139429e-05,0.09382032603025436,0.07659740746021271,0.007519413088448346,0.14010713957250118,1.0689642757177353,0.8766049742698669,1.2624131962656975
480,2,layer_16.attn_o,0.00017004246183205396,7.59576968962227e-06,0.0635911077260971,0.07659740746021271,0.017958920705132185,0.15612738132476806,1.0689642757177353,0.8766049742698669,1.2624131962656975
480,2,layer_16.mlp_down,0.0005343466182239354,1.6277767912965113e-05,0.11095976084470749,0.07659740746021271,0.013595190504565835,0.1383037179708481,1.0689642757177353,0.8766049742698669,1.2624131962656975
480,2,layer_17.attn_o,0.0001662337308516726,9.628063789809662e-06,0.09135830402374268,0.07659740746021271,0.012739142961800098,0.35641373246908187,1.0689642757177353,0.8766049742698669,1.2624131962656975
480,2,layer_17.mlp_down,0.0005934834480285645,2.4045286453474362e-05,0.0858147069811821,0.07659740746021271,0.012469708384014667,0.14289747960865498,1.0689642757177353,0.8766049742698669,1.2624131962656975
480,2,layer_18.attn_o,0.0001542760437587276,8.008024791455593e-06,0.0257588941603899,0.07659740746021271,0.004892781842499971,0.18012194521725178,1.0689642757177353,0.8766049742698669,1.2624131962656975
480,2,layer_18.mlp_down,0.000572843593545258,2.274184907856611e-05,0.06147915497422218,0.07659740746021271,0.01162231988273561,0.18068545088171958,1.0689642757177353,0.8766049742698669,1.2624131962656975
480,2,layer_19.attn_o,0.00017225007468368858,9.905362626680971e-06,0.03632137179374695,0.07659740746021271,0.00428574478282826,0.1351739179342985,1.0689642757177353,0.8766049742698669,1.2624131962656975
480,2,layer_19.mlp_down,0.0005720184417441487,2.369520614704688e-05,0.046852607280015945,0.07659740746021271,0.007158161825736897,0.1672320134937763,1.0689642757177353,0.8766049742698669,1.2624131962656975
480,2,layer_20.attn_o,0.00013811668031848967,4.50907532939756e-06,0.06128465011715889,0.07659740746021271,0.013956976108602248,0.27264208644628524,1.0689642757177353,0.8766049742698669,1.2624131962656975
480,2,layer_20.mlp_down,0.0006412455695681274,3.4563424349118033e-05,0.06278830021619797,0.07659740746021271,0.01143365065800026,0.22285855561494827,1.0689642757177353,0.8766049742698669,1.2624131962656975
480,2,layer_21.attn_o,0.00014853333414066583,5.999875085044057e-06,0.26867982745170593,0.07659740746021271,0.01944555582012981,0.49977904856204985,1.0689642757177353,0.8766049742698669,1.2624131962656975
480,2,layer_21.mlp_down,0.0005114085506647825,1.7247367417596676e-05,0.07388003170490265,0.07659740746021271,0.010250505025032908,0.15660256296396255,1.0689642757177353,0.8766049742698669,1.2624131962656975
480,2,layer_22.attn_o,0.0001375848223688081,4.890857342028061e-06,0.064957395195961,0.07659740746021271,0.011149653675965964,0.1496204063296318,1.0689642757177353,0.8766049742698669,1.2624131962656975
480,2,layer_22.mlp_down,0.0005222706822678447,1.8182514606181733e-05,0.06680825352668762,0.07659740746021271,0.009330728091299534,0.17430117949843407,1.0689642757177353,0.8766049742698669,1.2624131962656975
480,2,layer_23.attn_o,0.00014290060789790004,6.5294093220859334e-06,0.1213880255818367,0.07659740746021271,0.009376442339271308,0.26321081817150116,1.0689642757177353,0.8766049742698669,1.2624131962656975
480,2,layer_23.mlp_down,0.0004950147704221308,1.5269831662854075e-05,0.09096331894397736,0.07659740746021271,0.011538084992207587,0.2059728093445301,1.0689642757177353,0.8766049742698669,1.2624131962656975
480,2,layer_24.attn_o,0.00019604648696258664,1.0247170800565318e-05,0.12666521966457367,0.07659740746021271,0.021543539222329856,0.3978264778852463,1.0689642757177353,0.8766049742698669,1.2624131962656975
480,2,layer_24.mlp_down,0.0006113718845881522,2.710245790609527e-05,0.1438400149345398,0.07659740746021271,0.016257891710847617,0.21307862401008607,1.0689642757177353,0.8766049742698669,1.2624131962656975
480,2,layer_25.attn_o,0.00019065910601057112,8.763880060384833e-06,0.21634678542613983,0.07659740746021271,0.024966784613206984,0.22791570499539376,1.0689642757177353,0.8766049742698669,1.2624131962656975
480,2,layer_25.mlp_down,0.0006768679595552385,3.674691203483373e-05,-0.01502112578600645,0.07659740746021271,0.004681422561407089,0.14214033000171183,1.0689642757177353,0.8766049742698669,1.2624131962656975
500,2,layer_0.attn_o,1.0578259207250085e-05,5.189341615286476e-07,-0.0021230438724160194,0.09482931345701218,0.021435628086328505,0.11202336279675365,1.1582368910312653,0.876239575445652,1.2626029551029205
500,2,layer_0.mlp_down,3.4598273487063125e-05,1.0625802002481376e-06,0.04562804102897644,0.09482931345701218,0.00459171014954336,0.09074088856577874,1.1582368910312653,0.876239575445652,1.2626029551029205
500,2,layer_1.attn_o,1.100237113860203e-05,4.558835056867289e-07,0.2921561598777771,0.09482931345701218,0.01554426085203886,0.1524599462747574,1.1582368910312653,0.876239575445652,1.2626029551029205
500,2,layer_1.mlp_down,4.3462045141495764e-05,2.3090059817213284e-06,0.00509437033906579,0.09482931345701218,0.004637850023573265,0.09258640445768833,1.1582368910312653,0.876239575445652,1.2626029551029205
500,2,layer_2.attn_o,1.054467611538712e-05,4.6333971445427884e-07,0.08590226620435715,0.09482931345701218,0.01210164031945169,0.12258426435291767,1.1582368910312653,0.876239575445652,1.2626029551029205
500,2,layer_2.mlp_down,4.414185241330415e-05,2.3930451080415134e-06,0.02061229571700096,0.09482931345701218,0.012581458361819387,0.12307760678231716,1.1582368910312653,0.876239575445652,1.2626029551029205
500,2,layer_3.attn_o,1.0204801583313383e-05,4.5338031986888777e-07,0.053035952150821686,0.09482931345701218,0.019547120889183135,0.13359106592833997,1.1582368910312653,0.876239575445652,1.2626029551029205
500,2,layer_3.mlp_down,4.2410974856466055e-05,1.93231391430059e-06,0.016323722898960114,0.09482931345701218,0.013782861246727406,0.11551740430295468,1.1582368910312653,0.876239575445652,1.2626029551029205
500,2,layer_4.attn_o,1.2641605280805379e-05,6.874054781406515e-07,0.04390085116028786,0.09482931345701218,0.030250856006750836,0.1356955785304308,1.1582368910312653,0.876239575445652,1.2626029551029205
500,2,layer_4.mlp_down,3.745533831533976e-05,1.1837697306216873e-06,0.03931204974651337,0.09482931345701218,0.023922749003395437,0.17886261492967606,1.1582368910312653,0.876239575445652,1.2626029551029205
500,2,layer_5.attn_o,1.0837585250556003e-05,4.2907413098333073e-07,0.3779934048652649,0.09482931345701218,0.11701738378033041,0.3440993830561638,1.1582368910312653,0.876239575445652,1.2626029551029205
500,2,layer_5.mlp_down,4.1630963096395135e-05,1.6783099864846973e-06,0.006127610802650452,0.09482931345701218,0.007559260760899633,0.09954083748161793,1.1582368910312653,0.876239575445652,1.2626029551029205
500,2,layer_6.attn_o,1.2712554052995984e-05,6.914213265580459e-07,0.002022616332396865,0.09482931345701218,0.005329260579310357,0.13036705292761325,1.1582368910312653,0.876239575445652,1.2626029551029205
500,2,layer_6.mlp_down,4.3225634726695716e-05,1.8490103196662446e-06,0.02447773516178131,0.09482931345701218,0.010164205078035593,0.13135167434811593,1.1582368910312653,0.876239575445652,1.2626029551029205
500,2,layer_7.attn_o,9.272284842154477e-06,2.9333137161457343e-07,0.03295997902750969,0.09482931345701218,0.010661791614256799,0.20625694915652276,1.1582368910312653,0.876239575445652,1.2626029551029205
500,2,layer_7.mlp_down,3.8875739846844226e-05,1.2711651140655257e-06,0.051317889243364334,0.09482931345701218,0.002264853578526527,0.1733650304377079,1.1582368910312653,0.876239575445652,1.2626029551029205
500,2,layer_8.attn_o,1.0936321814369876e-05,3.4861804187005546e-07,0.028958085924386978,0.09482931345701218,0.0039036380127072333,0.19796632677316667,1.1582368910312653,0.876239575445652,1.2626029551029205
500,2,layer_8.mlp_down,4.065107350470498e-05,1.3178341227711028e-06,0.051137376576662064,0.09482931345701218,0.00822674848313909,0.20917824283242226,1.1582368910312653,0.876239575445652,1.2626029551029205
500,2,layer_9.attn_o,1.2031848200422246e-05,4.01049087155722e-07,0.028623584657907486,0.09482931345701218,0.01242637038230896,0.2745042651891708,1.1582368910312653,0.876239575445652,1.2626029551029205
500,2,layer_9.mlp_down,5.038156814407557e-05,2.552075803792045e-06,0.06442417949438095,0.09482931345701218,0.012020399700850249,0.276153926551342,1.1582368910312653,0.876239575445652,1.2626029551029205
500,2,layer_10.attn_o,1.4181716323946603e-05,7.713467525292773e-07,0.036650098860263824,0.09482931345701218,0.019758912967517972,0.35193523317575454,1.1582368910312653,0.876239575445652,1.2626029551029205
500,2,layer_10.mlp_down,4.042599175591022e-05,1.2070041413536042e-06,0.27005913853645325,0.09482931345701218,0.04886158095760038,0.38784994930028915,1.1582368910312653,0.876239575445652,1.2626029551029205
500,2,layer_11.attn_o,1.2882907867606264e-05,5.366277723361408e-07,0.2333299219608307,0.09482931345701218,0.026761515322141348,0.545318940281868,1.1582368910312653,0.876239575445652,1.2626029551029205
500,2,layer_11.mlp_down,5.342017175280489e-05,2.9783133074098217e-06,0.17794911563396454,0.09482931345701218,0.017201685928739607,0.35961529016494753,1.1582368910312653,0.876239575445652,1.2626029551029205
500,2,layer_12.attn_o,1.1831125448225066e-05,4.2629816494837965e-07,0.034130703657865524,0.09482931345701218,0.016742731723934413,0.33879426717758176,1.1582368910312653,0.876239575445652,1.2626029551029205
500,2,layer_12.mlp_down,4.459153569769114e-05,1.6566873256152113e-06,0.11679528653621674,0.09482931345701218,0.011245121611864306,0.25938252806663514,1.1582368910312653,0.876239575445652,1.2626029551029205
500,2,layer_13.attn_o,1.3198904525779653e-05,6.853405303060552e-07,0.018003074452280998,0.09482931345701218,0.005711053218692541,0.21411093324422836,1.1582368910312653,0.876239575445652,1.2626029551029205
500,2,layer_13.mlp_down,4.7646732127759606e-05,2.265059320237443e-06,0.08595064282417297,0.09482931345701218,0.020021238666959106,0.22567070052027702,1.1582368910312653,0.876239575445652,1.2626029551029205
500,2,layer_14.attn_o,1.1002832252415828e-05,3.843169091063064e-07,0.03508913144469261,0.09482931345701218,0.009798777487594635,0.23838574588298797,1.1582368910312653,0.876239575445652,1.2626029551029205
500,2,layer_14.mlp_down,4.7345114580821246e-05,2.1199686454724395e-06,0.07649523764848709,0.09482931345701218,0.0158209418063052,0.2617480382323265,1.1582368910312653,0.876239575445652,1.2626029551029205
500,2,layer_15.attn_o,1.4336028471007012e-05,7.797213823143325e-07,0.15526162087917328,0.09482931345701218,0.032646496407687665,0.39185676723718643,1.1582368910312653,0.876239575445652,1.2626029551029205
500,2,layer_15.mlp_down,4.403607817948796e-05,1.7295641841792898e-06,0.09108707308769226,0.09482931345701218,0.023330823960714044,0.16196052953600884,1.1582368910312653,0.876239575445652,1.2626029551029205
500,2,layer_16.attn_o,1.2191437235742342e-05,5.445895597515264e-07,0.06608305871486664,0.09482931345701218,0.02632863949984312,0.174937804043293,1.1582368910312653,0.876239575445652,1.2626029551029205
500,2,layer_16.mlp_down,3.975828440161422e-05,1.211154153568381e-06,0.11719108372926712,0.09482931345701218,0.016310229105874895,0.15718310177326203,1.1582368910312653,0.876239575445652,1.2626029551029205
500,2,layer_17.attn_o,1.1524350156832952e-05,6.674769186591605e-07,0.11318160593509674,0.09482931345701218,0.01591912142466754,0.3948084443807602,1.1582368910312653,0.876239575445652,1.2626029551029205
500,2,layer_17.mlp_down,4.569817247102037e-05,1.851484908494153e-06,0.10495567321777344,0.09482931345701218,0.012209456809796394,0.1712802045047283,1.1582368910312653,0.876239575445652,1.2626029551029205
500,2,layer_18.attn_o,1.1222607099625748e-05,5.825331897875065e-07,0.030726296827197075,0.09482931345701218,0.0026295057614333928,0.1942282423377037,1.1582368910312653,0.876239575445652,1.2626029551029205
500,2,layer_18.mlp_down,4.488984268391505e-05,1.7821234958046462e-06,0.08433251082897186,0.09482931345701218,0.008428175607696176,0.21608384773135186,1.1582368910312653,0.876239575445652,1.2626029551029205
500,2,layer_19.attn_o,1.3817376384395175e-05,7.94578022030506e-07,0.04157441854476929,0.09482931345701218,0.0025343599263578653,0.1571016602218151,1.1582368910312653,0.876239575445652,1.2626029551029205
500,2,layer_19.mlp_down,4.5178818254498765e-05,1.8714805920525437e-06,0.06086662411689758,0.09482931345701218,0.003193064976949245,0.19783900901675225,1.1582368910312653,0.876239575445652,1.2626029551029205
500,2,layer_20.attn_o,1.0222033779427875e-05,3.337172615559629e-07,0.058905430138111115,0.09482931345701218,0.012719710124656558,0.31774383038282394,1.1582368910312653,0.876239575445652,1.2626029551029205
500,2,layer_20.mlp_down,4.980723315384239e-05,2.6846322483150007e-06,0.08470235019922256,0.09482931345701218,0.00661835542996414,0.26353560388088226,1.1582368910312653,0.876239575445652,1.2626029551029205
500,2,layer_21.attn_o,1.0693844160414301e-05,4.319685511176261e-07,0.27541202306747437,0.09482931345701218,0.02039927076548338,0.5166132718324661,1.1582368910312653,0.876239575445652,1.2626029551029205
500,2,layer_21.mlp_down,4.073898890055716e-05,1.373931485650634e-06,0.09830303490161896,0.09482931345701218,0.009806465823203325,0.18749957531690598,1.1582368910312653,0.876239575445652,1.2626029551029205
500,2,layer_22.attn_o,9.89571344689466e-06,3.5177225171403066e-07,0.0723574236035347,0.09482931345701218,0.009972769441083074,0.16548532545566558,1.1582368910312653,0.876239575445652,1.2626029551029205
500,2,layer_22.mlp_down,4.160312528256327e-05,1.448385786903261e-06,0.10348090529441833,0.09482931345701218,0.01105203984770924,0.20081062242388725,1.1582368910312653,0.876239575445652,1.2626029551029205
500,2,layer_23.attn_o,1.0739030585682485e-05,4.90687390682203e-07,0.16030678153038025,0.09482931345701218,0.01928563427645713,0.28180151134729386,1.1582368910312653,0.876239575445652,1.2626029551029205
500,2,layer_23.mlp_down,3.887155980919488e-05,1.199079724939927e-06,0.11732999980449677,0.09482931345701218,0.012785822479054331,0.21880037412047387,1.1582368910312653,0.876239575445652,1.2626029551029205
500,2,layer_24.attn_o,1.4107461538515054e-05,7.373841285672095e-07,0.1356501579284668,0.09482931345701218,0.020923170447349548,0.4041672497987747,1.1582368910312653,0.876239575445652,1.2626029551029205
500,2,layer_24.mlp_down,4.665239612222649e-05,2.0681268373551054e-06,0.18782615661621094,0.09482931345701218,0.014996742783114313,0.24410121366381646,1.1582368910312653,0.876239575445652,1.2626029551029205
500,2,layer_25.attn_o,1.3541408407036215e-05,6.224474750310236e-07,0.19268298149108887,0.09482931345701218,0.020869828946888446,0.2492242805659771,1.1582368910312653,0.876239575445652,1.2626029551029205
500,2,layer_25.mlp_down,5.193760080146603e-05,2.8196732036272836e-06,0.04074137657880783,0.09482931345701218,0.004026330832857639,0.15661494936794043,1.1582368910312653,0.876239575445652,1.2626029551029205
